customerID,actual_churn_label,predicted_probability,risk_score_0_100,risk_band,Contract,InternetService,PaymentMethod,tenure,MonthlyCharges,top_risk_driver_1,top_risk_driver_2,risk_driver_summary_short
4910-GMJOT,Yes,0.954,95,Critical,Month-to-month,Fiber optic,Electronic check,1,94.6,Month-to-month contract,Short tenure,Associated with month-to-month contract and short tenure.
8149-RSOUN,Yes,0.9539,95,Critical,Month-to-month,Fiber optic,Electronic check,1,93.85,Month-to-month contract,Short tenure,Associated with month-to-month contract and short tenure.
5178-LMXOP,Yes,0.9537,95,Critical,Month-to-month,Fiber optic,Electronic check,1,95.1,Month-to-month contract,Short tenure,Associated with month-to-month contract and short tenure.
9497-QCMMS,Yes,0.9536,95,Critical,Month-to-month,Fiber optic,Electronic check,1,93.55,Month-to-month contract,Short tenure,Associated with month-to-month contract and short tenure.
9300-AGZNL,Yes,0.9536,95,Critical,Month-to-month,Fiber optic,Electronic check,1,94.0,Month-to-month contract,Short tenure,Associated with month-to-month contract and short tenure.
0295-PPHDO,Yes,0.9535,95,Critical,Month-to-month,Fiber optic,Electronic check,1,95.45,Month-to-month contract,Short tenure,Associated with month-to-month contract and short tenure.
9282-IZGQK,Yes,0.9531,95,Critical,Month-to-month,Fiber optic,Electronic check,1,85.0,Month-to-month contract,Short tenure,Associated with month-to-month contract and short tenure.
8603-IJWDN,Yes,0.9531,95,Critical,Month-to-month,Fiber optic,Electronic check,1,86.6,Month-to-month contract,Short tenure,Associated with month-to-month contract and short tenure.
1069-XAIEM,Yes,0.9531,95,Critical,Month-to-month,Fiber optic,Electronic check,1,85.05,Month-to-month contract,Short tenure,Associated with month-to-month contract and short tenure.
5192-EBGOV,Yes,0.9529,95,Critical,Month-to-month,Fiber optic,Electronic check,1,85.7,Month-to-month contract,Short tenure,Associated with month-to-month contract and short tenure.
3068-OMWZA,Yes,0.9527,95,Critical,Month-to-month,Fiber optic,Electronic check,1,88.8,Month-to-month contract,Short tenure,Associated with month-to-month contract and short tenure.
4826-XTSOH,Yes,0.9526,95,Critical,Month-to-month,Fiber optic,Electronic check,1,86.05,Month-to-month contract,Short tenure,Associated with month-to-month contract and short tenure.
2609-IAICY,Yes,0.9524,95,Critical,Month-to-month,Fiber optic,Electronic check,1,77.15,Month-to-month contract,Short tenure,Associated with month-to-month contract and short tenure.
9248-OJYKK,Yes,0.9522,95,Critical,Month-to-month,Fiber optic,Electronic check,1,76.45,Month-to-month contract,Short tenure,Associated with month-to-month contract and short tenure.
4912-PIGUY,No,0.952,95,Critical,Month-to-month,Fiber optic,Electronic check,1,84.6,Month-to-month contract,Short tenure,Associated with month-to-month contract and short tenure.
9124-LHCJQ,Yes,0.9515,95,Critical,Month-to-month,Fiber optic,Mailed check,1,85.45,Month-to-month contract,Short tenure,Associated with month-to-month contract and short tenure.
6618-RYATB,Yes,0.9514,95,Critical,Month-to-month,Fiber optic,Mailed check,1,79.55,Month-to-month contract,Short tenure,Associated with month-to-month contract and short tenure.
6894-LFHLY,Yes,0.9506,95,Critical,Month-to-month,Fiber optic,Electronic check,1,75.75,Month-to-month contract,Short tenure,Associated with month-to-month contract and short tenure.
0495-RVCBF,Yes,0.9503,95,Critical,Month-to-month,Fiber optic,Electronic check,1,79.7,Month-to-month contract,Short tenure,Associated with month-to-month contract and short tenure.
2868-MZAGQ,Yes,0.9501,95,Critical,Month-to-month,Fiber optic,Electronic check,1,79.25,Month-to-month contract,Short tenure,Associated with month-to-month contract and short tenure.
7503-ZGUZJ,Yes,0.9499,95,Critical,Month-to-month,Fiber optic,Mailed check,1,84.65,Month-to-month contract,Short tenure,Associated with month-to-month contract and short tenure.
6567-HOOPW,Yes,0.9498,95,Critical,Month-to-month,Fiber optic,Electronic check,1,79.2,Month-to-month contract,Short tenure,Associated with month-to-month contract and short tenure.
8058-INTPH,Yes,0.9498,95,Critical,Month-to-month,Fiber optic,Electronic check,1,79.65,Month-to-month contract,Short tenure,Associated with month-to-month contract and short tenure.
6960-HVYXR,Yes,0.9496,95,Critical,Month-to-month,Fiber optic,Electronic check,1,76.0,Month-to-month contract,Short tenure,Associated with month-to-month contract and short tenure.
5494-HECPR,Yes,0.9495,95,Critical,Month-to-month,Fiber optic,Electronic check,1,80.25,Month-to-month contract,Short tenure,Associated with month-to-month contract and short tenure.
8580-AECUZ,Yes,0.9495,95,Critical,Month-to-month,Fiber optic,Electronic check,1,79.1,Month-to-month contract,Short tenure,Associated with month-to-month contract and short tenure.
9300-RENDD,Yes,0.9495,95,Critical,Month-to-month,Fiber optic,Electronic check,1,79.95,Month-to-month contract,Short tenure,Associated with month-to-month contract and short tenure.
2514-GINMM,Yes,0.9495,95,Critical,Month-to-month,Fiber optic,Electronic check,1,79.5,Month-to-month contract,Short tenure,Associated with month-to-month contract and short tenure.
1761-AEZZR,Yes,0.9495,95,Critical,Month-to-month,Fiber optic,Electronic check,1,79.55,Month-to-month contract,Short tenure,Associated with month-to-month contract and short tenure.
5960-WPXQM,Yes,0.9495,95,Critical,Month-to-month,Fiber optic,Electronic check,1,79.05,Month-to-month contract,Short tenure,Associated with month-to-month contract and short tenure.
8740-CRYFY,Yes,0.9495,95,Critical,Month-to-month,Fiber optic,Electronic check,1,78.95,Month-to-month contract,Short tenure,Associated with month-to-month contract and short tenure.
7120-RFMVS,Yes,0.9492,95,Critical,Month-to-month,Fiber optic,Electronic check,1,84.5,Month-to-month contract,Short tenure,Associated with month-to-month contract and short tenure.
6230-BSUXY,Yes,0.9492,95,Critical,Month-to-month,Fiber optic,Electronic check,1,85.0,Month-to-month contract,Short tenure,Associated with month-to-month contract and short tenure.
3988-RQIXO,Yes,0.9486,95,Critical,Month-to-month,Fiber optic,Electronic check,1,91.3,Month-to-month contract,Short tenure,Associated with month-to-month contract and short tenure.
5597-GLBUC,Yes,0.9486,95,Critical,Month-to-month,Fiber optic,Electronic check,1,85.45,Month-to-month contract,Short tenure,Associated with month-to-month contract and short tenure.
6521-YYTYI,Yes,0.9485,95,Critical,Month-to-month,Fiber optic,Electronic check,1,93.3,Month-to-month contract,Short tenure,Associated with month-to-month contract and short tenure.
2004-OCQXK,Yes,0.9483,95,Critical,Month-to-month,Fiber optic,Electronic check,1,81.95,Month-to-month contract,Short tenure,Associated with month-to-month contract and short tenure.
4614-NUVZD,Yes,0.9483,95,Critical,Month-to-month,Fiber optic,Electronic check,1,81.1,Month-to-month contract,Short tenure,Associated with month-to-month contract and short tenure.
1415-YFWLT,Yes,0.9483,95,Critical,Month-to-month,Fiber optic,Electronic check,1,89.3,Month-to-month contract,Short tenure,Associated with month-to-month contract and short tenure.
3722-WPXTK,Yes,0.9482,95,Critical,Month-to-month,Fiber optic,Electronic check,1,88.35,Month-to-month contract,Short tenure,Associated with month-to-month contract and short tenure.
1455-ESIQH,Yes,0.9482,95,Critical,Month-to-month,Fiber optic,Electronic check,1,89.1,Month-to-month contract,Short tenure,Associated with month-to-month contract and short tenure.
9507-EXLTT,Yes,0.9481,95,Critical,Month-to-month,Fiber optic,Bank transfer (automatic),1,79.35,Month-to-month contract,Short tenure,Associated with month-to-month contract and short tenure.
7439-DKZTW,No,0.9479,95,Critical,Month-to-month,Fiber optic,Electronic check,1,80.55,Month-to-month contract,Short tenure,Associated with month-to-month contract and short tenure.
3049-NDXFL,Yes,0.9479,95,Critical,Month-to-month,Fiber optic,Mailed check,1,85.8,Month-to-month contract,Short tenure,Associated with month-to-month contract and short tenure.
1285-OKIPP,Yes,0.9476,95,Critical,Month-to-month,Fiber optic,Electronic check,1,79.9,Month-to-month contract,Short tenure,Associated with month-to-month contract and short tenure.
8375-DKEBR,Yes,0.9476,95,Critical,Month-to-month,Fiber optic,Electronic check,1,69.6,Month-to-month contract,Short tenure,Associated with month-to-month contract and short tenure.
5539-TMZLF,Yes,0.9476,95,Critical,Month-to-month,Fiber optic,Electronic check,1,69.75,Month-to-month contract,Short tenure,Associated with month-to-month contract and short tenure.
2636-ALXXZ,Yes,0.9476,95,Critical,Month-to-month,Fiber optic,Electronic check,1,69.6,Month-to-month contract,Short tenure,Associated with month-to-month contract and short tenure.
4510-HIMLV,Yes,0.9476,95,Critical,Month-to-month,Fiber optic,Electronic check,1,69.8,Month-to-month contract,Short tenure,Associated with month-to-month contract and short tenure.
7665-TOALD,Yes,0.9476,95,Critical,Month-to-month,Fiber optic,Electronic check,1,69.6,Month-to-month contract,Short tenure,Associated with month-to-month contract and short tenure.
8062-YBDOE,Yes,0.9476,95,Critical,Month-to-month,Fiber optic,Electronic check,1,69.65,Month-to-month contract,Short tenure,Associated with month-to-month contract and short tenure.
5393-RXQSZ,Yes,0.9476,95,Critical,Month-to-month,Fiber optic,Electronic check,1,79.6,Month-to-month contract,Short tenure,Associated with month-to-month contract and short tenure.
4871-JTKJF,Yes,0.9476,95,Critical,Month-to-month,Fiber optic,Electronic check,1,69.65,Month-to-month contract,Short tenure,Associated with month-to-month contract and short tenure.
2202-CUYXZ,Yes,0.9476,95,Critical,Month-to-month,Fiber optic,Electronic check,1,84.85,Month-to-month contract,Short tenure,Associated with month-to-month contract and short tenure.
7254-IQWOZ,Yes,0.9476,95,Critical,Month-to-month,Fiber optic,Electronic check,1,69.65,Month-to-month contract,Short tenure,Associated with month-to-month contract and short tenure.
6502-MJQAE,Yes,0.9476,95,Critical,Month-to-month,Fiber optic,Electronic check,1,69.6,Month-to-month contract,Short tenure,Associated with month-to-month contract and short tenure.
0970-ETWGE,Yes,0.9475,95,Critical,Month-to-month,Fiber optic,Electronic check,1,89.55,Month-to-month contract,Short tenure,Associated with month-to-month contract and short tenure.
3027-ZTDHO,Yes,0.9475,95,Critical,Month-to-month,Fiber optic,Electronic check,1,89.9,Month-to-month contract,Short tenure,Associated with month-to-month contract and short tenure.
6857-VWJDT,Yes,0.9475,95,Critical,Month-to-month,Fiber optic,Mailed check,1,95.65,Month-to-month contract,Short tenure,Associated with month-to-month contract and short tenure.
7274-RTAPZ,Yes,0.9475,95,Critical,Month-to-month,Fiber optic,Electronic check,1,90.55,Month-to-month contract,Short tenure,Associated with month-to-month contract and short tenure.
7216-EWTRS,Yes,0.9474,95,Critical,Month-to-month,Fiber optic,Electronic check,1,100.8,Month-to-month contract,Short tenure,Associated with month-to-month contract and short tenure.
2867-UIMSS,Yes,0.9473,95,Critical,Month-to-month,Fiber optic,Electronic check,1,80.5,Month-to-month contract,Short tenure,Associated with month-to-month contract and short tenure.
7577-SWIFR,No,0.9472,95,Critical,Month-to-month,Fiber optic,Electronic check,1,89.25,Month-to-month contract,Short tenure,Associated with month-to-month contract and short tenure.
9019-QVLZD,Yes,0.947,95,Critical,Month-to-month,Fiber optic,Electronic check,1,79.55,Month-to-month contract,Short tenure,Associated with month-to-month contract and short tenure.
0318-QUUOB,Yes,0.947,95,Critical,Month-to-month,Fiber optic,Electronic check,1,80.55,Month-to-month contract,Short tenure,Associated with month-to-month contract and short tenure.
4550-EVXNY,Yes,0.9468,95,Critical,Month-to-month,Fiber optic,Electronic check,1,69.65,Month-to-month contract,Short tenure,Associated with month-to-month contract and short tenure.
2725-KXXWT,Yes,0.9467,95,Critical,Month-to-month,Fiber optic,Electronic check,1,90.75,Month-to-month contract,Short tenure,Associated with month-to-month contract and short tenure.
4603-JANFB,Yes,0.9467,95,Critical,Month-to-month,Fiber optic,Electronic check,1,69.85,Month-to-month contract,Short tenure,Associated with month-to-month contract and short tenure.
5550-VFRLC,Yes,0.9467,95,Critical,Month-to-month,Fiber optic,Electronic check,1,69.85,Month-to-month contract,Short tenure,Associated with month-to-month contract and short tenure.
5419-JPRRN,Yes,0.9467,95,Critical,Month-to-month,Fiber optic,Electronic check,1,101.45,Month-to-month contract,Short tenure,Associated with month-to-month contract and short tenure.
1820-TQVEV,Yes,0.9465,95,Critical,Month-to-month,Fiber optic,Electronic check,1,69.55,Month-to-month contract,Short tenure,Associated with month-to-month contract and short tenure.
7206-GZCDC,Yes,0.9465,95,Critical,Month-to-month,Fiber optic,Electronic check,1,69.25,Month-to-month contract,Short tenure,Associated with month-to-month contract and short tenure.
3428-XZMAZ,Yes,0.9465,95,Critical,Month-to-month,Fiber optic,Electronic check,1,69.35,Month-to-month contract,Short tenure,Associated with month-to-month contract and short tenure.
0488-GSLFR,Yes,0.9465,95,Critical,Month-to-month,Fiber optic,Electronic check,1,69.5,Month-to-month contract,Short tenure,Associated with month-to-month contract and short tenure.
6457-GIRWB,Yes,0.9465,95,Critical,Month-to-month,Fiber optic,Electronic check,1,69.35,Month-to-month contract,Short tenure,Associated with month-to-month contract and short tenure.
9728-FTTVZ,Yes,0.9464,95,Critical,Month-to-month,Fiber optic,Electronic check,1,69.2,Month-to-month contract,Short tenure,Associated with month-to-month contract and short tenure.
7660-HDPJV,Yes,0.9464,95,Critical,Month-to-month,Fiber optic,Electronic check,1,69.2,Month-to-month contract,Short tenure,Associated with month-to-month contract and short tenure.
5834-ASPWA,Yes,0.9462,95,Critical,Month-to-month,Fiber optic,Electronic check,1,75.45,Month-to-month contract,Short tenure,Associated with month-to-month contract and short tenure.
5134-IKDAY,Yes,0.9462,95,Critical,Month-to-month,Fiber optic,Electronic check,1,69.8,Month-to-month contract,Short tenure,Associated with month-to-month contract and short tenure.
7594-RQHXR,Yes,0.9461,95,Critical,Month-to-month,Fiber optic,Electronic check,1,79.6,Month-to-month contract,Short tenure,Associated with month-to-month contract and short tenure.
2777-PHDEI,Yes,0.9461,95,Critical,Month-to-month,Fiber optic,Electronic check,1,78.05,Month-to-month contract,Short tenure,Associated with month-to-month contract and short tenure.
6457-USBER,Yes,0.9461,95,Critical,Month-to-month,Fiber optic,Electronic check,1,80.8,Month-to-month contract,Short tenure,Associated with month-to-month contract and short tenure.
6910-HADCM,Yes,0.946,95,Critical,Month-to-month,Fiber optic,Electronic check,1,76.35,Month-to-month contract,Short tenure,Associated with month-to-month contract and short tenure.
3716-BDVDB,Yes,0.9459,95,Critical,Month-to-month,Fiber optic,Electronic check,1,69.1,Month-to-month contract,Short tenure,Associated with month-to-month contract and short tenure.
2506-TNFCO,Yes,0.9459,95,Critical,Month-to-month,Fiber optic,Electronic check,1,69.55,Month-to-month contract,Short tenure,Associated with month-to-month contract and short tenure.
7294-TMAOP,Yes,0.9458,95,Critical,Month-to-month,Fiber optic,Electronic check,1,90.55,Month-to-month contract,Short tenure,Associated with month-to-month contract and short tenure.
5797-APWZC,Yes,0.9458,95,Critical,Month-to-month,Fiber optic,Electronic check,1,90.6,Month-to-month contract,Short tenure,Associated with month-to-month contract and short tenure.
9223-UCPVT,Yes,0.9458,95,Critical,Month-to-month,Fiber optic,Electronic check,1,94.4,Month-to-month contract,Short tenure,Associated with month-to-month contract and short tenure.
1447-GIQMR,Yes,0.9458,95,Critical,Month-to-month,Fiber optic,Electronic check,1,69.15,Month-to-month contract,Short tenure,Associated with month-to-month contract and short tenure.
6372-RFVNS,Yes,0.9455,95,Critical,Month-to-month,Fiber optic,Electronic check,1,78.8,Month-to-month contract,Short tenure,Associated with month-to-month contract and short tenure.
5186-SAMNZ,Yes,0.9454,95,Critical,Month-to-month,Fiber optic,Bank transfer (automatic),1,69.5,Month-to-month contract,Short tenure,Associated with month-to-month contract and short tenure.
9444-JTXHZ,Yes,0.9452,95,Critical,Month-to-month,Fiber optic,Electronic check,1,76.2,Month-to-month contract,Short tenure,Associated with month-to-month contract and short tenure.
9787-XVQIU,Yes,0.9451,95,Critical,Month-to-month,Fiber optic,Electronic check,1,75.3,Month-to-month contract,Short tenure,Associated with month-to-month contract and short tenure.
4988-IQIGL,Yes,0.9451,95,Critical,Month-to-month,Fiber optic,Electronic check,1,75.35,Month-to-month contract,Short tenure,Associated with month-to-month contract and short tenure.
0679-IDSTG,Yes,0.945,94,Critical,Month-to-month,Fiber optic,Electronic check,1,69.25,Month-to-month contract,Short tenure,Associated with month-to-month contract and short tenure.
7493-TPUWZ,Yes,0.945,94,Critical,Month-to-month,Fiber optic,Electronic check,1,79.15,Month-to-month contract,Short tenure,Associated with month-to-month contract and short tenure.
9885-CSMWE,Yes,0.9448,94,Critical,Month-to-month,Fiber optic,Electronic check,1,78.45,Month-to-month contract,Short tenure,Associated with month-to-month contract and short tenure.
5919-TMRGD,Yes,0.9447,94,Critical,Month-to-month,Fiber optic,Electronic check,1,79.35,Month-to-month contract,Short tenure,Associated with month-to-month contract and short tenure.
8816-VXNZD,Yes,0.9444,94,Critical,Month-to-month,Fiber optic,Electronic check,1,75.1,Month-to-month contract,Short tenure,Associated with month-to-month contract and short tenure.
4806-HIPDW,Yes,0.9443,94,Critical,Month-to-month,Fiber optic,Electronic check,1,68.95,Month-to-month contract,Short tenure,Associated with month-to-month contract and short tenure.
4844-JJWUY,Yes,0.9442,94,Critical,Month-to-month,Fiber optic,Electronic check,1,86.0,Month-to-month contract,Short tenure,Associated with month-to-month contract and short tenure.
1452-VOQCH,No,0.9441,94,Critical,Month-to-month,Fiber optic,Electronic check,1,75.1,Month-to-month contract,Short tenure,Associated with month-to-month contract and short tenure.
8775-LHDJH,Yes,0.9441,94,Critical,Month-to-month,Fiber optic,Electronic check,1,90.6,Month-to-month contract,Short tenure,Associated with month-to-month contract and short tenure.
5275-SQEIZ,Yes,0.944,94,Critical,Month-to-month,Fiber optic,Mailed check,1,80.85,Month-to-month contract,Short tenure,Associated with month-to-month contract and short tenure.
7908-QCBCA,Yes,0.9438,94,Critical,Month-to-month,Fiber optic,Mailed check,1,69.4,Month-to-month contract,Short tenure,Associated with month-to-month contract and short tenure.
8945-GRKHX,Yes,0.9436,94,Critical,Month-to-month,Fiber optic,Electronic check,1,78.65,Month-to-month contract,Short tenure,Associated with month-to-month contract and short tenure.
4273-MBHYA,No,0.9432,94,Critical,Month-to-month,Fiber optic,Electronic check,1,89.35,Month-to-month contract,Short tenure,Associated with month-to-month contract and short tenure.
1628-BIZYP,No,0.9432,94,Critical,Month-to-month,Fiber optic,Electronic check,1,85.0,Month-to-month contract,Short tenure,Associated with month-to-month contract and short tenure.
0107-YHINA,Yes,0.9427,94,Critical,Month-to-month,Fiber optic,Electronic check,1,99.75,Month-to-month contract,Short tenure,Associated with month-to-month contract and short tenure.
0742-NXBGR,Yes,0.9427,94,Critical,Month-to-month,Fiber optic,Electronic check,1,82.3,Month-to-month contract,Short tenure,Associated with month-to-month contract and short tenure.
1448-PWKYE,Yes,0.9425,94,Critical,Month-to-month,Fiber optic,Electronic check,1,80.0,Month-to-month contract,Short tenure,Associated with month-to-month contract and short tenure.
9725-SCPZG,Yes,0.9425,94,Critical,Month-to-month,Fiber optic,Electronic check,1,90.85,Month-to-month contract,Short tenure,Associated with month-to-month contract and short tenure.
5196-SGOAK,Yes,0.9423,94,Critical,Month-to-month,Fiber optic,Electronic check,1,75.7,Month-to-month contract,Short tenure,Associated with month-to-month contract and short tenure.
1157-BQCUW,Yes,0.942,94,Critical,Month-to-month,Fiber optic,Electronic check,1,74.95,Month-to-month contract,Short tenure,Associated with month-to-month contract and short tenure.
3276-HDUEG,Yes,0.9419,94,Critical,Month-to-month,Fiber optic,Mailed check,1,75.05,Month-to-month contract,Short tenure,Associated with month-to-month contract and short tenure.
6358-LYNGM,Yes,0.9418,94,Critical,Month-to-month,Fiber optic,Electronic check,1,74.9,Month-to-month contract,Short tenure,Associated with month-to-month contract and short tenure.
2254-DLXRI,No,0.9416,94,Critical,Month-to-month,Fiber optic,Mailed check,1,79.15,Month-to-month contract,Short tenure,Associated with month-to-month contract and short tenure.
8821-XNHVZ,Yes,0.9416,94,Critical,Month-to-month,Fiber optic,Mailed check,1,80.05,Month-to-month contract,Short tenure,Associated with month-to-month contract and short tenure.
1941-HOSAM,No,0.9416,94,Critical,Month-to-month,Fiber optic,Electronic check,1,90.1,Month-to-month contract,Short tenure,Associated with month-to-month contract and short tenure.
0137-OCGAB,Yes,0.9414,94,Critical,Month-to-month,Fiber optic,Mailed check,1,80.2,Month-to-month contract,Short tenure,Associated with month-to-month contract and short tenure.
5564-NEMQO,Yes,0.9413,94,Critical,Month-to-month,Fiber optic,Bank transfer (automatic),1,75.3,Month-to-month contract,Short tenure,Associated with month-to-month contract and short tenure.
3871-IKPYH,Yes,0.9411,94,Critical,Month-to-month,Fiber optic,Electronic check,1,69.1,Month-to-month contract,Short tenure,Associated with month-to-month contract and short tenure.
0723-DRCLG,Yes,0.9406,94,Critical,Month-to-month,Fiber optic,Electronic check,1,74.45,Month-to-month contract,Short tenure,Associated with month-to-month contract and short tenure.
5240-IJOQT,Yes,0.9405,94,Critical,Month-to-month,Fiber optic,Electronic check,1,74.7,Month-to-month contract,Short tenure,Associated with month-to-month contract and short tenure.
2018-QKYGT,No,0.9405,94,Critical,Month-to-month,Fiber optic,Electronic check,1,81.05,Month-to-month contract,Short tenure,Associated with month-to-month contract and short tenure.
4415-IJZTP,Yes,0.9405,94,Critical,Month-to-month,Fiber optic,Electronic check,1,74.5,Month-to-month contract,Short tenure,Associated with month-to-month contract and short tenure.
4102-OQUPX,Yes,0.9404,94,Critical,Month-to-month,Fiber optic,Electronic check,1,74.4,Month-to-month contract,Short tenure,Associated with month-to-month contract and short tenure.
3551-HUAZH,Yes,0.9403,94,Critical,Month-to-month,Fiber optic,Electronic check,1,74.4,Month-to-month contract,Short tenure,Associated with month-to-month contract and short tenure.
4501-EQDRN,Yes,0.9402,94,Critical,Month-to-month,Fiber optic,Bank transfer (automatic),1,69.7,Month-to-month contract,Short tenure,Associated with month-to-month contract and short tenure.
1084-UQCHV,Yes,0.9399,94,Critical,Month-to-month,Fiber optic,Bank transfer (automatic),1,69.75,Month-to-month contract,Short tenure,Associated with month-to-month contract and short tenure.
3296-SILRA,Yes,0.9393,94,Critical,Month-to-month,Fiber optic,Mailed check,1,76.4,Month-to-month contract,Short tenure,Associated with month-to-month contract and short tenure.
2982-IHMFT,Yes,0.9391,94,Critical,Month-to-month,Fiber optic,Mailed check,1,74.45,Month-to-month contract,Short tenure,Associated with month-to-month contract and short tenure.
5875-YPQFJ,Yes,0.939,94,Critical,Month-to-month,Fiber optic,Electronic check,1,69.9,Month-to-month contract,Short tenure,Associated with month-to-month contract and short tenure.
9804-ICWBG,Yes,0.939,94,Critical,Month-to-month,Fiber optic,Electronic check,1,69.9,Month-to-month contract,Short tenure,Associated with month-to-month contract and short tenure.
5542-TBBWB,No,0.939,94,Critical,Month-to-month,Fiber optic,Electronic check,1,69.9,Month-to-month contract,Short tenure,Associated with month-to-month contract and short tenure.
1086-LXKFY,Yes,0.939,94,Critical,Month-to-month,Fiber optic,Mailed check,1,69.1,Month-to-month contract,Short tenure,Associated with month-to-month contract and short tenure.
0021-IKXGC,No,0.9387,94,Critical,Month-to-month,Fiber optic,Electronic check,1,72.1,Month-to-month contract,Short tenure,Associated with month-to-month contract and short tenure.
3746-EUBYR,Yes,0.9387,94,Critical,Month-to-month,Fiber optic,Bank transfer (automatic),1,74.6,Month-to-month contract,Short tenure,Associated with month-to-month contract and short tenure.
6996-KNSML,Yes,0.9387,94,Critical,Month-to-month,Fiber optic,Electronic check,1,74.9,Month-to-month contract,Short tenure,Associated with month-to-month contract and short tenure.
6513-EECDB,Yes,0.9386,94,Critical,Month-to-month,Fiber optic,Electronic check,1,73.55,Month-to-month contract,Short tenure,Associated with month-to-month contract and short tenure.
8473-VUVJN,Yes,0.9385,94,Critical,Month-to-month,Fiber optic,Electronic check,1,73.65,Month-to-month contract,Short tenure,Associated with month-to-month contract and short tenure.
5884-GCYMI,Yes,0.9384,94,Critical,Month-to-month,Fiber optic,Mailed check,1,69.4,Month-to-month contract,Short tenure,Associated with month-to-month contract and short tenure.
4110-PFEUZ,Yes,0.9381,94,Critical,Month-to-month,Fiber optic,Mailed check,1,69.55,Month-to-month contract,Short tenure,Associated with month-to-month contract and short tenure.
1833-VGRUM,Yes,0.938,94,Critical,Month-to-month,Fiber optic,Electronic check,1,74.2,Month-to-month contract,Short tenure,Associated with month-to-month contract and short tenure.
5043-TRZWM,No,0.9379,94,Critical,Month-to-month,Fiber optic,Electronic check,1,75.55,Month-to-month contract,Short tenure,Associated with month-to-month contract and short tenure.
3801-HMYNL,Yes,0.9373,94,Critical,Month-to-month,Fiber optic,Mailed check,1,89.15,Month-to-month contract,Short tenure,Associated with month-to-month contract and short tenure.
7180-PISOG,Yes,0.9372,94,Critical,Month-to-month,Fiber optic,Electronic check,1,74.5,Month-to-month contract,Short tenure,Associated with month-to-month contract and short tenure.
3707-GNWHM,Yes,0.9369,94,Critical,Month-to-month,Fiber optic,Mailed check,1,74.25,Month-to-month contract,Short tenure,Associated with month-to-month contract and short tenure.
7595-EUIVN,Yes,0.9368,94,Critical,Month-to-month,Fiber optic,Electronic check,1,75.8,Month-to-month contract,Short tenure,Associated with month-to-month contract and short tenure.
9940-RHLFB,Yes,0.9368,94,Critical,Month-to-month,Fiber optic,Electronic check,1,75.3,Month-to-month contract,Short tenure,Associated with month-to-month contract and short tenure.
2013-SGDXK,Yes,0.9363,94,Critical,Month-to-month,Fiber optic,Electronic check,1,84.3,Month-to-month contract,Short tenure,Associated with month-to-month contract and short tenure.
1062-LHZOD,Yes,0.936,94,Critical,Month-to-month,Fiber optic,Mailed check,1,69.9,Month-to-month contract,Short tenure,Associated with month-to-month contract and short tenure.
8372-JUXUI,Yes,0.9359,94,Critical,Month-to-month,Fiber optic,Electronic check,1,74.35,Month-to-month contract,Short tenure,Associated with month-to-month contract and short tenure.
8000-REIQB,Yes,0.9359,94,Critical,Month-to-month,Fiber optic,Electronic check,1,69.95,Month-to-month contract,Short tenure,Associated with month-to-month contract and short tenure.
8644-XLFBW,Yes,0.9354,94,Critical,Month-to-month,Fiber optic,Electronic check,1,71.65,Month-to-month contract,Short tenure,Associated with month-to-month contract and short tenure.
3878-AVSOQ,No,0.9352,94,Critical,Month-to-month,Fiber optic,Electronic check,1,71.25,Month-to-month contract,Short tenure,Associated with month-to-month contract and short tenure.
9488-HGMJH,Yes,0.9352,94,Critical,Month-to-month,Fiber optic,Electronic check,1,71.15,Month-to-month contract,Short tenure,Associated with month-to-month contract and short tenure.
1031-IIDEO,Yes,0.9352,94,Critical,Month-to-month,Fiber optic,Electronic check,1,70.85,Month-to-month contract,Short tenure,Associated with month-to-month contract and short tenure.
2024-BASKD,Yes,0.9348,93,Critical,Month-to-month,Fiber optic,Mailed check,1,74.6,Month-to-month contract,Short tenure,Associated with month-to-month contract and short tenure.
2856-HYAPG,Yes,0.9348,93,Critical,Month-to-month,Fiber optic,Electronic check,1,68.65,Month-to-month contract,Short tenure,Associated with month-to-month contract and short tenure.
3066-RRJIO,Yes,0.9345,93,Critical,Month-to-month,Fiber optic,Mailed check,1,69.95,Month-to-month contract,Short tenure,Associated with month-to-month contract and short tenure.
1853-UDXBW,Yes,0.9345,93,Critical,Month-to-month,Fiber optic,Electronic check,1,70.0,Month-to-month contract,Short tenure,Associated with month-to-month contract and short tenure.
8380-PEFPE,Yes,0.9343,93,Critical,Month-to-month,Fiber optic,Electronic check,1,71.65,Month-to-month contract,Short tenure,Associated with month-to-month contract and short tenure.
6140-QNRQQ,Yes,0.934,93,Critical,Month-to-month,Fiber optic,Mailed check,1,71.55,Month-to-month contract,Short tenure,Associated with month-to-month contract and short tenure.
7409-KIUTL,Yes,0.934,93,Critical,Month-to-month,Fiber optic,Electronic check,1,71.0,Month-to-month contract,Short tenure,Associated with month-to-month contract and short tenure.
8042-JVNFH,Yes,0.934,93,Critical,Month-to-month,Fiber optic,Mailed check,1,71.35,Month-to-month contract,Short tenure,Associated with month-to-month contract and short tenure.
5054-IEXZT,Yes,0.9337,93,Critical,Month-to-month,Fiber optic,Electronic check,1,75.35,Month-to-month contract,Short tenure,Associated with month-to-month contract and short tenure.
0968-GSIKN,Yes,0.9337,93,Critical,Month-to-month,Fiber optic,Mailed check,1,70.8,Month-to-month contract,Short tenure,Associated with month-to-month contract and short tenure.
3422-LYEPQ,Yes,0.9332,93,Critical,Month-to-month,Fiber optic,Electronic check,1,71.0,Month-to-month contract,Short tenure,Associated with month-to-month contract and short tenure.
3494-JCHRQ,Yes,0.9331,93,Critical,Month-to-month,Fiber optic,Electronic check,1,70.05,Month-to-month contract,Short tenure,Associated with month-to-month contract and short tenure.
8775-ERLNB,No,0.9331,93,Critical,Month-to-month,Fiber optic,Electronic check,1,74.3,Month-to-month contract,Short tenure,Associated with month-to-month contract and short tenure.
8051-HJRLT,Yes,0.9331,93,Critical,Month-to-month,Fiber optic,Electronic check,1,70.55,Month-to-month contract,Short tenure,Associated with month-to-month contract and short tenure.
9603-OAIHC,No,0.9331,93,Critical,Month-to-month,Fiber optic,Electronic check,1,70.05,Month-to-month contract,Short tenure,Associated with month-to-month contract and short tenure.
5376-DEQCP,Yes,0.9331,93,Critical,Month-to-month,Fiber optic,Electronic check,1,70.6,Month-to-month contract,Short tenure,Associated with month-to-month contract and short tenure.
4702-IOQDC,Yes,0.9327,93,Critical,Month-to-month,Fiber optic,Electronic check,1,70.1,Month-to-month contract,Short tenure,Associated with month-to-month contract and short tenure.
0328-GRPMV,Yes,0.9327,93,Critical,Month-to-month,Fiber optic,Electronic check,1,70.1,Month-to-month contract,Short tenure,Associated with month-to-month contract and short tenure.
6416-TVAIH,Yes,0.9326,93,Critical,Month-to-month,Fiber optic,Electronic check,1,68.5,Month-to-month contract,Short tenure,Associated with month-to-month contract and short tenure.
7465-ZZRVX,No,0.9325,93,Critical,Month-to-month,Fiber optic,Electronic check,1,70.35,Month-to-month contract,Short tenure,Associated with month-to-month contract and short tenure.
3765-JXVKY,Yes,0.9325,93,Critical,Month-to-month,Fiber optic,Electronic check,1,74.7,Month-to-month contract,Short tenure,Associated with month-to-month contract and short tenure.
6653-CBBOM,Yes,0.9325,93,Critical,Month-to-month,Fiber optic,Electronic check,1,70.3,Month-to-month contract,Short tenure,Associated with month-to-month contract and short tenure.
2446-PLQVO,Yes,0.9325,93,Critical,Month-to-month,Fiber optic,Electronic check,1,70.3,Month-to-month contract,Short tenure,Associated with month-to-month contract and short tenure.
1846-XWOQN,Yes,0.9323,93,Critical,Month-to-month,Fiber optic,Electronic check,1,70.15,Month-to-month contract,Short tenure,Associated with month-to-month contract and short tenure.
9605-WGJVW,No,0.9321,93,Critical,Month-to-month,Fiber optic,Electronic check,1,70.2,Month-to-month contract,Short tenure,Associated with month-to-month contract and short tenure.
1363-TXLSL,Yes,0.9319,93,Critical,Month-to-month,Fiber optic,Electronic check,1,70.3,Month-to-month contract,Short tenure,Associated with month-to-month contract and short tenure.
8309-IEYJD,No,0.9317,93,Critical,Month-to-month,Fiber optic,Mailed check,1,70.6,Month-to-month contract,Short tenure,Associated with month-to-month contract and short tenure.
1640-PLFMP,No,0.9317,93,Critical,Month-to-month,Fiber optic,Electronic check,1,70.25,Month-to-month contract,Short tenure,Associated with month-to-month contract and short tenure.
9617-INGJY,No,0.9317,93,Critical,Month-to-month,Fiber optic,Mailed check,1,70.6,Month-to-month contract,Short tenure,Associated with month-to-month contract and short tenure.
3244-DCJWY,Yes,0.9317,93,Critical,Month-to-month,Fiber optic,Electronic check,1,70.25,Month-to-month contract,Short tenure,Associated with month-to-month contract and short tenure.
0390-DCFDQ,Yes,0.931,93,Critical,Month-to-month,Fiber optic,Mailed check,1,70.45,Month-to-month contract,Short tenure,Associated with month-to-month contract and short tenure.
3177-LASXD,Yes,0.931,93,Critical,Month-to-month,Fiber optic,Electronic check,1,71.35,Month-to-month contract,Short tenure,Associated with month-to-month contract and short tenure.
7153-OANIO,Yes,0.931,93,Critical,Month-to-month,Fiber optic,Electronic check,1,69.95,Month-to-month contract,Short tenure,Associated with month-to-month contract and short tenure.
0515-YPMCW,Yes,0.9309,93,Critical,Month-to-month,Fiber optic,Mailed check,1,70.45,Month-to-month contract,Short tenure,Associated with month-to-month contract and short tenure.
2619-WFQWU,Yes,0.9309,93,Critical,Month-to-month,Fiber optic,Mailed check,1,70.15,Month-to-month contract,Short tenure,Associated with month-to-month contract and short tenure.
9985-MWVIX,Yes,0.9309,93,Critical,Month-to-month,Fiber optic,Mailed check,1,70.15,Month-to-month contract,Short tenure,Associated with month-to-month contract and short tenure.
1977-STDKI,Yes,0.9307,93,Critical,Month-to-month,Fiber optic,Electronic check,1,73.0,Month-to-month contract,Short tenure,Associated with month-to-month contract and short tenure.
5583-SXDAG,Yes,0.9303,93,Critical,Month-to-month,Fiber optic,Electronic check,1,70.0,Month-to-month contract,Short tenure,Associated with month-to-month contract and short tenure.
4274-OWWYO,Yes,0.9302,93,Critical,Month-to-month,Fiber optic,Electronic check,1,74.35,Month-to-month contract,Short tenure,Associated with month-to-month contract and short tenure.
9747-DDZOS,Yes,0.9293,93,Critical,Month-to-month,Fiber optic,Bank transfer (automatic),1,73.5,Month-to-month contract,Short tenure,Associated with month-to-month contract and short tenure.
9399-APLBT,Yes,0.9287,93,Critical,Month-to-month,Fiber optic,Electronic check,1,74.7,Month-to-month contract,Short tenure,Associated with month-to-month contract and short tenure.
4759-TRPLW,Yes,0.9287,93,Critical,Month-to-month,Fiber optic,Electronic check,1,70.4,Month-to-month contract,Short tenure,Associated with month-to-month contract and short tenure.
1915-IOFGU,Yes,0.9285,93,Critical,Month-to-month,Fiber optic,Electronic check,1,70.5,Month-to-month contract,Short tenure,Associated with month-to-month contract and short tenure.
8040-MNRTF,No,0.9283,93,Critical,Month-to-month,Fiber optic,Mailed check,1,71.1,Month-to-month contract,Short tenure,Associated with month-to-month contract and short tenure.
0151-ONTOV,Yes,0.9283,93,Critical,Month-to-month,Fiber optic,Mailed check,1,70.9,Month-to-month contract,Short tenure,Associated with month-to-month contract and short tenure.
0511-JTEOY,Yes,0.9283,93,Critical,Month-to-month,Fiber optic,Mailed check,1,71.1,Month-to-month contract,Short tenure,Associated with month-to-month contract and short tenure.
0519-XUZJU,Yes,0.9283,93,Critical,Month-to-month,Fiber optic,Mailed check,1,70.75,Month-to-month contract,Short tenure,Associated with month-to-month contract and short tenure.
0812-WUPTB,Yes,0.9276,93,Critical,Month-to-month,Fiber optic,Mailed check,1,70.85,Month-to-month contract,Short tenure,Associated with month-to-month contract and short tenure.
2262-SLNVK,No,0.9275,93,Critical,Month-to-month,Fiber optic,Electronic check,1,70.1,Month-to-month contract,Short tenure,Associated with month-to-month contract and short tenure.
5032-MIYKT,No,0.9275,93,Critical,Month-to-month,Fiber optic,Mailed check,1,70.7,Month-to-month contract,Short tenure,Associated with month-to-month contract and short tenure.
5940-AHUHD,Yes,0.9265,93,Critical,Month-to-month,Fiber optic,Mailed check,1,70.6,Month-to-month contract,Short tenure,Associated with month-to-month contract and short tenure.
1122-JWTJW,Yes,0.9259,93,Critical,Month-to-month,Fiber optic,Mailed check,1,70.65,Month-to-month contract,Short tenure,Associated with month-to-month contract and short tenure.
9840-EFJQB,No,0.9216,92,Critical,Month-to-month,Fiber optic,Electronic check,1,74.35,Month-to-month contract,Short tenure,Associated with month-to-month contract and short tenure.
0235-KGSLC,Yes,0.9143,91,Critical,Month-to-month,Fiber optic,Credit card (automatic),1,85.55,Month-to-month contract,Short tenure,Associated with month-to-month contract and short tenure.
3178-FESZO,Yes,0.9134,91,Critical,Month-to-month,Fiber optic,Credit card (automatic),1,100.25,Month-to-month contract,Short tenure,Associated with month-to-month contract and short tenure.
6086-ESGRL,Yes,0.9132,91,Critical,Month-to-month,Fiber optic,Credit card (automatic),1,80.15,Month-to-month contract,Short tenure,Associated with month-to-month contract and short tenure.
6356-ELRKD,Yes,0.9091,91,Critical,Month-to-month,Fiber optic,Electronic check,1,95.6,Month-to-month contract,Short tenure,Associated with month-to-month contract and short tenure.
7181-BQYBV,Yes,0.9046,90,Critical,Month-to-month,Fiber optic,Electronic check,1,102.45,Month-to-month contract,Short tenure,Associated with month-to-month contract and short tenure.
5167-ZFFMM,Yes,0.8998,90,Critical,Month-to-month,Fiber optic,Credit card (automatic),1,90.85,Month-to-month contract,Short tenure,Associated with month-to-month contract and short tenure.
7024-OHCCK,Yes,0.8983,90,Critical,Month-to-month,Fiber optic,Electronic check,2,93.85,Month-to-month contract,Short tenure,Associated with month-to-month contract and short tenure.
3158-MOERK,Yes,0.8978,90,Critical,Month-to-month,Fiber optic,Electronic check,2,96.0,Month-to-month contract,Short tenure,Associated with month-to-month contract and short tenure.
2720-WGKHP,Yes,0.8976,90,Critical,Month-to-month,Fiber optic,Electronic check,2,94.0,Month-to-month contract,Short tenure,Associated with month-to-month contract and short tenure.
9894-EZEWG,Yes,0.8958,90,Critical,Month-to-month,Fiber optic,Credit card (automatic),1,74.3,Month-to-month contract,Short tenure,Associated with month-to-month contract and short tenure.
4424-TKOPW,Yes,0.8949,89,Critical,Month-to-month,Fiber optic,Electronic check,2,93.85,Month-to-month contract,Short tenure,Associated with month-to-month contract and short tenure.
7851-WZEKY,Yes,0.8945,89,Critical,Month-to-month,Fiber optic,Electronic check,2,95.15,Month-to-month contract,Short tenure,Associated with month-to-month contract and short tenure.
6023-YEBUP,Yes,0.8921,89,Critical,Month-to-month,Fiber optic,Electronic check,3,100.95,Month-to-month contract,Short tenure,Associated with month-to-month contract and short tenure.
5299-SJCZT,Yes,0.8921,89,Critical,Month-to-month,Fiber optic,Bank transfer (automatic),3,101.55,Month-to-month contract,Short tenure,Associated with month-to-month contract and short tenure.
5567-WSELE,Yes,0.8916,89,Critical,Month-to-month,Fiber optic,Electronic check,3,94.6,Month-to-month contract,Short tenure,Associated with month-to-month contract and short tenure.
9057-SIHCH,Yes,0.8914,89,Critical,Month-to-month,Fiber optic,Electronic check,3,96.6,Month-to-month contract,Short tenure,Associated with month-to-month contract and short tenure.
3006-XIMLN,Yes,0.891,89,Critical,Month-to-month,Fiber optic,Bank transfer (automatic),2,94.2,Month-to-month contract,Short tenure,Associated with month-to-month contract and short tenure.
3049-SOLAY,Yes,0.891,89,Critical,Month-to-month,Fiber optic,Electronic check,3,95.2,Month-to-month contract,Short tenure,Associated with month-to-month contract and short tenure.
5150-ITWWB,No,0.8905,89,Critical,Month-to-month,Fiber optic,Electronic check,3,94.85,Month-to-month contract,Short tenure,Associated with month-to-month contract and short tenure.
6474-FVJLC,Yes,0.89,89,Critical,Month-to-month,Fiber optic,Electronic check,2,86.0,Month-to-month contract,Short tenure,Associated with month-to-month contract and short tenure.
1143-NMNQJ,Yes,0.8899,89,Critical,Month-to-month,Fiber optic,Electronic check,2,85.7,Month-to-month contract,Short tenure,Associated with month-to-month contract and short tenure.
4695-WJZUE,Yes,0.8898,89,Critical,Month-to-month,Fiber optic,Electronic check,2,88.55,Month-to-month contract,Short tenure,Associated with month-to-month contract and short tenure.
4927-WWOOZ,No,0.8896,89,Critical,Month-to-month,Fiber optic,Electronic check,2,91.45,Month-to-month contract,Short tenure,Associated with month-to-month contract and short tenure.
8098-LLAZX,Yes,0.8877,89,Critical,Month-to-month,Fiber optic,Electronic check,4,95.45,Month-to-month contract,Short tenure,Associated with month-to-month contract and short tenure.
1374-DMZUI,Yes,0.8877,89,Critical,Month-to-month,Fiber optic,Electronic check,4,94.3,Month-to-month contract,Short tenure,Associated with month-to-month contract and short tenure.
0684-AOSIH,Yes,0.8877,89,Critical,Month-to-month,Fiber optic,Electronic check,1,95.0,Month-to-month contract,Short tenure,Associated with month-to-month contract and short tenure.
9681-OXGVC,Yes,0.8877,89,Critical,Month-to-month,Fiber optic,Electronic check,5,100.5,Month-to-month contract,Short tenure,Associated with month-to-month contract and short tenure.
2656-TABEH,Yes,0.8871,89,Critical,Month-to-month,Fiber optic,Electronic check,4,100.2,Month-to-month contract,Short tenure,Associated with month-to-month contract and short tenure.
0259-GBZSH,Yes,0.8868,89,Critical,Month-to-month,Fiber optic,Electronic check,2,85.65,Month-to-month contract,Short tenure,Associated with month-to-month contract and short tenure.
9546-CQJSU,Yes,0.8867,89,Critical,Month-to-month,Fiber optic,Electronic check,2,91.4,Month-to-month contract,Short tenure,Associated with month-to-month contract and short tenure.
3387-VATUS,Yes,0.8861,89,Critical,Month-to-month,Fiber optic,Bank transfer (automatic),5,94.85,Month-to-month contract,Short tenure,Associated with month-to-month contract and short tenure.
5277-ZLOOR,Yes,0.8851,89,Critical,Month-to-month,Fiber optic,Electronic check,2,85.55,Month-to-month contract,Short tenure,Associated with month-to-month contract and short tenure.
0702-PGIBZ,Yes,0.8847,88,Critical,Month-to-month,Fiber optic,Electronic check,4,101.7,Month-to-month contract,Short tenure,Associated with month-to-month contract and short tenure.
2446-BEGGB,Yes,0.8846,88,Critical,Month-to-month,Fiber optic,Electronic check,6,98.25,Month-to-month contract,Short tenure,Associated with month-to-month contract and short tenure.
2260-USTRB,Yes,0.8839,88,Critical,Month-to-month,Fiber optic,Bank transfer (automatic),2,70.2,Month-to-month contract,Short tenure,Associated with month-to-month contract and short tenure.
6108-OQZDQ,Yes,0.8836,88,Critical,Month-to-month,Fiber optic,Electronic check,4,97.95,Month-to-month contract,Short tenure,Associated with month-to-month contract and short tenure.
6861-XWTWQ,Yes,0.8831,88,Critical,Month-to-month,Fiber optic,Electronic check,7,99.25,Month-to-month contract,Short tenure,Associated with month-to-month contract and short tenure.
2545-EBUPK,No,0.8831,88,Critical,Month-to-month,Fiber optic,Electronic check,2,84.05,Month-to-month contract,Short tenure,Associated with month-to-month contract and short tenure.
3097-NQYSN,Yes,0.8829,88,Critical,Month-to-month,Fiber optic,Mailed check,2,86.85,Month-to-month contract,Short tenure,Associated with month-to-month contract and short tenure.
6892-EZDTG,Yes,0.8815,88,Critical,Month-to-month,Fiber optic,Electronic check,4,91.65,Month-to-month contract,Short tenure,Associated with month-to-month contract and short tenure.
9025-AOMKI,Yes,0.8809,88,Critical,Month-to-month,Fiber optic,Bank transfer (automatic),6,93.55,Month-to-month contract,Short tenure,Associated with month-to-month contract and short tenure.
0697-ZMSWS,Yes,0.8806,88,Critical,Month-to-month,Fiber optic,Electronic check,4,85.65,Month-to-month contract,Short tenure,Associated with month-to-month contract and short tenure.
5095-AESKG,Yes,0.8806,88,Critical,Month-to-month,Fiber optic,Credit card (automatic),3,91.5,Month-to-month contract,Short tenure,Associated with month-to-month contract and short tenure.
8593-WHYHV,Yes,0.8805,88,Critical,Month-to-month,Fiber optic,Electronic check,3,85.3,Month-to-month contract,Short tenure,Associated with month-to-month contract and short tenure.
5380-AFSSK,Yes,0.8805,88,Critical,Month-to-month,Fiber optic,Mailed check,5,93.9,Month-to-month contract,Short tenure,Associated with month-to-month contract and short tenure.
7488-MXJIV,Yes,0.8803,88,Critical,Month-to-month,Fiber optic,Electronic check,4,85.65,Month-to-month contract,Short tenure,Associated with month-to-month contract and short tenure.
3811-VBYBZ,Yes,0.8801,88,Critical,Month-to-month,Fiber optic,Electronic check,7,99.8,Month-to-month contract,Short tenure,Associated with month-to-month contract and short tenure.
8884-ADFVN,Yes,0.88,88,Critical,Month-to-month,Fiber optic,Electronic check,7,101.95,Month-to-month contract,Short tenure,Associated with month-to-month contract and short tenure.
2462-XIIJB,Yes,0.8799,88,Critical,Month-to-month,Fiber optic,Electronic check,5,92.5,Month-to-month contract,Short tenure,Associated with month-to-month contract and short tenure.
2865-TCHJW,Yes,0.8797,88,Critical,Month-to-month,Fiber optic,Electronic check,4,89.2,Month-to-month contract,Short tenure,Associated with month-to-month contract and short tenure.
3643-AHCFP,Yes,0.8794,88,Critical,Month-to-month,Fiber optic,Bank transfer (automatic),7,95.6,Month-to-month contract,Short tenure,Associated with month-to-month contract and short tenure.
1875-QIVME,Yes,0.8791,88,Critical,Month-to-month,Fiber optic,Electronic check,2,104.4,Month-to-month contract,Short tenure,Associated with month-to-month contract and short tenure.
1273-MTETI,Yes,0.8791,88,Critical,Month-to-month,Fiber optic,Electronic check,4,88.85,Month-to-month contract,Short tenure,Associated with month-to-month contract and short tenure.
4750-ZRXIU,Yes,0.8787,88,Critical,Month-to-month,Fiber optic,Electronic check,4,84.6,Month-to-month contract,Short tenure,Associated with month-to-month contract and short tenure.
4822-RVYBB,Yes,0.878,88,Critical,Month-to-month,Fiber optic,Electronic check,8,100.6,Month-to-month contract,Short tenure,Associated with month-to-month contract and short tenure.
4951-UKAAQ,Yes,0.878,88,Critical,Month-to-month,Fiber optic,Electronic check,4,88.95,Month-to-month contract,Short tenure,Associated with month-to-month contract and short tenure.
4626-GYCZP,Yes,0.8779,88,Critical,Month-to-month,Fiber optic,Electronic check,7,93.85,Month-to-month contract,Short tenure,Associated with month-to-month contract and short tenure.
6496-SLWHQ,Yes,0.8775,88,Critical,Month-to-month,Fiber optic,Electronic check,3,105.0,Month-to-month contract,Short tenure,Associated with month-to-month contract and short tenure.
7314-OXENN,Yes,0.877,88,Critical,Month-to-month,Fiber optic,Electronic check,2,82.0,Month-to-month contract,Short tenure,Associated with month-to-month contract and short tenure.
4228-ZGYUW,Yes,0.877,88,Critical,Month-to-month,Fiber optic,Electronic check,4,90.05,Month-to-month contract,Short tenure,Associated with month-to-month contract and short tenure.
9305-CDSKC,Yes,0.8768,88,Critical,Month-to-month,Fiber optic,Electronic check,8,99.65,Month-to-month contract,Short tenure,Associated with month-to-month contract and short tenure.
2034-GDRCN,Yes,0.8767,88,Critical,Month-to-month,Fiber optic,Electronic check,2,90.4,Month-to-month contract,Short tenure,Associated with month-to-month contract and short tenure.
7398-SKNQZ,No,0.8767,88,Critical,Month-to-month,Fiber optic,Electronic check,3,94.9,Month-to-month contract,Short tenure,Associated with month-to-month contract and short tenure.
4929-XIHVW,No,0.8766,88,Critical,Month-to-month,Fiber optic,Credit card (automatic),2,95.5,Month-to-month contract,Short tenure,Associated with month-to-month contract and short tenure.
7330-WZLNC,Yes,0.8766,88,Critical,Month-to-month,Fiber optic,Electronic check,5,90.8,Month-to-month contract,Short tenure,Associated with month-to-month contract and short tenure.
3198-VELRD,Yes,0.8762,88,Critical,Month-to-month,Fiber optic,Bank transfer (automatic),3,84.75,Month-to-month contract,Short tenure,Associated with month-to-month contract and short tenure.
4587-VVTOX,Yes,0.8759,88,Critical,Month-to-month,Fiber optic,Electronic check,6,105.3,Month-to-month contract,Short tenure,Associated with month-to-month contract and short tenure.
4952-YSOGZ,Yes,0.8757,88,Critical,Month-to-month,Fiber optic,Electronic check,4,85.95,Month-to-month contract,Short tenure,Associated with month-to-month contract and short tenure.
6630-UJZMY,No,0.8757,88,Critical,Month-to-month,Fiber optic,Electronic check,4,83.25,Month-to-month contract,Short tenure,Associated with month-to-month contract and short tenure.
4548-SDBKE,Yes,0.8754,88,Critical,Month-to-month,Fiber optic,Electronic check,5,85.2,Month-to-month contract,Short tenure,Associated with month-to-month contract and short tenure.
1304-NECVQ,Yes,0.8753,88,Critical,Month-to-month,Fiber optic,Electronic check,2,78.55,Month-to-month contract,Short tenure,Associated with month-to-month contract and short tenure.
0754-UKWQP,Yes,0.8753,88,Critical,Month-to-month,Fiber optic,Electronic check,2,95.85,Month-to-month contract,Short tenure,Associated with month-to-month contract and short tenure.
0781-LKXBR,Yes,0.8749,87,Critical,Month-to-month,Fiber optic,Electronic check,9,100.5,Month-to-month contract,Short tenure,Associated with month-to-month contract and short tenure.
1624-NALOJ,Yes,0.8746,87,Critical,Month-to-month,Fiber optic,Electronic check,5,89.8,Month-to-month contract,Short tenure,Associated with month-to-month contract and short tenure.
1455-UGQVH,Yes,0.8742,87,Critical,Month-to-month,Fiber optic,Electronic check,10,98.5,Month-to-month contract,Short tenure,Associated with month-to-month contract and short tenure.
2968-SSGAA,Yes,0.874,87,Critical,Month-to-month,Fiber optic,Electronic check,10,100.6,Month-to-month contract,Short tenure,Associated with month-to-month contract and short tenure.
5644-PDMZC,Yes,0.8731,87,Critical,Month-to-month,Fiber optic,Electronic check,2,89.5,Month-to-month contract,Short tenure,Associated with month-to-month contract and short tenure.
2660-EMUBI,Yes,0.8729,87,Critical,Month-to-month,Fiber optic,Electronic check,10,95.35,Month-to-month contract,Short tenure,Associated with month-to-month contract and short tenure.
4132-KALRO,No,0.8729,87,Critical,Month-to-month,Fiber optic,Mailed check,4,100.85,Month-to-month contract,Short tenure,Associated with month-to-month contract and short tenure.
0637-KVDLV,Yes,0.8721,87,Critical,Month-to-month,Fiber optic,Electronic check,2,76.5,Month-to-month contract,Short tenure,Associated with month-to-month contract and short tenure.
1400-MMYXY,Yes,0.872,87,Critical,Month-to-month,Fiber optic,Electronic check,3,105.9,Month-to-month contract,Short tenure,Associated with month-to-month contract and short tenure.
5052-PNLOS,Yes,0.8718,87,Critical,Month-to-month,Fiber optic,Bank transfer (automatic),3,105.35,Month-to-month contract,Short tenure,Associated with month-to-month contract and short tenure.
7943-RQCHR,Yes,0.8717,87,Critical,Month-to-month,Fiber optic,Electronic check,9,94.75,Month-to-month contract,Short tenure,Associated with month-to-month contract and short tenure.
8780-IXSTS,Yes,0.8715,87,Critical,Month-to-month,Fiber optic,Electronic check,6,90.1,Month-to-month contract,Short tenure,Associated with month-to-month contract and short tenure.
3462-BJQQA,No,0.8712,87,Critical,Month-to-month,Fiber optic,Electronic check,6,89.75,Month-to-month contract,Short tenure,Associated with month-to-month contract and short tenure.
8622-ZLFKO,No,0.8711,87,Critical,Month-to-month,Fiber optic,Electronic check,6,90.75,Month-to-month contract,Short tenure,Associated with month-to-month contract and short tenure.
0655-RBDUG,Yes,0.871,87,Critical,Month-to-month,Fiber optic,Bank transfer (automatic),7,98.05,Month-to-month contract,Short tenure,Associated with month-to-month contract and short tenure.
0220-EBGCE,Yes,0.871,87,Critical,Month-to-month,Fiber optic,Electronic check,2,85.85,Month-to-month contract,Short tenure,Associated with month-to-month contract and short tenure.
2952-QAYZF,Yes,0.8708,87,Critical,Month-to-month,Fiber optic,Electronic check,5,85.3,Month-to-month contract,Short tenure,Associated with month-to-month contract and short tenure.
0880-TKATG,Yes,0.8704,87,Critical,Month-to-month,Fiber optic,Electronic check,4,101.15,Month-to-month contract,Short tenure,Associated with month-to-month contract and short tenure.
8161-QYMTT,No,0.8704,87,Critical,Month-to-month,Fiber optic,Electronic check,7,94.1,Month-to-month contract,Short tenure,Associated with month-to-month contract and short tenure.
9172-ANCRX,Yes,0.87,87,Critical,Month-to-month,Fiber optic,Electronic check,10,98.7,Month-to-month contract,Short tenure,Associated with month-to-month contract and short tenure.
5318-IXUZF,Yes,0.8695,87,Critical,Month-to-month,Fiber optic,Bank transfer (automatic),2,87.15,Month-to-month contract,Short tenure,Associated with month-to-month contract and short tenure.
0219-YTZUE,Yes,0.869,87,Critical,Month-to-month,Fiber optic,Bank transfer (automatic),4,84.8,Month-to-month contract,Short tenure,Associated with month-to-month contract and short tenure.
9944-HKVVB,Yes,0.8689,87,Critical,Month-to-month,Fiber optic,Electronic check,3,95.1,Month-to-month contract,Short tenure,Associated with month-to-month contract and short tenure.
1389-CXMLU,Yes,0.8689,87,Critical,Month-to-month,Fiber optic,Electronic check,3,91.05,Month-to-month contract,Short tenure,Associated with month-to-month contract and short tenure.
1731-TVIUK,Yes,0.8688,87,Critical,Month-to-month,Fiber optic,Electronic check,4,93.5,Month-to-month contract,Short tenure,Associated with month-to-month contract and short tenure.
7074-IEVOJ,Yes,0.8687,87,Critical,Month-to-month,Fiber optic,Electronic check,3,79.4,Month-to-month contract,Short tenure,Associated with month-to-month contract and short tenure.
8739-XNIKG,No,0.8687,87,Critical,Month-to-month,Fiber optic,Electronic check,5,84.0,Month-to-month contract,Short tenure,Associated with month-to-month contract and short tenure.
2205-YMZZJ,Yes,0.8687,87,Critical,Month-to-month,Fiber optic,Electronic check,7,84.8,Month-to-month contract,Short tenure,Associated with month-to-month contract and short tenure.
8972-HJWNV,Yes,0.8687,87,Critical,Month-to-month,Fiber optic,Electronic check,7,84.55,Month-to-month contract,Short tenure,Associated with month-to-month contract and short tenure.
2074-GKOWZ,Yes,0.8685,87,Critical,Month-to-month,Fiber optic,Bank transfer (automatic),2,89.55,Month-to-month contract,Short tenure,Associated with month-to-month contract and short tenure.
0564-JJHGS,Yes,0.8685,87,Critical,Month-to-month,Fiber optic,Electronic check,9,95.5,Month-to-month contract,Short tenure,Associated with month-to-month contract and short tenure.
1925-TIBLE,Yes,0.8685,87,Critical,Month-to-month,Fiber optic,Electronic check,7,86.5,Month-to-month contract,Short tenure,Associated with month-to-month contract and short tenure.
6407-UTSLV,No,0.8684,87,Critical,Month-to-month,Fiber optic,Bank transfer (automatic),2,83.8,Month-to-month contract,Short tenure,Associated with month-to-month contract and short tenure.
1579-KLYDT,Yes,0.8683,87,Critical,Month-to-month,Fiber optic,Electronic check,7,90.45,Month-to-month contract,Short tenure,Associated with month-to-month contract and short tenure.
3422-GALYP,No,0.8683,87,Critical,Month-to-month,Fiber optic,Electronic check,2,79.45,Month-to-month contract,Short tenure,Associated with month-to-month contract and short tenure.
3389-YGYAI,Yes,0.8682,87,Critical,Month-to-month,Fiber optic,Electronic check,8,105.5,Month-to-month contract,Short tenure,Associated with month-to-month contract and short tenure.
9451-LPGOO,Yes,0.8682,87,Critical,Month-to-month,Fiber optic,Electronic check,7,86.8,Month-to-month contract,Short tenure,Associated with month-to-month contract and short tenure.
7760-OYPDY,Yes,0.8681,87,Critical,Month-to-month,Fiber optic,Electronic check,2,80.65,Month-to-month contract,Short tenure,Associated with month-to-month contract and short tenure.
9878-TNQGW,Yes,0.8677,87,Critical,Month-to-month,Fiber optic,Electronic check,2,80.95,Month-to-month contract,Short tenure,Associated with month-to-month contract and short tenure.
1746-TGTWV,No,0.8672,87,Critical,Month-to-month,Fiber optic,Credit card (automatic),1,75.35,Month-to-month contract,Short tenure,Associated with month-to-month contract and short tenure.
6015-VVHHE,Yes,0.867,87,Critical,Month-to-month,Fiber optic,Credit card (automatic),5,83.15,Month-to-month contract,Short tenure,Associated with month-to-month contract and short tenure.
2012-NWRPA,Yes,0.867,87,Critical,Month-to-month,Fiber optic,Electronic check,11,99.55,Month-to-month contract,Short tenure,Associated with month-to-month contract and short tenure.
3750-CKVKH,Yes,0.8669,87,Critical,Month-to-month,Fiber optic,Electronic check,2,67.75,Month-to-month contract,Short tenure,Associated with month-to-month contract and short tenure.
0334-GDDSO,Yes,0.8668,87,Critical,Month-to-month,Fiber optic,Electronic check,3,81.35,Month-to-month contract,Short tenure,Associated with month-to-month contract and short tenure.
3318-NMQXL,No,0.8667,87,Critical,Month-to-month,Fiber optic,Electronic check,3,92.0,Month-to-month contract,Short tenure,Associated with month-to-month contract and short tenure.
6210-KBBPI,Yes,0.8664,87,Critical,Month-to-month,Fiber optic,Credit card (automatic),9,99.45,Month-to-month contract,Short tenure,Associated with month-to-month contract and short tenure.
1567-DSCIC,Yes,0.8664,87,Critical,Month-to-month,Fiber optic,Electronic check,8,94.0,Month-to-month contract,Short tenure,Associated with month-to-month contract and short tenure.
4060-LDNLU,No,0.8661,87,Critical,Month-to-month,Fiber optic,Electronic check,7,96.2,Month-to-month contract,Short tenure,Associated with month-to-month contract and short tenure.
5561-NWEVX,Yes,0.8661,87,Critical,Month-to-month,Fiber optic,Electronic check,2,79.2,Month-to-month contract,Short tenure,Associated with month-to-month contract and short tenure.
4529-CKBCL,Yes,0.8659,87,Critical,Month-to-month,Fiber optic,Electronic check,2,80.2,Month-to-month contract,Short tenure,Associated with month-to-month contract and short tenure.
6137-NICCO,No,0.8659,87,Critical,Month-to-month,Fiber optic,Mailed check,6,94.05,Month-to-month contract,Short tenure,Associated with month-to-month contract and short tenure.
9689-PTNPG,Yes,0.8659,87,Critical,Month-to-month,Fiber optic,Electronic check,2,80.25,Month-to-month contract,Short tenure,Associated with month-to-month contract and short tenure.
5419-CONWX,Yes,0.8656,87,Critical,Month-to-month,Fiber optic,Credit card (automatic),4,99.8,Month-to-month contract,Short tenure,Associated with month-to-month contract and short tenure.
4795-KTRTH,Yes,0.8656,87,Critical,Month-to-month,Fiber optic,Electronic check,5,81.0,Month-to-month contract,Short tenure,Associated with month-to-month contract and short tenure.
3727-RJMEO,Yes,0.8656,87,Critical,Month-to-month,Fiber optic,Electronic check,6,82.85,Month-to-month contract,Short tenure,Associated with month-to-month contract and short tenure.
6350-XFYGW,No,0.8655,87,Critical,Month-to-month,Fiber optic,Electronic check,4,94.75,Month-to-month contract,Short tenure,Associated with month-to-month contract and short tenure.
0196-VULGZ,Yes,0.8654,87,Critical,Month-to-month,Fiber optic,Electronic check,6,84.35,Month-to-month contract,Short tenure,Associated with month-to-month contract and short tenure.
7548-SEPYI,Yes,0.8653,87,Critical,Month-to-month,Fiber optic,Electronic check,5,96.25,Month-to-month contract,Short tenure,Associated with month-to-month contract and short tenure.
9317-WZPGV,Yes,0.8653,87,Critical,Month-to-month,Fiber optic,Bank transfer (automatic),2,79.75,Month-to-month contract,Short tenure,Associated with month-to-month contract and short tenure.
5442-UTCVD,Yes,0.8652,87,Critical,Month-to-month,Fiber optic,Electronic check,3,91.85,Month-to-month contract,Short tenure,Associated with month-to-month contract and short tenure.
4445-ZJNMU,No,0.8651,87,Critical,Month-to-month,Fiber optic,Credit card (automatic),9,99.3,Month-to-month contract,Short tenure,Associated with month-to-month contract and short tenure.
7479-NITWS,Yes,0.865,86,Critical,Month-to-month,Fiber optic,Credit card (automatic),7,89.35,Month-to-month contract,Short tenure,Associated with month-to-month contract and short tenure.
2920-RNCEZ,No,0.8649,86,Critical,Month-to-month,Fiber optic,Credit card (automatic),1,69.95,Month-to-month contract,Short tenure,Associated with month-to-month contract and short tenure.
1981-INRFU,Yes,0.8649,86,Critical,Month-to-month,Fiber optic,Electronic check,2,79.75,Month-to-month contract,Short tenure,Associated with month-to-month contract and short tenure.
4192-GORJT,Yes,0.8647,86,Critical,Month-to-month,Fiber optic,Electronic check,5,94.45,Month-to-month contract,Short tenure,Associated with month-to-month contract and short tenure.
2868-SNELZ,Yes,0.8646,86,Critical,Month-to-month,Fiber optic,Mailed check,2,80.6,Month-to-month contract,Short tenure,Associated with month-to-month contract and short tenure.
0897-FEGMU,Yes,0.8646,86,Critical,Month-to-month,Fiber optic,Electronic check,11,99.5,Month-to-month contract,Short tenure,Associated with month-to-month contract and short tenure.
8086-OVPWV,Yes,0.8644,86,Critical,Month-to-month,Fiber optic,Electronic check,2,80.2,Month-to-month contract,Short tenure,Associated with month-to-month contract and short tenure.
4078-SAYYN,Yes,0.8644,86,Critical,Month-to-month,Fiber optic,Electronic check,11,100.75,Month-to-month contract,Short tenure,Associated with month-to-month contract and short tenure.
1618-CFHME,Yes,0.8643,86,Critical,Month-to-month,Fiber optic,Electronic check,2,75.9,Month-to-month contract,Short tenure,Associated with month-to-month contract and short tenure.
4143-OOBWZ,Yes,0.8643,86,Critical,Month-to-month,Fiber optic,Electronic check,5,81.3,Month-to-month contract,Short tenure,Associated with month-to-month contract and short tenure.
3834-XUIFC,Yes,0.8642,86,Critical,Month-to-month,Fiber optic,Mailed check,7,85.2,Month-to-month contract,Short tenure,Associated with month-to-month contract and short tenure.
5229-PRWKT,Yes,0.8641,86,Critical,Month-to-month,Fiber optic,Electronic check,8,86.55,Month-to-month contract,Short tenure,Associated with month-to-month contract and short tenure.
3420-YJLQT,No,0.8638,86,Critical,Month-to-month,Fiber optic,Electronic check,2,79.55,Month-to-month contract,Short tenure,Associated with month-to-month contract and short tenure.
5349-IECLD,Yes,0.8638,86,Critical,Month-to-month,Fiber optic,Electronic check,2,94.95,Month-to-month contract,Short tenure,Associated with month-to-month contract and short tenure.
4234-XTNEA,No,0.8637,86,Critical,Month-to-month,Fiber optic,Electronic check,2,79.95,Month-to-month contract,Short tenure,Associated with month-to-month contract and short tenure.
1450-GALXR,Yes,0.8636,86,Critical,Month-to-month,Fiber optic,Electronic check,10,98.5,Month-to-month contract,Short tenure,Associated with month-to-month contract and short tenure.
7526-BEZQB,Yes,0.8636,86,Critical,Month-to-month,Fiber optic,Electronic check,12,96.05,Month-to-month contract,Short tenure,Associated with month-to-month contract and short tenure.
8382-SHQEH,Yes,0.8635,86,Critical,Month-to-month,Fiber optic,Electronic check,8,84.9,Month-to-month contract,Short tenure,Associated with month-to-month contract and short tenure.
8413-VONUO,Yes,0.8634,86,Critical,Month-to-month,Fiber optic,Electronic check,2,95.65,Month-to-month contract,Short tenure,Associated with month-to-month contract and short tenure.
7218-HKQFK,Yes,0.863,86,Critical,Month-to-month,Fiber optic,Electronic check,2,94.2,Month-to-month contract,Short tenure,Associated with month-to-month contract and short tenure.
6688-UZPWD,Yes,0.863,86,Critical,Month-to-month,Fiber optic,Electronic check,11,102.0,Month-to-month contract,Short tenure,Associated with month-to-month contract and short tenure.
6979-ZNSFF,Yes,0.8629,86,Critical,Month-to-month,Fiber optic,Electronic check,8,87.05,Month-to-month contract,Short tenure,Associated with month-to-month contract and short tenure.
3319-DWOEP,Yes,0.8629,86,Critical,Month-to-month,Fiber optic,Electronic check,6,95.75,Month-to-month contract,Short tenure,Associated with month-to-month contract and short tenure.
5835-BEQEU,Yes,0.8625,86,Critical,Month-to-month,Fiber optic,Electronic check,3,76.95,Month-to-month contract,Short tenure,Associated with month-to-month contract and short tenure.
5299-RULOA,Yes,0.8623,86,Critical,Month-to-month,Fiber optic,Electronic check,10,100.25,Month-to-month contract,Short tenure,Associated with month-to-month contract and short tenure.
7817-BOQPW,Yes,0.8623,86,Critical,Month-to-month,Fiber optic,Electronic check,2,75.55,Month-to-month contract,Short tenure,Associated with month-to-month contract and short tenure.
0495-ZBNGW,Yes,0.8622,86,Critical,Month-to-month,Fiber optic,Bank transfer (automatic),5,79.9,Month-to-month contract,Short tenure,Associated with month-to-month contract and short tenure.
8414-MYSHR,Yes,0.862,86,Critical,Month-to-month,Fiber optic,Electronic check,5,91.4,Month-to-month contract,Short tenure,Associated with month-to-month contract and short tenure.
7228-OMTPN,Yes,0.862,86,Critical,Month-to-month,Fiber optic,Electronic check,4,88.45,Month-to-month contract,Short tenure,Associated with month-to-month contract and short tenure.
2754-SDJRD,No,0.8618,86,Critical,Month-to-month,Fiber optic,Credit card (automatic),8,100.15,Month-to-month contract,Short tenure,Associated with month-to-month contract and short tenure.
6275-YDUVO,Yes,0.8617,86,Critical,Month-to-month,Fiber optic,Mailed check,2,86.2,Month-to-month contract,Short tenure,Associated with month-to-month contract and short tenure.
7234-FECYN,Yes,0.8617,86,Critical,Month-to-month,Fiber optic,Electronic check,8,101.35,Month-to-month contract,Short tenure,Associated with month-to-month contract and short tenure.
2454-RPBRZ,Yes,0.8614,86,Critical,Month-to-month,Fiber optic,Electronic check,12,98.1,Month-to-month contract,Short tenure,Associated with month-to-month contract and short tenure.
8058-JMEQO,Yes,0.8612,86,Critical,Month-to-month,Fiber optic,Electronic check,9,84.45,Month-to-month contract,Short tenure,Associated with month-to-month contract and short tenure.
2642-DTVCO,Yes,0.8612,86,Critical,Month-to-month,Fiber optic,Electronic check,9,85.05,Month-to-month contract,Short tenure,Associated with month-to-month contract and short tenure.
4140-MUHUG,Yes,0.8611,86,Critical,Month-to-month,Fiber optic,Electronic check,3,86.85,Month-to-month contract,Short tenure,Associated with month-to-month contract and short tenure.
7994-UYIVZ,No,0.8611,86,Critical,Month-to-month,Fiber optic,Bank transfer (automatic),8,85.65,Month-to-month contract,Short tenure,Associated with month-to-month contract and short tenure.
9957-YODKZ,No,0.861,86,Critical,Month-to-month,Fiber optic,Electronic check,6,80.8,Month-to-month contract,Short tenure,Associated with month-to-month contract and short tenure.
7779-LGOVN,Yes,0.861,86,Critical,Month-to-month,Fiber optic,Electronic check,10,86.65,Month-to-month contract,Short tenure,Associated with month-to-month contract and short tenure.
0329-GTIAJ,Yes,0.8609,86,Critical,Month-to-month,Fiber optic,Electronic check,3,97.9,Month-to-month contract,Short tenure,Associated with month-to-month contract and short tenure.
7938-OUHIO,Yes,0.8608,86,Critical,Month-to-month,Fiber optic,Electronic check,3,98.7,Month-to-month contract,Short tenure,Associated with month-to-month contract and short tenure.
2672-HUYVI,Yes,0.8607,86,Critical,Month-to-month,Fiber optic,Electronic check,6,91.1,Month-to-month contract,Short tenure,Associated with month-to-month contract and short tenure.
8357-EQXFO,Yes,0.8606,86,Critical,Month-to-month,Fiber optic,Electronic check,7,95.35,Month-to-month contract,Short tenure,Associated with month-to-month contract and short tenure.
4713-LZDRV,Yes,0.8606,86,Critical,Month-to-month,Fiber optic,Electronic check,2,79.6,Month-to-month contract,Short tenure,Associated with month-to-month contract and short tenure.
1960-UYCNN,No,0.8605,86,Critical,Month-to-month,Fiber optic,Electronic check,10,95.25,Month-to-month contract,Short tenure,Associated with month-to-month contract and short tenure.
1724-BQUHA,Yes,0.8605,86,Critical,Month-to-month,Fiber optic,Electronic check,5,89.5,Month-to-month contract,Short tenure,Associated with month-to-month contract and short tenure.
7450-NWRTR,Yes,0.8605,86,Critical,Month-to-month,Fiber optic,Electronic check,12,99.45,Month-to-month contract,Short tenure,Associated with month-to-month contract and short tenure.
8337-UPOAQ,Yes,0.8604,86,Critical,Month-to-month,Fiber optic,Electronic check,10,89.8,Month-to-month contract,Short tenure,Associated with month-to-month contract and short tenure.
9611-CTWIH,Yes,0.8604,86,Critical,Month-to-month,Fiber optic,Electronic check,3,89.45,Month-to-month contract,Short tenure,Associated with month-to-month contract and short tenure.
3106-ULWFW,Yes,0.8603,86,Critical,Month-to-month,Fiber optic,Credit card (automatic),8,85.2,Month-to-month contract,Short tenure,Associated with month-to-month contract and short tenure.
5383-MMTWC,Yes,0.8603,86,Critical,Month-to-month,Fiber optic,Electronic check,8,84.0,Month-to-month contract,Short tenure,Associated with month-to-month contract and short tenure.
3874-EQOEP,Yes,0.8602,86,Critical,Month-to-month,Fiber optic,Mailed check,7,95.0,Month-to-month contract,Short tenure,Associated with month-to-month contract and short tenure.
7249-WBIYX,Yes,0.8599,86,Critical,Month-to-month,Fiber optic,Electronic check,10,85.6,Month-to-month contract,Short tenure,Associated with month-to-month contract and short tenure.
0195-IESCP,Yes,0.8598,86,Critical,Month-to-month,Fiber optic,Electronic check,10,85.25,Month-to-month contract,Short tenure,Associated with month-to-month contract and short tenure.
2691-NZETQ,Yes,0.8596,86,Critical,Month-to-month,Fiber optic,Electronic check,9,85.35,Month-to-month contract,Short tenure,Associated with month-to-month contract and short tenure.
8443-ZRDBZ,Yes,0.8596,86,Critical,Month-to-month,Fiber optic,Electronic check,4,76.05,Month-to-month contract,Short tenure,Associated with month-to-month contract and short tenure.
2215-ZAFGX,No,0.8596,86,Critical,Month-to-month,Fiber optic,Electronic check,9,85.5,Month-to-month contract,Short tenure,Associated with month-to-month contract and short tenure.
3045-XETSH,Yes,0.8595,86,Critical,Month-to-month,Fiber optic,Electronic check,10,94.85,Month-to-month contract,Short tenure,Associated with month-to-month contract and short tenure.
8183-ONMXC,Yes,0.8592,86,Critical,Month-to-month,Fiber optic,Electronic check,2,80.75,Month-to-month contract,Short tenure,Associated with month-to-month contract and short tenure.
4847-TAJYI,No,0.859,86,Critical,Month-to-month,Fiber optic,Electronic check,6,89.35,Month-to-month contract,Short tenure,Associated with month-to-month contract and short tenure.
2265-CYWIV,Yes,0.8588,86,Critical,Month-to-month,Fiber optic,Electronic check,4,99.6,Month-to-month contract,Short tenure,Associated with month-to-month contract and short tenure.
2369-UAPKZ,Yes,0.8586,86,Critical,Month-to-month,Fiber optic,Mailed check,5,104.1,Month-to-month contract,Short tenure,Associated with month-to-month contract and short tenure.
3902-FOIGH,Yes,0.8584,86,Critical,Month-to-month,Fiber optic,Electronic check,12,101.35,Month-to-month contract,Short tenure,Associated with month-to-month contract and short tenure.
9430-FRQOC,Yes,0.8583,86,Critical,Month-to-month,Fiber optic,Mailed check,4,87.1,Month-to-month contract,Short tenure,Associated with month-to-month contract and short tenure.
2990-HWIML,Yes,0.8583,86,Critical,Month-to-month,Fiber optic,Electronic check,6,89.5,Month-to-month contract,Short tenure,Associated with month-to-month contract and short tenure.
3519-ZKXGG,Yes,0.8581,86,Critical,Month-to-month,Fiber optic,Electronic check,3,75.85,Month-to-month contract,Short tenure,Associated with month-to-month contract and short tenure.
2645-QTLMB,Yes,0.858,86,Critical,Month-to-month,Fiber optic,Electronic check,7,94.25,Month-to-month contract,Short tenure,Associated with month-to-month contract and short tenure.
4581-SSPWD,Yes,0.8578,86,Critical,Month-to-month,Fiber optic,Electronic check,3,75.8,Month-to-month contract,Short tenure,Associated with month-to-month contract and short tenure.
7295-JOMMD,Yes,0.8576,86,Critical,Month-to-month,Fiber optic,Bank transfer (automatic),4,98.1,Month-to-month contract,Short tenure,Associated with month-to-month contract and short tenure.
3489-HHPFY,No,0.8574,86,Critical,Month-to-month,Fiber optic,Electronic check,2,84.05,Month-to-month contract,Short tenure,Associated with month-to-month contract and short tenure.
5649-ANRML,Yes,0.8573,86,Critical,Month-to-month,Fiber optic,Credit card (automatic),2,95.1,Month-to-month contract,Short tenure,Associated with month-to-month contract and short tenure.
3585-ISXZP,Yes,0.8573,86,Critical,Month-to-month,Fiber optic,Bank transfer (automatic),8,95.65,Month-to-month contract,Short tenure,Associated with month-to-month contract and short tenure.
5519-NPHVG,Yes,0.8571,86,Critical,Month-to-month,Fiber optic,Electronic check,12,94.2,Month-to-month contract,Short tenure,Associated with month-to-month contract and short tenure.
6969-MVBAI,No,0.8571,86,Critical,Month-to-month,Fiber optic,Electronic check,9,90.1,Month-to-month contract,Short tenure,Associated with month-to-month contract and short tenure.
6993-OHLXR,Yes,0.857,86,Critical,Month-to-month,Fiber optic,Electronic check,2,68.95,Month-to-month contract,Short tenure,Associated with month-to-month contract and short tenure.
7576-OYWBN,Yes,0.857,86,Critical,Month-to-month,Fiber optic,Electronic check,3,76.05,Month-to-month contract,Short tenure,Associated with month-to-month contract and short tenure.
7693-LCKZL,Yes,0.857,86,Critical,Month-to-month,Fiber optic,Electronic check,5,80.15,Month-to-month contract,Short tenure,Associated with month-to-month contract and short tenure.
8258-GSTJK,Yes,0.8568,86,Critical,Month-to-month,Fiber optic,Electronic check,3,77.0,Month-to-month contract,Short tenure,Associated with month-to-month contract and short tenure.
5357-TZHPP,Yes,0.8567,86,Critical,Month-to-month,Fiber optic,Credit card (automatic),9,84.4,Month-to-month contract,Short tenure,Associated with month-to-month contract and short tenure.
2674-MIAHT,No,0.8567,86,Critical,Month-to-month,Fiber optic,Mailed check,4,80.3,Month-to-month contract,Short tenure,Associated with month-to-month contract and short tenure.
8510-AWCXC,Yes,0.8564,86,Critical,Month-to-month,Fiber optic,Electronic check,13,100.8,Month-to-month contract,Fiber optic service,Associated with month-to-month contract and fiber optic service.
2982-VPSGI,Yes,0.8564,86,Critical,Month-to-month,Fiber optic,Electronic check,11,94.0,Month-to-month contract,Short tenure,Associated with month-to-month contract and short tenure.
4566-NECEV,No,0.8564,86,Critical,Month-to-month,Fiber optic,Electronic check,5,96.55,Month-to-month contract,Short tenure,Associated with month-to-month contract and short tenure.
9330-IJWIO,Yes,0.8557,86,Critical,Month-to-month,Fiber optic,Electronic check,13,100.35,Month-to-month contract,Fiber optic service,Associated with month-to-month contract and fiber optic service.
4115-NZRKS,No,0.8555,86,Critical,Month-to-month,Fiber optic,Electronic check,7,89.15,Month-to-month contract,Short tenure,Associated with month-to-month contract and short tenure.
2516-VQRRV,Yes,0.8552,86,Critical,Month-to-month,Fiber optic,Mailed check,2,75.45,Month-to-month contract,Short tenure,Associated with month-to-month contract and short tenure.
9965-YOKZB,Yes,0.855,86,Critical,Month-to-month,Fiber optic,Electronic check,9,83.85,Month-to-month contract,Short tenure,Associated with month-to-month contract and short tenure.
7198-GLXTC,Yes,0.8549,85,Critical,Month-to-month,Fiber optic,Electronic check,2,79.0,Month-to-month contract,Short tenure,Associated with month-to-month contract and short tenure.
6326-MTTXK,Yes,0.8548,85,Critical,Month-to-month,Fiber optic,Electronic check,8,100.85,Month-to-month contract,Short tenure,Associated with month-to-month contract and short tenure.
9061-TIHDA,Yes,0.8547,85,Critical,Month-to-month,Fiber optic,Electronic check,13,95.25,Month-to-month contract,Fiber optic service,Associated with month-to-month contract and fiber optic service.
1465-VINDH,Yes,0.8546,85,Critical,Month-to-month,Fiber optic,Credit card (automatic),10,102.1,Month-to-month contract,Short tenure,Associated with month-to-month contract and short tenure.
9547-ITEFG,No,0.8546,85,Critical,Month-to-month,Fiber optic,Credit card (automatic),9,102.6,Month-to-month contract,Short tenure,Associated with month-to-month contract and short tenure.
4086-YQSNZ,Yes,0.8545,85,Critical,Month-to-month,Fiber optic,Electronic check,3,80.4,Month-to-month contract,Short tenure,Associated with month-to-month contract and short tenure.
8714-CTZJW,No,0.8545,85,Critical,Month-to-month,Fiber optic,Credit card (automatic),4,82.85,Month-to-month contract,Short tenure,Associated with month-to-month contract and short tenure.
8242-SOQUO,No,0.8543,85,Critical,Month-to-month,Fiber optic,Electronic check,5,84.7,Month-to-month contract,Short tenure,Associated with month-to-month contract and short tenure.
9134-CEQMF,Yes,0.8542,85,Critical,Month-to-month,Fiber optic,Electronic check,7,89.5,Month-to-month contract,Short tenure,Associated with month-to-month contract and short tenure.
0187-QSXOE,No,0.8542,85,Critical,Month-to-month,Fiber optic,Electronic check,7,89.0,Month-to-month contract,Short tenure,Associated with month-to-month contract and short tenure.
2612-RRIDN,Yes,0.8542,85,Critical,Month-to-month,Fiber optic,Electronic check,4,81.0,Month-to-month contract,Short tenure,Associated with month-to-month contract and short tenure.
8943-URTMR,Yes,0.854,85,Critical,Month-to-month,Fiber optic,Mailed check,2,79.65,Month-to-month contract,Short tenure,Associated with month-to-month contract and short tenure.
5698-BQJOH,Yes,0.8539,85,Critical,Month-to-month,Fiber optic,Electronic check,9,94.4,Month-to-month contract,Short tenure,Associated with month-to-month contract and short tenure.
8931-GJJIQ,Yes,0.8538,85,Critical,Month-to-month,Fiber optic,Electronic check,9,83.3,Month-to-month contract,Short tenure,Associated with month-to-month contract and short tenure.
9565-DJPIB,Yes,0.8538,85,Critical,Month-to-month,Fiber optic,Mailed check,4,89.6,Month-to-month contract,Short tenure,Associated with month-to-month contract and short tenure.
4395-PZMSN,No,0.8538,85,Critical,Month-to-month,Fiber optic,Electronic check,5,85.55,Month-to-month contract,Short tenure,Associated with month-to-month contract and short tenure.
0325-XBFAC,Yes,0.8538,85,Critical,Month-to-month,Fiber optic,Electronic check,8,94.7,Month-to-month contract,Short tenure,Associated with month-to-month contract and short tenure.
1565-RHDJD,Yes,0.8536,85,Critical,Month-to-month,Fiber optic,Bank transfer (automatic),4,84.05,Month-to-month contract,Short tenure,Associated with month-to-month contract and short tenure.
8779-QRDMV,Yes,0.8535,85,Critical,Month-to-month,DSL,Electronic check,1,39.65,Month-to-month contract,Short tenure,Associated with month-to-month contract and short tenure.
4145-UQXUQ,Yes,0.8534,85,Critical,Month-to-month,Fiber optic,Electronic check,8,92.1,Month-to-month contract,Short tenure,Associated with month-to-month contract and short tenure.
7089-IVVAZ,Yes,0.8534,85,Critical,Month-to-month,Fiber optic,Bank transfer (automatic),8,103.35,Month-to-month contract,Short tenure,Associated with month-to-month contract and short tenure.
2737-YNGYW,Yes,0.8531,85,Critical,Month-to-month,Fiber optic,Electronic check,2,80.55,Month-to-month contract,Short tenure,Associated with month-to-month contract and short tenure.
6432-TWQLB,Yes,0.8529,85,Critical,Month-to-month,Fiber optic,Electronic check,5,85.4,Month-to-month contract,Short tenure,Associated with month-to-month contract and short tenure.
5293-WXJAK,Yes,0.8529,85,Critical,Month-to-month,Fiber optic,Bank transfer (automatic),11,104.05,Month-to-month contract,Short tenure,Associated with month-to-month contract and short tenure.
6161-UUUTA,Yes,0.8529,85,Critical,Month-to-month,Fiber optic,Electronic check,3,79.9,Month-to-month contract,Short tenure,Associated with month-to-month contract and short tenure.
3440-JPSCL,Yes,0.8529,85,Critical,Month-to-month,Fiber optic,Mailed check,6,99.95,Month-to-month contract,Short tenure,Associated with month-to-month contract and short tenure.
1678-FYZOW,Yes,0.8529,85,Critical,Month-to-month,Fiber optic,Electronic check,3,79.4,Month-to-month contract,Short tenure,Associated with month-to-month contract and short tenure.
1320-HTRDR,Yes,0.8529,85,Critical,Month-to-month,Fiber optic,Electronic check,3,75.5,Month-to-month contract,Short tenure,Associated with month-to-month contract and short tenure.
0306-JAELE,Yes,0.8527,85,Critical,Month-to-month,Fiber optic,Electronic check,5,96.1,Month-to-month contract,Short tenure,Associated with month-to-month contract and short tenure.
2959-MJHIC,Yes,0.8527,85,Critical,Month-to-month,Fiber optic,Electronic check,4,80.35,Month-to-month contract,Short tenure,Associated with month-to-month contract and short tenure.
8168-UQWWF,Yes,0.8525,85,Critical,Month-to-month,Fiber optic,Bank transfer (automatic),11,97.85,Month-to-month contract,Short tenure,Associated with month-to-month contract and short tenure.
9741-YLNTD,No,0.8525,85,Critical,Month-to-month,Fiber optic,Bank transfer (automatic),6,87.95,Month-to-month contract,Short tenure,Associated with month-to-month contract and short tenure.
1569-TTNYJ,Yes,0.8524,85,Critical,Month-to-month,Fiber optic,Electronic check,5,78.75,Month-to-month contract,Short tenure,Associated with month-to-month contract and short tenure.
3138-BKYAV,Yes,0.8523,85,Critical,Month-to-month,Fiber optic,Electronic check,6,85.35,Month-to-month contract,Short tenure,Associated with month-to-month contract and short tenure.
2789-HQBOU,No,0.8523,85,Critical,Month-to-month,Fiber optic,Electronic check,3,80.35,Month-to-month contract,Short tenure,Associated with month-to-month contract and short tenure.
4749-OJKQU,No,0.8523,85,Critical,Month-to-month,Fiber optic,Electronic check,4,75.65,Month-to-month contract,Short tenure,Associated with month-to-month contract and short tenure.
4806-KEXQR,Yes,0.852,85,Critical,Month-to-month,Fiber optic,Electronic check,4,79.9,Month-to-month contract,Short tenure,Associated with month-to-month contract and short tenure.
8808-ELEHO,Yes,0.8519,85,Critical,Month-to-month,Fiber optic,Electronic check,8,81.25,Month-to-month contract,Short tenure,Associated with month-to-month contract and short tenure.
2984-AFWNC,No,0.8516,85,Critical,Month-to-month,Fiber optic,Electronic check,3,95.4,Month-to-month contract,Short tenure,Associated with month-to-month contract and short tenure.
2379-ENZGV,Yes,0.8515,85,Critical,Month-to-month,Fiber optic,Electronic check,6,84.85,Month-to-month contract,Short tenure,Associated with month-to-month contract and short tenure.
8752-STIVR,Yes,0.8514,85,Critical,Month-to-month,Fiber optic,Electronic check,4,79.0,Month-to-month contract,Short tenure,Associated with month-to-month contract and short tenure.
3217-FZDMN,Yes,0.8513,85,Critical,Month-to-month,Fiber optic,Credit card (automatic),8,94.45,Month-to-month contract,Short tenure,Associated with month-to-month contract and short tenure.
1571-SAVHK,Yes,0.8512,85,Critical,Month-to-month,Fiber optic,Mailed check,12,99.95,Month-to-month contract,Short tenure,Associated with month-to-month contract and short tenure.
6772-KSATR,Yes,0.8508,85,Critical,Month-to-month,Fiber optic,Electronic check,1,81.7,Month-to-month contract,Short tenure,Associated with month-to-month contract and short tenure.
2612-RANWT,Yes,0.8507,85,Critical,Month-to-month,Fiber optic,Bank transfer (automatic),12,100.15,Month-to-month contract,Short tenure,Associated with month-to-month contract and short tenure.
6328-ZPBGN,Yes,0.8507,85,Critical,Month-to-month,Fiber optic,Bank transfer (automatic),11,95.15,Month-to-month contract,Short tenure,Associated with month-to-month contract and short tenure.
2472-OVKUP,Yes,0.8506,85,Critical,Month-to-month,Fiber optic,Electronic check,6,91.0,Month-to-month contract,Short tenure,Associated with month-to-month contract and short tenure.
5159-YFPKQ,Yes,0.8505,85,Critical,Month-to-month,Fiber optic,Electronic check,2,75.8,Month-to-month contract,Short tenure,Associated with month-to-month contract and short tenure.
4210-QFJMF,Yes,0.8505,85,Critical,Month-to-month,Fiber optic,Electronic check,4,79.15,Month-to-month contract,Short tenure,Associated with month-to-month contract and short tenure.
1342-JPNKI,Yes,0.8504,85,Critical,Month-to-month,Fiber optic,Bank transfer (automatic),10,86.05,Month-to-month contract,Short tenure,Associated with month-to-month contract and short tenure.
7209-JCUDS,Yes,0.8504,85,Critical,Month-to-month,Fiber optic,Electronic check,10,94.9,Month-to-month contract,Short tenure,Associated with month-to-month contract and short tenure.
1866-OBPNR,No,0.8502,85,Critical,Month-to-month,Fiber optic,Credit card (automatic),1,74.6,Month-to-month contract,Short tenure,Associated with month-to-month contract and short tenure.
3398-FSHON,Yes,0.8501,85,Critical,Month-to-month,Fiber optic,Electronic check,12,91.3,Month-to-month contract,Short tenure,Associated with month-to-month contract and short tenure.
9734-YWGEX,Yes,0.85,85,Critical,Month-to-month,Fiber optic,Credit card (automatic),9,98.3,Month-to-month contract,Short tenure,Associated with month-to-month contract and short tenure.
7903-CMPEY,Yes,0.8499,85,Critical,Month-to-month,Fiber optic,Electronic check,1,80.3,Month-to-month contract,Short tenure,Associated with month-to-month contract and short tenure.
3074-GQWYX,Yes,0.8495,85,Critical,Month-to-month,Fiber optic,Bank transfer (automatic),5,75.9,Month-to-month contract,Short tenure,Associated with month-to-month contract and short tenure.
6734-GMPVK,No,0.8495,85,Critical,Month-to-month,Fiber optic,Electronic check,5,105.3,Month-to-month contract,Short tenure,Associated with month-to-month contract and short tenure.
3992-YWPKO,Yes,0.8494,85,Critical,Month-to-month,Fiber optic,Credit card (automatic),6,109.9,Month-to-month contract,Short tenure,Associated with month-to-month contract and short tenure.
6357-JJPQT,No,0.8493,85,Critical,Month-to-month,Fiber optic,Electronic check,3,80.5,Month-to-month contract,Short tenure,Associated with month-to-month contract and short tenure.
4285-GYRQC,Yes,0.8491,85,Critical,Month-to-month,Fiber optic,Electronic check,7,86.25,Month-to-month contract,Short tenure,Associated with month-to-month contract and short tenure.
6435-SRWBJ,No,0.8489,85,Critical,Month-to-month,Fiber optic,Electronic check,5,82.75,Month-to-month contract,Short tenure,Associated with month-to-month contract and short tenure.
7005-CCBKV,Yes,0.8489,85,Critical,Month-to-month,Fiber optic,Electronic check,6,84.4,Month-to-month contract,Short tenure,Associated with month-to-month contract and short tenure.
9897-KXHCM,Yes,0.8487,85,Critical,Month-to-month,Fiber optic,Electronic check,3,80.3,Month-to-month contract,Short tenure,Associated with month-to-month contract and short tenure.
7563-BIUPC,Yes,0.8484,85,Critical,Month-to-month,Fiber optic,Electronic check,5,80.6,Month-to-month contract,Short tenure,Associated with month-to-month contract and short tenure.
9231-ZJYAM,Yes,0.8482,85,Critical,Month-to-month,Fiber optic,Electronic check,4,78.85,Month-to-month contract,Short tenure,Associated with month-to-month contract and short tenure.
5569-KGJHX,Yes,0.8482,85,Critical,Month-to-month,Fiber optic,Bank transfer (automatic),9,85.35,Month-to-month contract,Short tenure,Associated with month-to-month contract and short tenure.
9095-HFAFX,Yes,0.8482,85,Critical,Month-to-month,Fiber optic,Credit card (automatic),5,81.0,Month-to-month contract,Short tenure,Associated with month-to-month contract and short tenure.
6786-OBWQR,No,0.8477,85,Critical,Month-to-month,Fiber optic,Electronic check,5,80.85,Month-to-month contract,Short tenure,Associated with month-to-month contract and short tenure.
6060-DRTNL,Yes,0.8477,85,Critical,Month-to-month,Fiber optic,Mailed check,5,84.85,Month-to-month contract,Short tenure,Associated with month-to-month contract and short tenure.
2135-DQWAQ,No,0.8475,85,Critical,Month-to-month,Fiber optic,Mailed check,5,85.3,Month-to-month contract,Short tenure,Associated with month-to-month contract and short tenure.
8642-GVWRF,Yes,0.8474,85,Critical,Month-to-month,Fiber optic,Bank transfer (automatic),2,79.7,Month-to-month contract,Short tenure,Associated with month-to-month contract and short tenure.
4236-XPXAV,Yes,0.8473,85,Critical,Month-to-month,Fiber optic,Mailed check,5,99.15,Month-to-month contract,Short tenure,Associated with month-to-month contract and short tenure.
3191-CSNMG,No,0.8473,85,Critical,Month-to-month,Fiber optic,Electronic check,3,80.7,Month-to-month contract,Short tenure,Associated with month-to-month contract and short tenure.
1010-DIAUQ,Yes,0.8472,85,Critical,Month-to-month,Fiber optic,Bank transfer (automatic),5,96.5,Month-to-month contract,Short tenure,Associated with month-to-month contract and short tenure.
1200-TUZHR,No,0.8471,85,Critical,Month-to-month,Fiber optic,Electronic check,8,85.2,Month-to-month contract,Short tenure,Associated with month-to-month contract and short tenure.
3370-HXOPH,No,0.8471,85,Critical,Month-to-month,Fiber optic,Electronic check,3,76.1,Month-to-month contract,Short tenure,Associated with month-to-month contract and short tenure.
4813-HQMGZ,No,0.847,85,Critical,Month-to-month,Fiber optic,Electronic check,8,90.25,Month-to-month contract,Short tenure,Associated with month-to-month contract and short tenure.
9837-BMCLM,Yes,0.8467,85,Critical,Month-to-month,Fiber optic,Electronic check,3,78.5,Month-to-month contract,Short tenure,Associated with month-to-month contract and short tenure.
9050-IKDZA,No,0.8466,85,Critical,Month-to-month,Fiber optic,Mailed check,2,81.5,Month-to-month contract,Short tenure,Associated with month-to-month contract and short tenure.
5685-IIXLY,Yes,0.8465,85,Critical,Month-to-month,Fiber optic,Electronic check,5,83.6,Month-to-month contract,Short tenure,Associated with month-to-month contract and short tenure.
5348-CAGXB,No,0.8462,85,Critical,Month-to-month,Fiber optic,Electronic check,12,89.55,Month-to-month contract,Short tenure,Associated with month-to-month contract and short tenure.
2754-VDLTR,Yes,0.8462,85,Critical,Month-to-month,Fiber optic,Electronic check,10,95.2,Month-to-month contract,Short tenure,Associated with month-to-month contract and short tenure.
5168-MSWXT,No,0.8461,85,Critical,Month-to-month,Fiber optic,Electronic check,8,94.75,Month-to-month contract,Short tenure,Associated with month-to-month contract and short tenure.
7613-LLQFO,Yes,0.8461,85,Critical,Month-to-month,Fiber optic,Electronic check,12,84.45,Month-to-month contract,Short tenure,Associated with month-to-month contract and short tenure.
0345-HKJVM,Yes,0.8461,85,Critical,Month-to-month,Fiber optic,Electronic check,6,89.3,Month-to-month contract,Short tenure,Associated with month-to-month contract and short tenure.
2929-ERCFZ,Yes,0.8459,85,Critical,Month-to-month,Fiber optic,Electronic check,8,94.2,Month-to-month contract,Short tenure,Associated with month-to-month contract and short tenure.
1173-XZPYF,No,0.8457,85,Critical,Month-to-month,Fiber optic,Electronic check,11,89.2,Month-to-month contract,Short tenure,Associated with month-to-month contract and short tenure.
7858-GTZSP,No,0.8456,85,Critical,Month-to-month,Fiber optic,Electronic check,12,86.55,Month-to-month contract,Short tenure,Associated with month-to-month contract and short tenure.
5889-LFOLL,Yes,0.8456,85,Critical,Month-to-month,Fiber optic,Electronic check,13,84.6,Month-to-month contract,Fiber optic service,Associated with month-to-month contract and fiber optic service.
0722-SVSFK,No,0.8454,85,Critical,Month-to-month,Fiber optic,Electronic check,7,100.4,Month-to-month contract,Short tenure,Associated with month-to-month contract and short tenure.
4112-LUEIZ,Yes,0.8453,85,Critical,Month-to-month,Fiber optic,Electronic check,10,89.5,Month-to-month contract,Short tenure,Associated with month-to-month contract and short tenure.
2027-FECZV,Yes,0.845,84,Critical,Month-to-month,Fiber optic,Electronic check,12,106.7,Month-to-month contract,Short tenure,Associated with month-to-month contract and short tenure.
7495-OOKFY,Yes,0.8449,84,Critical,Month-to-month,Fiber optic,Credit card (automatic),8,80.65,Month-to-month contract,Short tenure,Associated with month-to-month contract and short tenure.
6390-DSAZX,Yes,0.8449,84,Critical,Month-to-month,Fiber optic,Mailed check,1,73.6,Month-to-month contract,Short tenure,Associated with month-to-month contract and short tenure.
8087-LGYHQ,No,0.8448,84,Critical,Month-to-month,Fiber optic,Electronic check,9,94.05,Month-to-month contract,Short tenure,Associated with month-to-month contract and short tenure.
0876-WDUUZ,Yes,0.8445,84,Critical,Month-to-month,Fiber optic,Credit card (automatic),5,85.4,Month-to-month contract,Short tenure,Associated with month-to-month contract and short tenure.
7786-WBJYI,Yes,0.8445,84,Critical,Month-to-month,Fiber optic,Bank transfer (automatic),4,77.95,Month-to-month contract,Short tenure,Associated with month-to-month contract and short tenure.
3793-MMFUH,Yes,0.8443,84,Critical,Month-to-month,Fiber optic,Electronic check,13,95.05,Month-to-month contract,Fiber optic service,Associated with month-to-month contract and fiber optic service.
4884-ZTHVF,No,0.8442,84,Critical,Month-to-month,Fiber optic,Electronic check,8,87.1,Month-to-month contract,Short tenure,Associated with month-to-month contract and short tenure.
5429-LWCMV,No,0.844,84,Critical,Month-to-month,Fiber optic,Electronic check,12,89.15,Month-to-month contract,Short tenure,Associated with month-to-month contract and short tenure.
3621-CEOVK,Yes,0.844,84,Critical,Month-to-month,Fiber optic,Electronic check,14,100.2,Month-to-month contract,Fiber optic service,Associated with month-to-month contract and fiber optic service.
4439-JMPMT,Yes,0.8439,84,Critical,Month-to-month,Fiber optic,Electronic check,5,85.75,Month-to-month contract,Short tenure,Associated with month-to-month contract and short tenure.
8132-YPVBX,No,0.8438,84,Critical,Month-to-month,Fiber optic,Mailed check,6,85.95,Month-to-month contract,Short tenure,Associated with month-to-month contract and short tenure.
3249-ZPQRG,Yes,0.8437,84,Critical,Month-to-month,Fiber optic,Electronic check,4,78.45,Month-to-month contract,Short tenure,Associated with month-to-month contract and short tenure.
0923-PNFUB,Yes,0.8433,84,Critical,Month-to-month,Fiber optic,Electronic check,3,83.75,Month-to-month contract,Short tenure,Associated with month-to-month contract and short tenure.
8266-VBFQL,No,0.8432,84,Critical,Month-to-month,Fiber optic,Electronic check,4,90.4,Month-to-month contract,Short tenure,Associated with month-to-month contract and short tenure.
8937-RDTHP,Yes,0.843,84,Critical,Month-to-month,Fiber optic,Mailed check,1,84.6,Month-to-month contract,Short tenure,Associated with month-to-month contract and short tenure.
6941-PMGEP,Yes,0.8429,84,Critical,Month-to-month,Fiber optic,Electronic check,5,80.0,Month-to-month contract,Short tenure,Associated with month-to-month contract and short tenure.
5868-YWPDW,Yes,0.8429,84,Critical,Month-to-month,Fiber optic,Electronic check,6,84.2,Month-to-month contract,Short tenure,Associated with month-to-month contract and short tenure.
8481-YYXWG,Yes,0.8428,84,Critical,Month-to-month,Fiber optic,Electronic check,5,89.35,Month-to-month contract,Short tenure,Associated with month-to-month contract and short tenure.
7235-NXZCP,Yes,0.8428,84,Critical,Month-to-month,Fiber optic,Mailed check,2,74.85,Month-to-month contract,Short tenure,Associated with month-to-month contract and short tenure.
4090-KPJIP,No,0.8426,84,Critical,Month-to-month,Fiber optic,Electronic check,3,74.95,Month-to-month contract,Short tenure,Associated with month-to-month contract and short tenure.
2180-DXNEG,Yes,0.8425,84,Critical,Month-to-month,Fiber optic,Electronic check,12,96.0,Month-to-month contract,Short tenure,Associated with month-to-month contract and short tenure.
5570-PTWEH,Yes,0.8425,84,Critical,Month-to-month,Fiber optic,Credit card (automatic),3,75.15,Month-to-month contract,Short tenure,Associated with month-to-month contract and short tenure.
9367-WXLCH,Yes,0.8423,84,Critical,Month-to-month,Fiber optic,Bank transfer (automatic),8,84.5,Month-to-month contract,Short tenure,Associated with month-to-month contract and short tenure.
3776-EKTKM,Yes,0.8423,84,Critical,Month-to-month,DSL,Electronic check,1,36.45,Month-to-month contract,Short tenure,Associated with month-to-month contract and short tenure.
8417-FMLZI,Yes,0.8422,84,Critical,Month-to-month,Fiber optic,Credit card (automatic),6,83.55,Month-to-month contract,Short tenure,Associated with month-to-month contract and short tenure.
5445-UTODQ,Yes,0.8419,84,Critical,Month-to-month,Fiber optic,Electronic check,7,81.1,Month-to-month contract,Short tenure,Associated with month-to-month contract and short tenure.
6615-NGGZJ,Yes,0.8419,84,Critical,Month-to-month,Fiber optic,Electronic check,14,100.55,Month-to-month contract,Fiber optic service,Associated with month-to-month contract and fiber optic service.
2951-QOQTK,Yes,0.8418,84,Critical,Month-to-month,Fiber optic,Credit card (automatic),4,80.8,Month-to-month contract,Short tenure,Associated with month-to-month contract and short tenure.
9840-DVNDC,Yes,0.8418,84,Critical,Month-to-month,Fiber optic,Credit card (automatic),6,80.5,Month-to-month contract,Short tenure,Associated with month-to-month contract and short tenure.
6956-SMUCM,Yes,0.8418,84,Critical,Month-to-month,Fiber optic,Credit card (automatic),3,99.0,Month-to-month contract,Short tenure,Associated with month-to-month contract and short tenure.
8035-PWSEV,No,0.8417,84,Critical,Month-to-month,Fiber optic,Electronic check,6,89.25,Month-to-month contract,Short tenure,Associated with month-to-month contract and short tenure.
0722-TROQR,Yes,0.8414,84,Critical,Month-to-month,Fiber optic,Electronic check,4,74.9,Month-to-month contract,Short tenure,Associated with month-to-month contract and short tenure.
2123-AGEEN,No,0.8411,84,Critical,Month-to-month,Fiber optic,Electronic check,7,84.35,Month-to-month contract,Short tenure,Associated with month-to-month contract and short tenure.
3606-TWKGI,Yes,0.8408,84,Critical,Month-to-month,Fiber optic,Electronic check,13,106.9,Month-to-month contract,Fiber optic service,Associated with month-to-month contract and fiber optic service.
2276-YDAVZ,Yes,0.8408,84,Critical,Month-to-month,Fiber optic,Credit card (automatic),3,75.1,Month-to-month contract,Short tenure,Associated with month-to-month contract and short tenure.
7598-UAASY,Yes,0.8408,84,Critical,Month-to-month,Fiber optic,Electronic check,2,76.4,Month-to-month contract,Short tenure,Associated with month-to-month contract and short tenure.
0013-EXCHZ,Yes,0.8405,84,Critical,Month-to-month,Fiber optic,Mailed check,3,83.9,Month-to-month contract,Short tenure,Associated with month-to-month contract and short tenure.
4822-NGOCH,Yes,0.8403,84,Critical,Month-to-month,Fiber optic,Electronic check,13,84.45,Month-to-month contract,Fiber optic service,Associated with month-to-month contract and fiber optic service.
2038-OEQZH,No,0.8401,84,Critical,Month-to-month,Fiber optic,Electronic check,4,86.05,Month-to-month contract,Short tenure,Associated with month-to-month contract and short tenure.
9846-GKXAS,Yes,0.8401,84,Critical,Month-to-month,Fiber optic,Bank transfer (automatic),9,90.8,Month-to-month contract,Short tenure,Associated with month-to-month contract and short tenure.
6229-LSCKB,No,0.84,84,Critical,Month-to-month,Fiber optic,Electronic check,6,79.7,Month-to-month contract,Short tenure,Associated with month-to-month contract and short tenure.
1980-KXVPM,Yes,0.8398,84,Critical,Month-to-month,Fiber optic,Credit card (automatic),3,75.05,Month-to-month contract,Short tenure,Associated with month-to-month contract and short tenure.
2919-HBCJO,Yes,0.8397,84,Critical,Month-to-month,Fiber optic,Bank transfer (automatic),4,76.65,Month-to-month contract,Short tenure,Associated with month-to-month contract and short tenure.
9185-TQCVP,Yes,0.8397,84,Critical,Month-to-month,Fiber optic,Electronic check,14,85.15,Month-to-month contract,Fiber optic service,Associated with month-to-month contract and fiber optic service.
3916-NRPAP,No,0.8395,84,Critical,Month-to-month,Fiber optic,Credit card (automatic),3,85.7,Month-to-month contract,Short tenure,Associated with month-to-month contract and short tenure.
0094-OIFMO,Yes,0.8394,84,Critical,Month-to-month,Fiber optic,Electronic check,11,95.0,Month-to-month contract,Short tenure,Associated with month-to-month contract and short tenure.
0404-SWRVG,Yes,0.8393,84,Critical,Month-to-month,Fiber optic,Electronic check,3,74.4,Month-to-month contract,Short tenure,Associated with month-to-month contract and short tenure.
2876-GZYZC,No,0.8393,84,Critical,Month-to-month,Fiber optic,Electronic check,13,85.95,Month-to-month contract,Fiber optic service,Associated with month-to-month contract and fiber optic service.
1564-NTYXF,Yes,0.8393,84,Critical,Month-to-month,Fiber optic,Electronic check,13,82.0,Month-to-month contract,Fiber optic service,Associated with month-to-month contract and fiber optic service.
9306-CPCBC,Yes,0.839,84,Critical,Month-to-month,Fiber optic,Electronic check,3,74.25,Month-to-month contract,Short tenure,Associated with month-to-month contract and short tenure.
3703-VAVCL,Yes,0.8389,84,Critical,Month-to-month,Fiber optic,Credit card (automatic),2,90.0,Month-to-month contract,Short tenure,Associated with month-to-month contract and short tenure.
6424-ELEYH,Yes,0.8389,84,Critical,Month-to-month,Fiber optic,Credit card (automatic),3,74.75,Month-to-month contract,Short tenure,Associated with month-to-month contract and short tenure.
3677-IYRBF,Yes,0.8388,84,Critical,Month-to-month,DSL,Electronic check,2,30.4,Month-to-month contract,Short tenure,Associated with month-to-month contract and short tenure.
8861-HGGKB,Yes,0.8387,84,Critical,Month-to-month,Fiber optic,Electronic check,10,86.45,Month-to-month contract,Short tenure,Associated with month-to-month contract and short tenure.
7341-LXCAF,Yes,0.8387,84,Critical,Month-to-month,Fiber optic,Electronic check,4,74.65,Month-to-month contract,Short tenure,Associated with month-to-month contract and short tenure.
0772-GYEQQ,Yes,0.8387,84,Critical,Month-to-month,Fiber optic,Mailed check,3,88.35,Month-to-month contract,Short tenure,Associated with month-to-month contract and short tenure.
7952-OBOYL,No,0.8387,84,Critical,Month-to-month,Fiber optic,Mailed check,3,89.85,Month-to-month contract,Short tenure,Associated with month-to-month contract and short tenure.
1197-BVMVG,No,0.8386,84,Critical,Month-to-month,Fiber optic,Electronic check,4,74.45,Month-to-month contract,Short tenure,Associated with month-to-month contract and short tenure.
4633-MKHYU,No,0.8382,84,Critical,Month-to-month,Fiber optic,Mailed check,9,88.4,Month-to-month contract,Short tenure,Associated with month-to-month contract and short tenure.
8083-YTZES,Yes,0.838,84,Critical,Month-to-month,Fiber optic,Electronic check,4,74.35,Month-to-month contract,Short tenure,Associated with month-to-month contract and short tenure.
1768-ZAIFU,Yes,0.8379,84,Critical,Month-to-month,DSL,Electronic check,1,25.2,Month-to-month contract,Short tenure,Associated with month-to-month contract and short tenure.
9290-SHCMB,No,0.8379,84,Critical,Month-to-month,Fiber optic,Electronic check,13,96.85,Month-to-month contract,Fiber optic service,Associated with month-to-month contract and fiber optic service.
2657-VPXTA,No,0.8378,84,Critical,Month-to-month,Fiber optic,Electronic check,10,88.85,Month-to-month contract,Short tenure,Associated with month-to-month contract and short tenure.
0378-TOVMS,Yes,0.8376,84,Critical,Month-to-month,Fiber optic,Electronic check,3,85.8,Month-to-month contract,Short tenure,Associated with month-to-month contract and short tenure.
3320-VEOYC,No,0.8376,84,Critical,Month-to-month,Fiber optic,Electronic check,14,95.6,Month-to-month contract,Fiber optic service,Associated with month-to-month contract and fiber optic service.
4059-IIEBK,No,0.8374,84,Critical,Month-to-month,Fiber optic,Bank transfer (automatic),7,78.55,Month-to-month contract,Short tenure,Associated with month-to-month contract and short tenure.
6110-OHIHY,Yes,0.8374,84,Critical,Month-to-month,Fiber optic,Electronic check,3,79.25,Month-to-month contract,Short tenure,Associated with month-to-month contract and short tenure.
4817-QRJSX,Yes,0.8373,84,Critical,Month-to-month,Fiber optic,Credit card (automatic),10,81.0,Month-to-month contract,Short tenure,Associated with month-to-month contract and short tenure.
0023-HGHWL,Yes,0.8371,84,Critical,Month-to-month,DSL,Electronic check,1,25.1,Month-to-month contract,Short tenure,Associated with month-to-month contract and short tenure.
6821-BUXUX,Yes,0.8371,84,Critical,Month-to-month,Fiber optic,Electronic check,13,96.65,Month-to-month contract,Fiber optic service,Associated with month-to-month contract and fiber optic service.
4636-QRJKY,Yes,0.837,84,Critical,Month-to-month,Fiber optic,Electronic check,6,80.5,Month-to-month contract,Short tenure,Associated with month-to-month contract and short tenure.
5729-KLZAR,Yes,0.837,84,Critical,Month-to-month,Fiber optic,Electronic check,4,80.85,Month-to-month contract,Short tenure,Associated with month-to-month contract and short tenure.
3247-ZVOUO,Yes,0.837,84,Critical,Month-to-month,Fiber optic,Electronic check,10,85.55,Month-to-month contract,Short tenure,Associated with month-to-month contract and short tenure.
0680-DFNNY,Yes,0.8368,84,Critical,Month-to-month,Fiber optic,Electronic check,15,101.1,Month-to-month contract,Fiber optic service,Associated with month-to-month contract and fiber optic service.
4706-AXVKM,Yes,0.8368,84,Critical,Month-to-month,Fiber optic,Credit card (automatic),11,84.8,Month-to-month contract,Short tenure,Associated with month-to-month contract and short tenure.
8185-UPYBR,Yes,0.8366,84,Critical,Month-to-month,Fiber optic,Electronic check,6,75.5,Month-to-month contract,Short tenure,Associated with month-to-month contract and short tenure.
6702-OHFWR,Yes,0.8363,84,Critical,Month-to-month,DSL,Electronic check,1,43.3,Month-to-month contract,Short tenure,Associated with month-to-month contract and short tenure.
8443-WVPSS,Yes,0.8363,84,Critical,Month-to-month,Fiber optic,Electronic check,10,99.85,Month-to-month contract,Short tenure,Associated with month-to-month contract and short tenure.
0302-JOIVN,Yes,0.8363,84,Critical,Month-to-month,Fiber optic,Electronic check,8,101.15,Month-to-month contract,Short tenure,Associated with month-to-month contract and short tenure.
0940-OUQEC,Yes,0.8363,84,Critical,Month-to-month,Fiber optic,Bank transfer (automatic),10,80.7,Month-to-month contract,Short tenure,Associated with month-to-month contract and short tenure.
4290-BSXUX,Yes,0.8362,84,Critical,Month-to-month,Fiber optic,Bank transfer (automatic),3,79.65,Month-to-month contract,Short tenure,Associated with month-to-month contract and short tenure.
0011-IGKFF,Yes,0.8361,84,Critical,Month-to-month,Fiber optic,Electronic check,13,98.0,Month-to-month contract,Fiber optic service,Associated with month-to-month contract and fiber optic service.
8992-JQYUN,Yes,0.836,84,Critical,Month-to-month,DSL,Electronic check,1,50.35,Month-to-month contract,Short tenure,Associated with month-to-month contract and short tenure.
4315-MURBD,Yes,0.8356,84,Critical,Month-to-month,Fiber optic,Bank transfer (automatic),12,98.9,Month-to-month contract,Short tenure,Associated with month-to-month contract and short tenure.
0258-NOKBL,No,0.8355,84,Critical,Month-to-month,Fiber optic,Electronic check,3,90.4,Month-to-month contract,Short tenure,Associated with month-to-month contract and short tenure.
6437-UKHMV,Yes,0.8355,84,Critical,Month-to-month,Fiber optic,Electronic check,7,79.7,Month-to-month contract,Short tenure,Associated with month-to-month contract and short tenure.
9094-AZPHK,No,0.8353,84,Critical,Month-to-month,Fiber optic,Electronic check,15,100.15,Month-to-month contract,Fiber optic service,Associated with month-to-month contract and fiber optic service.
5956-VKDTT,Yes,0.8352,84,Critical,Month-to-month,Fiber optic,Electronic check,5,74.35,Month-to-month contract,Short tenure,Associated with month-to-month contract and short tenure.
2959-FENLU,No,0.8352,84,Critical,Month-to-month,Fiber optic,Credit card (automatic),9,85.3,Month-to-month contract,Short tenure,Associated with month-to-month contract and short tenure.
8734-DKSTZ,No,0.8351,84,Critical,Month-to-month,Fiber optic,Electronic check,10,85.95,Month-to-month contract,Short tenure,Associated with month-to-month contract and short tenure.
7571-YXDAD,Yes,0.8348,83,Critical,Month-to-month,Fiber optic,Credit card (automatic),2,74.9,Month-to-month contract,Short tenure,Associated with month-to-month contract and short tenure.
8800-JOOCF,No,0.8347,83,Critical,Month-to-month,Fiber optic,Electronic check,12,84.05,Month-to-month contract,Short tenure,Associated with month-to-month contract and short tenure.
3338-CVVEH,No,0.8344,83,Critical,Month-to-month,Fiber optic,Electronic check,12,94.55,Month-to-month contract,Short tenure,Associated with month-to-month contract and short tenure.
7638-QVMVY,Yes,0.8343,83,Critical,Month-to-month,Fiber optic,Electronic check,7,79.0,Month-to-month contract,Short tenure,Associated with month-to-month contract and short tenure.
0875-CABNR,Yes,0.8343,83,Critical,Month-to-month,Fiber optic,Credit card (automatic),10,84.6,Month-to-month contract,Short tenure,Associated with month-to-month contract and short tenure.
9850-OWRHQ,Yes,0.8342,83,Critical,Month-to-month,Fiber optic,Credit card (automatic),3,74.1,Month-to-month contract,Short tenure,Associated with month-to-month contract and short tenure.
1704-NRWYE,Yes,0.8339,83,Critical,Month-to-month,Fiber optic,Electronic check,9,80.85,Month-to-month contract,Short tenure,Associated with month-to-month contract and short tenure.
7932-WPTDS,Yes,0.8338,83,Critical,Month-to-month,DSL,Electronic check,1,24.8,Month-to-month contract,Short tenure,Associated with month-to-month contract and short tenure.
0916-QOFDP,No,0.8337,83,Critical,Month-to-month,Fiber optic,Electronic check,14,95.8,Month-to-month contract,Fiber optic service,Associated with month-to-month contract and fiber optic service.
9696-RMYBA,No,0.8337,83,Critical,Month-to-month,Fiber optic,Mailed check,5,80.1,Month-to-month contract,Short tenure,Associated with month-to-month contract and short tenure.
2026-TGDHM,Yes,0.8335,83,Critical,Month-to-month,Fiber optic,Electronic check,7,79.3,Month-to-month contract,Short tenure,Associated with month-to-month contract and short tenure.
6101-IMRMM,Yes,0.8333,83,Critical,Month-to-month,Fiber optic,Mailed check,6,94.5,Month-to-month contract,Short tenure,Associated with month-to-month contract and short tenure.
5760-IFJOZ,No,0.8332,83,Critical,Month-to-month,Fiber optic,Mailed check,3,107.95,Month-to-month contract,Short tenure,Associated with month-to-month contract and short tenure.
1195-OIYEJ,Yes,0.8332,83,Critical,Month-to-month,Fiber optic,Electronic check,13,91.1,Month-to-month contract,Fiber optic service,Associated with month-to-month contract and fiber optic service.
5520-FVEWJ,Yes,0.8331,83,Critical,Month-to-month,Fiber optic,Electronic check,12,84.5,Month-to-month contract,Short tenure,Associated with month-to-month contract and short tenure.
9221-OTIVJ,Yes,0.833,83,Critical,Month-to-month,Fiber optic,Electronic check,14,104.85,Month-to-month contract,Fiber optic service,Associated with month-to-month contract and fiber optic service.
6918-UMQCG,No,0.8329,83,Critical,Month-to-month,Fiber optic,Electronic check,5,80.2,Month-to-month contract,Short tenure,Associated with month-to-month contract and short tenure.
3855-ONCAR,No,0.8327,83,Critical,Month-to-month,Fiber optic,Mailed check,4,78.9,Month-to-month contract,Short tenure,Associated with month-to-month contract and short tenure.
3908-BLSYF,Yes,0.8326,83,Critical,Month-to-month,Fiber optic,Electronic check,6,83.9,Month-to-month contract,Short tenure,Associated with month-to-month contract and short tenure.
0432-CAJZV,No,0.8324,83,Critical,Month-to-month,Fiber optic,Mailed check,3,90.7,Month-to-month contract,Short tenure,Associated with month-to-month contract and short tenure.
6000-APYLU,Yes,0.8321,83,Critical,Month-to-month,Fiber optic,Electronic check,9,80.8,Month-to-month contract,Short tenure,Associated with month-to-month contract and short tenure.
5138-WVKYJ,Yes,0.8319,83,Critical,Month-to-month,Fiber optic,Electronic check,10,98.55,Month-to-month contract,Short tenure,Associated with month-to-month contract and short tenure.
7508-MYBOG,Yes,0.8319,83,Critical,Month-to-month,Fiber optic,Electronic check,14,86.1,Month-to-month contract,Fiber optic service,Associated with month-to-month contract and fiber optic service.
0871-URUWO,Yes,0.8319,83,Critical,Month-to-month,Fiber optic,Credit card (automatic),13,102.25,Month-to-month contract,Fiber optic service,Associated with month-to-month contract and fiber optic service.
3091-FYHKI,Yes,0.8314,83,Critical,Month-to-month,DSL,Electronic check,1,35.45,Month-to-month contract,Short tenure,Associated with month-to-month contract and short tenure.
0841-NULXI,Yes,0.8314,83,Critical,Month-to-month,DSL,Electronic check,1,35.55,Month-to-month contract,Short tenure,Associated with month-to-month contract and short tenure.
5949-XIKAE,Yes,0.8313,83,Critical,Month-to-month,Fiber optic,Electronic check,8,83.55,Month-to-month contract,Short tenure,Associated with month-to-month contract and short tenure.
5712-PTIWW,Yes,0.8313,83,Critical,Month-to-month,Fiber optic,Electronic check,2,79.85,Month-to-month contract,Short tenure,Associated with month-to-month contract and short tenure.
3627-FHKBK,Yes,0.8306,83,Critical,Month-to-month,Fiber optic,Mailed check,1,75.3,Month-to-month contract,Short tenure,Associated with month-to-month contract and short tenure.
1219-NNDDO,No,0.8305,83,Critical,Month-to-month,Fiber optic,Electronic check,9,76.85,Month-to-month contract,Short tenure,Associated with month-to-month contract and short tenure.
6376-GAHQE,Yes,0.8305,83,Critical,Month-to-month,Fiber optic,Electronic check,4,77.85,Month-to-month contract,Short tenure,Associated with month-to-month contract and short tenure.
8361-LTMKD,Yes,0.8301,83,Critical,Month-to-month,Fiber optic,Mailed check,4,74.4,Month-to-month contract,Short tenure,Associated with month-to-month contract and short tenure.
4910-AQFFX,Yes,0.83,83,Critical,Month-to-month,Fiber optic,Bank transfer (automatic),9,79.35,Month-to-month contract,Short tenure,Associated with month-to-month contract and short tenure.
4547-KQRTM,Yes,0.83,83,Critical,Month-to-month,Fiber optic,Bank transfer (automatic),10,80.05,Month-to-month contract,Short tenure,Associated with month-to-month contract and short tenure.
2845-HSJCY,Yes,0.8298,83,Critical,Month-to-month,Fiber optic,Electronic check,14,87.25,Month-to-month contract,Fiber optic service,Associated with month-to-month contract and fiber optic service.
4770-UEZOX,No,0.8298,83,Critical,Month-to-month,Fiber optic,Electronic check,2,74.75,Month-to-month contract,Short tenure,Associated with month-to-month contract and short tenure.
0135-NMXAP,Yes,0.8293,83,Critical,Month-to-month,Fiber optic,Bank transfer (automatic),12,89.75,Month-to-month contract,Short tenure,Associated with month-to-month contract and short tenure.
7130-VTEWQ,Yes,0.8288,83,Critical,Month-to-month,Fiber optic,Electronic check,8,75.75,Month-to-month contract,Short tenure,Associated with month-to-month contract and short tenure.
5928-QLDHB,No,0.8288,83,Critical,Month-to-month,Fiber optic,Electronic check,9,76.25,Month-to-month contract,Short tenure,Associated with month-to-month contract and short tenure.
9314-IJWSQ,No,0.8286,83,Critical,Month-to-month,Fiber optic,Electronic check,14,84.8,Month-to-month contract,Fiber optic service,Associated with month-to-month contract and fiber optic service.
1522-VVDMG,Yes,0.8284,83,Critical,Month-to-month,Fiber optic,Electronic check,7,89.75,Month-to-month contract,Short tenure,Associated with month-to-month contract and short tenure.
2761-OCIAX,Yes,0.8282,83,Critical,Month-to-month,Fiber optic,Electronic check,2,74.7,Month-to-month contract,Short tenure,Associated with month-to-month contract and short tenure.
7145-FEJWU,No,0.828,83,Critical,Month-to-month,Fiber optic,Electronic check,12,105.3,Month-to-month contract,Short tenure,Associated with month-to-month contract and short tenure.
6680-WKXRZ,Yes,0.8273,83,Critical,Month-to-month,Fiber optic,Bank transfer (automatic),3,74.4,Month-to-month contract,Short tenure,Associated with month-to-month contract and short tenure.
0947-IDHRQ,Yes,0.8273,83,Critical,Month-to-month,Fiber optic,Mailed check,7,80.3,Month-to-month contract,Short tenure,Associated with month-to-month contract and short tenure.
0925-VYDLG,Yes,0.8271,83,Critical,Month-to-month,Fiber optic,Electronic check,3,75.25,Month-to-month contract,Short tenure,Associated with month-to-month contract and short tenure.
4277-PVRAN,Yes,0.8271,83,Critical,Month-to-month,Fiber optic,Bank transfer (automatic),8,80.1,Month-to-month contract,Short tenure,Associated with month-to-month contract and short tenure.
1184-PJVDB,Yes,0.8268,83,Critical,Month-to-month,Fiber optic,Electronic check,10,79.95,Month-to-month contract,Short tenure,Associated with month-to-month contract and short tenure.
0236-HFWSV,Yes,0.8265,83,Critical,Month-to-month,Fiber optic,Electronic check,15,93.35,Month-to-month contract,Fiber optic service,Associated with month-to-month contract and fiber optic service.
0225-ZORZP,No,0.8265,83,Critical,Month-to-month,Fiber optic,Electronic check,3,84.3,Month-to-month contract,Short tenure,Associated with month-to-month contract and short tenure.
2688-BHGOG,No,0.8263,83,Critical,Month-to-month,Fiber optic,Electronic check,9,79.55,Month-to-month contract,Short tenure,Associated with month-to-month contract and short tenure.
3671-SHRSP,Yes,0.8262,83,Critical,Month-to-month,Fiber optic,Mailed check,4,80.6,Month-to-month contract,Short tenure,Associated with month-to-month contract and short tenure.
7363-QTBIW,No,0.8262,83,Critical,Month-to-month,Fiber optic,Electronic check,9,79.75,Month-to-month contract,Short tenure,Associated with month-to-month contract and short tenure.
4229-CZMLL,Yes,0.8262,83,Critical,Month-to-month,Fiber optic,Electronic check,6,74.9,Month-to-month contract,Short tenure,Associated with month-to-month contract and short tenure.
5565-FILXA,Yes,0.8261,83,Critical,Month-to-month,Fiber optic,Electronic check,16,96.15,Month-to-month contract,Fiber optic service,Associated with month-to-month contract and fiber optic service.
7394-FKDNK,Yes,0.826,83,Critical,Month-to-month,Fiber optic,Electronic check,9,89.45,Month-to-month contract,Short tenure,Associated with month-to-month contract and short tenure.
6198-ZFIOJ,No,0.8259,83,Critical,Month-to-month,Fiber optic,Electronic check,5,75.6,Month-to-month contract,Short tenure,Associated with month-to-month contract and short tenure.
9250-WYPLL,Yes,0.8259,83,Critical,Month-to-month,Fiber optic,Electronic check,5,75.55,Month-to-month contract,Short tenure,Associated with month-to-month contract and short tenure.
6496-JDSSB,No,0.8257,83,Critical,Month-to-month,Fiber optic,Bank transfer (automatic),8,80.0,Month-to-month contract,Short tenure,Associated with month-to-month contract and short tenure.
0872-NXJYS,Yes,0.8256,83,Critical,Month-to-month,Fiber optic,Electronic check,9,79.55,Month-to-month contract,Short tenure,Associated with month-to-month contract and short tenure.
8225-BTJAU,Yes,0.8255,83,Critical,Month-to-month,Fiber optic,Electronic check,10,79.25,Month-to-month contract,Short tenure,Associated with month-to-month contract and short tenure.
9274-CNFMO,Yes,0.8255,83,Critical,Month-to-month,Fiber optic,Electronic check,4,74.95,Month-to-month contract,Short tenure,Associated with month-to-month contract and short tenure.
7156-MHUGY,Yes,0.8254,83,Critical,Month-to-month,Fiber optic,Electronic check,13,90.5,Month-to-month contract,Fiber optic service,Associated with month-to-month contract and fiber optic service.
1602-IJQQE,Yes,0.8254,83,Critical,Month-to-month,Fiber optic,Electronic check,4,75.35,Month-to-month contract,Short tenure,Associated with month-to-month contract and short tenure.
6689-TCZHQ,Yes,0.8253,83,Critical,Month-to-month,Fiber optic,Electronic check,5,78.95,Month-to-month contract,Short tenure,Associated with month-to-month contract and short tenure.
9436-ZBZCT,Yes,0.825,82,Critical,Month-to-month,Fiber optic,Electronic check,14,89.95,Month-to-month contract,Fiber optic service,Associated with month-to-month contract and fiber optic service.
7354-OIJLX,No,0.8249,82,Critical,Month-to-month,Fiber optic,Electronic check,9,75.85,Month-to-month contract,Short tenure,Associated with month-to-month contract and short tenure.
2025-JKFWI,Yes,0.8249,82,Critical,Month-to-month,Fiber optic,Mailed check,13,99.0,Month-to-month contract,Fiber optic service,Associated with month-to-month contract and fiber optic service.
5183-SNMJQ,No,0.8247,82,Critical,Month-to-month,Fiber optic,Credit card (automatic),10,95.1,Month-to-month contract,Short tenure,Associated with month-to-month contract and short tenure.
5378-IKEEG,Yes,0.8245,82,Critical,Month-to-month,DSL,Electronic check,1,35.75,Month-to-month contract,Short tenure,Associated with month-to-month contract and short tenure.
7517-LDMPS,No,0.8241,82,Critical,Month-to-month,Fiber optic,Electronic check,12,84.6,Month-to-month contract,Short tenure,Associated with month-to-month contract and short tenure.
2397-BRLOM,Yes,0.824,82,Critical,Month-to-month,Fiber optic,Credit card (automatic),8,80.45,Month-to-month contract,Short tenure,Associated with month-to-month contract and short tenure.
2485-ITVKB,Yes,0.8236,82,Critical,Month-to-month,DSL,Electronic check,2,35.1,Month-to-month contract,Short tenure,Associated with month-to-month contract and short tenure.
0375-HVGXO,Yes,0.8234,82,Critical,Month-to-month,DSL,Electronic check,1,34.7,Month-to-month contract,Short tenure,Associated with month-to-month contract and short tenure.
9921-ZVRHG,Yes,0.8232,82,Critical,Month-to-month,Fiber optic,Electronic check,14,80.45,Month-to-month contract,Fiber optic service,Associated with month-to-month contract and fiber optic service.
0822-GAVAP,Yes,0.8231,82,Critical,Month-to-month,DSL,Electronic check,2,34.7,Month-to-month contract,Short tenure,Associated with month-to-month contract and short tenure.
7823-JSOAG,No,0.8229,82,Critical,Month-to-month,Fiber optic,Electronic check,3,74.5,Month-to-month contract,Short tenure,Associated with month-to-month contract and short tenure.
7321-PKUYW,Yes,0.8227,82,Critical,Month-to-month,Fiber optic,Electronic check,11,90.15,Month-to-month contract,Short tenure,Associated with month-to-month contract and short tenure.
7783-YKGDV,Yes,0.8226,82,Critical,Month-to-month,Fiber optic,Bank transfer (automatic),12,99.7,Month-to-month contract,Short tenure,Associated with month-to-month contract and short tenure.
4572-DVCGN,Yes,0.8225,82,Critical,Month-to-month,Fiber optic,Bank transfer (automatic),10,80.25,Month-to-month contract,Short tenure,Associated with month-to-month contract and short tenure.
2077-MPJQO,No,0.8224,82,Critical,Month-to-month,Fiber optic,Electronic check,7,75.4,Month-to-month contract,Short tenure,Associated with month-to-month contract and short tenure.
2081-VEYEH,No,0.8221,82,Critical,Month-to-month,Fiber optic,Electronic check,3,107.95,Month-to-month contract,Short tenure,Associated with month-to-month contract and short tenure.
4559-UWIHT,No,0.8221,82,Critical,Month-to-month,Fiber optic,Electronic check,14,82.65,Month-to-month contract,Fiber optic service,Associated with month-to-month contract and fiber optic service.
9334-GWGOW,No,0.8218,82,Critical,Month-to-month,Fiber optic,Electronic check,7,74.85,Month-to-month contract,Short tenure,Associated with month-to-month contract and short tenure.
3473-XIIIT,Yes,0.8215,82,Critical,Month-to-month,Fiber optic,Electronic check,16,100.0,Month-to-month contract,Fiber optic service,Associated with month-to-month contract and fiber optic service.
0689-NKYLF,Yes,0.8214,82,Critical,Month-to-month,Fiber optic,Electronic check,13,83.2,Month-to-month contract,Fiber optic service,Associated with month-to-month contract and fiber optic service.
6856-RAURS,No,0.821,82,Critical,Month-to-month,Fiber optic,Mailed check,2,74.9,Month-to-month contract,Short tenure,Associated with month-to-month contract and short tenure.
0727-IWKVK,Yes,0.8209,82,Critical,Month-to-month,Fiber optic,Electronic check,9,79.9,Month-to-month contract,Short tenure,Associated with month-to-month contract and short tenure.
1965-AKTSX,Yes,0.8209,82,Critical,Month-to-month,Fiber optic,Electronic check,14,78.95,Month-to-month contract,Fiber optic service,Associated with month-to-month contract and fiber optic service.
8118-TJAFG,No,0.8204,82,Critical,Month-to-month,Fiber optic,Electronic check,9,101.5,Month-to-month contract,Short tenure,Associated with month-to-month contract and short tenure.
8348-HFYIV,Yes,0.8202,82,Critical,Month-to-month,DSL,Electronic check,2,49.25,Month-to-month contract,Short tenure,Associated with month-to-month contract and short tenure.
0023-XUOPT,Yes,0.8202,82,Critical,Month-to-month,Fiber optic,Electronic check,13,94.1,Month-to-month contract,Fiber optic service,Associated with month-to-month contract and fiber optic service.
3295-YVUSR,No,0.8201,82,Critical,Month-to-month,Fiber optic,Mailed check,2,72.6,Month-to-month contract,Short tenure,Associated with month-to-month contract and short tenure.
3797-FKOGQ,No,0.82,82,Critical,Month-to-month,Fiber optic,Electronic check,11,86.2,Month-to-month contract,Short tenure,Associated with month-to-month contract and short tenure.
0661-XEYAN,Yes,0.8199,82,Critical,Month-to-month,DSL,Mailed check,1,25.8,Month-to-month contract,Short tenure,Associated with month-to-month contract and short tenure.
1496-GGSUK,Yes,0.8199,82,Critical,Month-to-month,DSL,Mailed check,1,25.7,Month-to-month contract,Short tenure,Associated with month-to-month contract and short tenure.
2672-DZUOY,Yes,0.8195,82,Critical,Month-to-month,DSL,Electronic check,1,25.15,Month-to-month contract,Short tenure,Associated with month-to-month contract and short tenure.
1508-DFXCU,No,0.8193,82,Critical,Month-to-month,Fiber optic,Electronic check,12,81.45,Month-to-month contract,Short tenure,Associated with month-to-month contract and short tenure.
2983-ZANRP,Yes,0.819,82,Critical,Month-to-month,Fiber optic,Bank transfer (automatic),2,73.55,Month-to-month contract,Short tenure,Associated with month-to-month contract and short tenure.
6711-FLDFB,Yes,0.8187,82,Critical,Month-to-month,Fiber optic,Electronic check,7,74.9,Month-to-month contract,Short tenure,Associated with month-to-month contract and short tenure.
2880-FPNAE,No,0.8186,82,Critical,Month-to-month,Fiber optic,Electronic check,2,74.2,Month-to-month contract,Short tenure,Associated with month-to-month contract and short tenure.
7273-TEFQD,Yes,0.8185,82,Critical,Month-to-month,DSL,Electronic check,3,41.15,Month-to-month contract,Short tenure,Associated with month-to-month contract and short tenure.
8844-TONUD,Yes,0.8181,82,Critical,Month-to-month,Fiber optic,Mailed check,13,96.65,Month-to-month contract,Fiber optic service,Associated with month-to-month contract and fiber optic service.
1513-XNPPH,Yes,0.8181,82,Critical,Month-to-month,Fiber optic,Electronic check,12,89.4,Month-to-month contract,Short tenure,Associated with month-to-month contract and short tenure.
7912-SYRQT,Yes,0.8181,82,Critical,Month-to-month,Fiber optic,Bank transfer (automatic),7,75.1,Month-to-month contract,Short tenure,Associated with month-to-month contract and short tenure.
7426-RHZGU,No,0.8177,82,Critical,Month-to-month,Fiber optic,Bank transfer (automatic),9,95.9,Month-to-month contract,Short tenure,Associated with month-to-month contract and short tenure.
3663-MITLP,Yes,0.8177,82,Critical,Month-to-month,Fiber optic,Electronic check,15,101.25,Month-to-month contract,Fiber optic service,Associated with month-to-month contract and fiber optic service.
5228-EXCET,Yes,0.8177,82,Critical,Month-to-month,Fiber optic,Electronic check,13,80.85,Month-to-month contract,Fiber optic service,Associated with month-to-month contract and fiber optic service.
0840-DFEZH,No,0.8176,82,Critical,Month-to-month,Fiber optic,Electronic check,7,75.35,Month-to-month contract,Short tenure,Associated with month-to-month contract and short tenure.
5923-GXUOC,Yes,0.8173,82,Critical,Month-to-month,Fiber optic,Electronic check,10,104.4,Month-to-month contract,Short tenure,Associated with month-to-month contract and short tenure.
6221-AVQYL,Yes,0.8169,82,Critical,Month-to-month,Fiber optic,Credit card (automatic),2,73.25,Month-to-month contract,Short tenure,Associated with month-to-month contract and short tenure.
3411-WLRSQ,No,0.8167,82,Critical,Month-to-month,Fiber optic,Bank transfer (automatic),3,74.6,Month-to-month contract,Short tenure,Associated with month-to-month contract and short tenure.
0506-LVNGN,Yes,0.8166,82,Critical,Month-to-month,Fiber optic,Credit card (automatic),5,75.55,Month-to-month contract,Short tenure,Associated with month-to-month contract and short tenure.
6204-IEUXJ,Yes,0.8164,82,Critical,Month-to-month,Fiber optic,Credit card (automatic),3,80.1,Month-to-month contract,Short tenure,Associated with month-to-month contract and short tenure.
9391-EOYLI,Yes,0.8163,82,Critical,Month-to-month,Fiber optic,Electronic check,12,80.45,Month-to-month contract,Short tenure,Associated with month-to-month contract and short tenure.
3030-YDNRM,No,0.8163,82,Critical,Month-to-month,Fiber optic,Electronic check,8,74.85,Month-to-month contract,Short tenure,Associated with month-to-month contract and short tenure.
1075-BGWOH,Yes,0.8163,82,Critical,Month-to-month,Fiber optic,Electronic check,16,98.75,Month-to-month contract,Fiber optic service,Associated with month-to-month contract and fiber optic service.
8676-TRMJS,Yes,0.8162,82,Critical,Month-to-month,Fiber optic,Mailed check,3,75.0,Month-to-month contract,Short tenure,Associated with month-to-month contract and short tenure.
3737-GCSPV,Yes,0.8161,82,Critical,Month-to-month,Fiber optic,Credit card (automatic),11,96.2,Month-to-month contract,Short tenure,Associated with month-to-month contract and short tenure.
8337-MSSXB,Yes,0.8158,82,Critical,Month-to-month,Fiber optic,Electronic check,14,86.3,Month-to-month contract,Fiber optic service,Associated with month-to-month contract and fiber optic service.
7625-XCQRH,Yes,0.8158,82,Critical,Month-to-month,Fiber optic,Electronic check,11,76.5,Month-to-month contract,Short tenure,Associated with month-to-month contract and short tenure.
2984-MIIZL,Yes,0.8158,82,Critical,Month-to-month,Fiber optic,Bank transfer (automatic),4,74.8,Month-to-month contract,Short tenure,Associated with month-to-month contract and short tenure.
7315-WYOAW,No,0.8157,82,Critical,Month-to-month,Fiber optic,Electronic check,13,100.75,Month-to-month contract,Fiber optic service,Associated with month-to-month contract and fiber optic service.
0709-TVGUR,Yes,0.8156,82,Critical,Month-to-month,Fiber optic,Electronic check,9,74.55,Month-to-month contract,Short tenure,Associated with month-to-month contract and short tenure.
3292-PBZEJ,No,0.8151,82,Critical,Month-to-month,Fiber optic,Electronic check,11,111.4,Month-to-month contract,Short tenure,Associated with month-to-month contract and short tenure.
0952-KMEEH,Yes,0.8151,82,Critical,Month-to-month,Fiber optic,Mailed check,13,98.15,Month-to-month contract,Fiber optic service,Associated with month-to-month contract and fiber optic service.
2154-KVJFF,Yes,0.815,82,Critical,Month-to-month,Fiber optic,Electronic check,15,79.75,Month-to-month contract,Fiber optic service,Associated with month-to-month contract and fiber optic service.
2080-GKCWQ,No,0.815,82,Critical,Month-to-month,Fiber optic,Electronic check,2,74.95,Month-to-month contract,Short tenure,Associated with month-to-month contract and short tenure.
6608-QQLVK,Yes,0.8147,81,Critical,Month-to-month,DSL,Electronic check,1,50.5,Month-to-month contract,Short tenure,Associated with month-to-month contract and short tenure.
1740-CSDJP,Yes,0.8145,81,Critical,Month-to-month,DSL,Bank transfer (automatic),1,35.25,Month-to-month contract,Short tenure,Associated with month-to-month contract and short tenure.
6818-DJXAA,No,0.8145,81,Critical,Month-to-month,Fiber optic,Electronic check,10,91.1,Month-to-month contract,Short tenure,Associated with month-to-month contract and short tenure.
3374-LXDEV,Yes,0.8145,81,Critical,Month-to-month,Fiber optic,Electronic check,13,89.4,Month-to-month contract,Fiber optic service,Associated with month-to-month contract and fiber optic service.
4282-YMKNA,Yes,0.8144,81,Critical,Month-to-month,Fiber optic,Electronic check,9,74.75,Month-to-month contract,Short tenure,Associated with month-to-month contract and short tenure.
8065-YKXKD,Yes,0.8144,81,Critical,Month-to-month,Fiber optic,Electronic check,10,74.75,Month-to-month contract,Short tenure,Associated with month-to-month contract and short tenure.
1379-FRVEB,No,0.8143,81,Critical,Month-to-month,Fiber optic,Electronic check,15,91.0,Month-to-month contract,Fiber optic service,Associated with month-to-month contract and fiber optic service.
8245-UMPYT,Yes,0.8141,81,Critical,Month-to-month,Fiber optic,Electronic check,16,96.4,Month-to-month contract,Fiber optic service,Associated with month-to-month contract and fiber optic service.
0616-ATFGB,Yes,0.8139,81,Critical,Month-to-month,DSL,Electronic check,1,25.05,Month-to-month contract,Short tenure,Associated with month-to-month contract and short tenure.
0928-XUTSN,No,0.8139,81,Critical,Month-to-month,Fiber optic,Electronic check,13,80.5,Month-to-month contract,Fiber optic service,Associated with month-to-month contract and fiber optic service.
5047-LHVLY,Yes,0.8136,81,Critical,Month-to-month,DSL,Mailed check,1,50.15,Month-to-month contract,Short tenure,Associated with month-to-month contract and short tenure.
3199-XGZCY,No,0.8136,81,Critical,Month-to-month,Fiber optic,Electronic check,8,75.25,Month-to-month contract,Short tenure,Associated with month-to-month contract and short tenure.
8263-JQAIK,Yes,0.8135,81,Critical,Month-to-month,DSL,Mailed check,2,24.45,Month-to-month contract,Short tenure,Associated with month-to-month contract and short tenure.
2344-JMOGN,Yes,0.8134,81,Critical,Month-to-month,Fiber optic,Mailed check,9,94.85,Month-to-month contract,Short tenure,Associated with month-to-month contract and short tenure.
8010-EZLOU,Yes,0.8133,81,Critical,Month-to-month,Fiber optic,Electronic check,15,80.2,Month-to-month contract,Fiber optic service,Associated with month-to-month contract and fiber optic service.
8111-RKSPX,Yes,0.8132,81,Critical,Month-to-month,Fiber optic,Bank transfer (automatic),4,72.2,Month-to-month contract,Short tenure,Associated with month-to-month contract and short tenure.
6692-UDPJC,Yes,0.8131,81,Critical,Month-to-month,Fiber optic,Electronic check,14,91.65,Month-to-month contract,Fiber optic service,Associated with month-to-month contract and fiber optic service.
9625-QSTYE,Yes,0.813,81,Critical,Month-to-month,Fiber optic,Electronic check,13,81.15,Month-to-month contract,Fiber optic service,Associated with month-to-month contract and fiber optic service.
6877-TJMBR,Yes,0.813,81,Critical,Month-to-month,Fiber optic,Electronic check,1,84.8,Month-to-month contract,Short tenure,Associated with month-to-month contract and short tenure.
7242-QZLXF,Yes,0.813,81,Critical,Month-to-month,DSL,Electronic check,1,25.3,Month-to-month contract,Short tenure,Associated with month-to-month contract and short tenure.
8699-ASUFO,Yes,0.8129,81,Critical,Month-to-month,Fiber optic,Mailed check,7,74.4,Month-to-month contract,Short tenure,Associated with month-to-month contract and short tenure.
4536-PLEQY,No,0.8129,81,Critical,Month-to-month,Fiber optic,Credit card (automatic),12,85.05,Month-to-month contract,Short tenure,Associated with month-to-month contract and short tenure.
1024-GUALD,Yes,0.8125,81,Critical,Month-to-month,DSL,Electronic check,1,24.8,Month-to-month contract,Short tenure,Associated with month-to-month contract and short tenure.
0746-JTRFU,Yes,0.8125,81,Critical,Month-to-month,DSL,Electronic check,2,25.05,Month-to-month contract,Short tenure,Associated with month-to-month contract and short tenure.
1689-YQBYY,No,0.8124,81,Critical,Month-to-month,Fiber optic,Electronic check,12,76.6,Month-to-month contract,Short tenure,Associated with month-to-month contract and short tenure.
9093-FPDLG,No,0.8123,81,Critical,Month-to-month,Fiber optic,Electronic check,11,94.2,Month-to-month contract,Short tenure,Associated with month-to-month contract and short tenure.
0612-RTZZA,Yes,0.8123,81,Critical,Month-to-month,DSL,Electronic check,1,25.25,Month-to-month contract,Short tenure,Associated with month-to-month contract and short tenure.
9237-HQITU,Yes,0.8122,81,Critical,Month-to-month,Fiber optic,Electronic check,2,70.7,Month-to-month contract,Short tenure,Associated with month-to-month contract and short tenure.
7410-YTJIK,Yes,0.8121,81,Critical,Month-to-month,Fiber optic,Mailed check,7,75.45,Month-to-month contract,Short tenure,Associated with month-to-month contract and short tenure.
6986-IXNDM,No,0.8121,81,Critical,Month-to-month,Fiber optic,Electronic check,14,92.9,Month-to-month contract,Fiber optic service,Associated with month-to-month contract and fiber optic service.
5652-MSDEY,No,0.8118,81,Critical,Month-to-month,Fiber optic,Mailed check,10,75.75,Month-to-month contract,Short tenure,Associated with month-to-month contract and short tenure.
7568-PODML,Yes,0.8115,81,Critical,Month-to-month,DSL,Mailed check,1,45.3,Month-to-month contract,Short tenure,Associated with month-to-month contract and short tenure.
9773-PEQBZ,No,0.8114,81,Critical,Month-to-month,Fiber optic,Electronic check,10,79.85,Month-to-month contract,Short tenure,Associated with month-to-month contract and short tenure.
5405-ZMYXQ,No,0.8112,81,Critical,Month-to-month,Fiber optic,Credit card (automatic),8,74.6,Month-to-month contract,Short tenure,Associated with month-to-month contract and short tenure.
5747-PMBSQ,Yes,0.8112,81,Critical,Month-to-month,Fiber optic,Mailed check,10,92.5,Month-to-month contract,Short tenure,Associated with month-to-month contract and short tenure.
8835-VSDSE,Yes,0.811,81,Critical,Month-to-month,Fiber optic,Electronic check,2,70.7,Month-to-month contract,Short tenure,Associated with month-to-month contract and short tenure.
2737-WFVYW,Yes,0.8109,81,Critical,Month-to-month,DSL,Electronic check,2,45.25,Month-to-month contract,Short tenure,Associated with month-to-month contract and short tenure.
1024-VRZHF,Yes,0.8098,81,Critical,Month-to-month,Fiber optic,Electronic check,11,74.95,Month-to-month contract,Short tenure,Associated with month-to-month contract and short tenure.
3721-CNEYS,Yes,0.8097,81,Critical,Month-to-month,Fiber optic,Electronic check,2,70.95,Month-to-month contract,Short tenure,Associated with month-to-month contract and short tenure.
4342-HENTK,Yes,0.8096,81,Critical,Month-to-month,Fiber optic,Electronic check,2,70.65,Month-to-month contract,Short tenure,Associated with month-to-month contract and short tenure.
2774-LVQUS,Yes,0.8094,81,Critical,Month-to-month,Fiber optic,Electronic check,15,83.05,Month-to-month contract,Fiber optic service,Associated with month-to-month contract and fiber optic service.
4450-DLLMH,No,0.8092,81,Critical,Month-to-month,Fiber optic,Credit card (automatic),2,71.3,Month-to-month contract,Short tenure,Associated with month-to-month contract and short tenure.
6330-JKLPC,Yes,0.8091,81,Critical,Month-to-month,Fiber optic,Bank transfer (automatic),11,80.5,Month-to-month contract,Short tenure,Associated with month-to-month contract and short tenure.
2754-XBHTB,Yes,0.809,81,Critical,Month-to-month,Fiber optic,Bank transfer (automatic),9,77.65,Month-to-month contract,Short tenure,Associated with month-to-month contract and short tenure.
5482-PLVPE,Yes,0.8088,81,Critical,Month-to-month,DSL,Electronic check,2,24.35,Month-to-month contract,Short tenure,Associated with month-to-month contract and short tenure.
5701-YVSVF,No,0.8081,81,Critical,Month-to-month,Fiber optic,Electronic check,11,82.9,Month-to-month contract,Short tenure,Associated with month-to-month contract and short tenure.
9402-ORRAH,No,0.808,81,Critical,Month-to-month,Fiber optic,Electronic check,15,91.5,Month-to-month contract,Fiber optic service,Associated with month-to-month contract and fiber optic service.
2114-MGINA,Yes,0.8079,81,Critical,Month-to-month,Fiber optic,Mailed check,14,89.8,Month-to-month contract,Fiber optic service,Associated with month-to-month contract and fiber optic service.
6583-KQJLK,No,0.8079,81,Critical,Month-to-month,Fiber optic,Electronic check,15,94.65,Month-to-month contract,Fiber optic service,Associated with month-to-month contract and fiber optic service.
6502-HCJTI,Yes,0.8079,81,Critical,Month-to-month,Fiber optic,Credit card (automatic),7,94.7,Month-to-month contract,Short tenure,Associated with month-to-month contract and short tenure.
8999-BOHSE,Yes,0.8071,81,Critical,Month-to-month,Fiber optic,Bank transfer (automatic),11,89.7,Month-to-month contract,Short tenure,Associated with month-to-month contract and short tenure.
6175-IRFIT,No,0.8071,81,Critical,Month-to-month,Fiber optic,Mailed check,5,78.75,Month-to-month contract,Short tenure,Associated with month-to-month contract and short tenure.
1867-BDVFH,Yes,0.8065,81,Critical,Month-to-month,Fiber optic,Electronic check,11,74.35,Month-to-month contract,Short tenure,Associated with month-to-month contract and short tenure.
5364-EVNIB,Yes,0.8064,81,Critical,Month-to-month,Fiber optic,Electronic check,13,79.8,Month-to-month contract,Fiber optic service,Associated with month-to-month contract and fiber optic service.
0122-OAHPZ,Yes,0.8059,81,Critical,Month-to-month,Fiber optic,Electronic check,7,73.85,Month-to-month contract,Short tenure,Associated with month-to-month contract and short tenure.
5399-ZIMKF,No,0.8057,81,Critical,Month-to-month,Fiber optic,Electronic check,5,74.65,Month-to-month contract,Short tenure,Associated with month-to-month contract and short tenure.
6127-IYJOZ,No,0.8057,81,Critical,Month-to-month,DSL,Mailed check,1,45.85,Month-to-month contract,Short tenure,Associated with month-to-month contract and short tenure.
7590-VHVEG,No,0.8056,81,Critical,Month-to-month,DSL,Electronic check,1,29.85,Month-to-month contract,Short tenure,Associated with month-to-month contract and short tenure.
1918-ZBFQJ,Yes,0.8056,81,Critical,Month-to-month,Fiber optic,Electronic check,13,79.25,Month-to-month contract,Fiber optic service,Associated with month-to-month contract and fiber optic service.
8873-GLDMH,No,0.8053,81,Critical,Month-to-month,Fiber optic,Mailed check,6,73.85,Month-to-month contract,Short tenure,Associated with month-to-month contract and short tenure.
2272-QAGFO,Yes,0.8051,81,Critical,Month-to-month,Fiber optic,Electronic check,14,74.3,Month-to-month contract,Fiber optic service,Associated with month-to-month contract and fiber optic service.
7928-VJYAB,No,0.8049,80,Critical,Month-to-month,Fiber optic,Electronic check,11,90.6,Month-to-month contract,Short tenure,Associated with month-to-month contract and short tenure.
0196-JTUQI,No,0.8048,80,Critical,Month-to-month,Fiber optic,Credit card (automatic),9,75.2,Month-to-month contract,Short tenure,Associated with month-to-month contract and short tenure.
8064-RAVOH,No,0.8048,80,Critical,Month-to-month,DSL,Electronic check,1,49.85,Month-to-month contract,Short tenure,Associated with month-to-month contract and short tenure.
6127-ISGTU,Yes,0.8046,80,Critical,Month-to-month,Fiber optic,Electronic check,16,84.95,Month-to-month contract,Fiber optic service,Associated with month-to-month contract and fiber optic service.
2135-RXIHG,Yes,0.8045,80,Critical,Month-to-month,DSL,Electronic check,1,45.65,Month-to-month contract,Short tenure,Associated with month-to-month contract and short tenure.
6087-MVHJH,Yes,0.8045,80,Critical,Month-to-month,Fiber optic,Electronic check,16,88.45,Month-to-month contract,Fiber optic service,Associated with month-to-month contract and fiber optic service.
2082-CEFLT,Yes,0.8045,80,Critical,Month-to-month,DSL,Electronic check,1,45.6,Month-to-month contract,Short tenure,Associated with month-to-month contract and short tenure.
5937-EORGB,No,0.8044,80,Critical,Month-to-month,Fiber optic,Electronic check,15,96.5,Month-to-month contract,Fiber optic service,Associated with month-to-month contract and fiber optic service.
7767-UXAGJ,Yes,0.8043,80,Critical,Month-to-month,DSL,Electronic check,1,50.45,Month-to-month contract,Short tenure,Associated with month-to-month contract and short tenure.
6860-YRJZP,No,0.8042,80,Critical,Month-to-month,Fiber optic,Electronic check,9,74.05,Month-to-month contract,Short tenure,Associated with month-to-month contract and short tenure.
2018-PZKMU,No,0.8041,80,Critical,Month-to-month,Fiber optic,Electronic check,9,103.1,Month-to-month contract,Short tenure,Associated with month-to-month contract and short tenure.
8280-MQRQN,Yes,0.8041,80,Critical,Month-to-month,DSL,Mailed check,1,50.45,Month-to-month contract,Short tenure,Associated with month-to-month contract and short tenure.
4373-MAVJG,Yes,0.8037,80,Critical,Month-to-month,Fiber optic,Bank transfer (automatic),14,90.9,Month-to-month contract,Fiber optic service,Associated with month-to-month contract and fiber optic service.
6128-CZOMY,Yes,0.8037,80,Critical,Month-to-month,DSL,Electronic check,1,45.65,Month-to-month contract,Short tenure,Associated with month-to-month contract and short tenure.
5288-AHOUP,No,0.8037,80,Critical,Month-to-month,Fiber optic,Electronic check,11,78.5,Month-to-month contract,Short tenure,Associated with month-to-month contract and short tenure.
5077-DXTCG,Yes,0.8029,80,Critical,Month-to-month,DSL,Electronic check,1,45.3,Month-to-month contract,Short tenure,Associated with month-to-month contract and short tenure.
4298-OYIFC,No,0.8026,80,Critical,Month-to-month,Fiber optic,Electronic check,15,103.45,Month-to-month contract,Fiber optic service,Associated with month-to-month contract and fiber optic service.
3372-KWFBM,Yes,0.8024,80,Critical,Month-to-month,Fiber optic,Electronic check,16,86.6,Month-to-month contract,Fiber optic service,Associated with month-to-month contract and fiber optic service.
4514-GFCFI,Yes,0.8024,80,Critical,Month-to-month,Fiber optic,Electronic check,16,84.75,Month-to-month contract,Fiber optic service,Associated with month-to-month contract and fiber optic service.
9685-WKZGT,Yes,0.8023,80,Critical,Month-to-month,Fiber optic,Electronic check,14,74.95,Month-to-month contract,Fiber optic service,Associated with month-to-month contract and fiber optic service.
3841-CONLJ,No,0.802,80,Critical,Month-to-month,DSL,Electronic check,1,35.0,Month-to-month contract,Short tenure,Associated with month-to-month contract and short tenure.
2800-VEQXM,No,0.8019,80,Critical,Month-to-month,Fiber optic,Mailed check,3,74.75,Month-to-month contract,Short tenure,Associated with month-to-month contract and short tenure.
4631-OACRM,Yes,0.8017,80,Critical,Month-to-month,Fiber optic,Electronic check,15,79.4,Month-to-month contract,Fiber optic service,Associated with month-to-month contract and fiber optic service.
8107-KNCIM,No,0.8016,80,Critical,Month-to-month,Fiber optic,Electronic check,14,75.1,Month-to-month contract,Fiber optic service,Associated with month-to-month contract and fiber optic service.
9643-AVVWI,No,0.8014,80,Critical,Month-to-month,Fiber optic,Electronic check,3,80.0,Month-to-month contract,Short tenure,Associated with month-to-month contract and short tenure.
9828-AOQLM,Yes,0.8013,80,Critical,Month-to-month,DSL,Electronic check,1,45.7,Month-to-month contract,Short tenure,Associated with month-to-month contract and short tenure.
7854-FOKSF,Yes,0.8013,80,Critical,Month-to-month,DSL,Electronic check,1,35.9,Month-to-month contract,Short tenure,Associated with month-to-month contract and short tenure.
4154-AQUGT,Yes,0.8012,80,Critical,Month-to-month,Fiber optic,Bank transfer (automatic),13,89.05,Month-to-month contract,Fiber optic service,Associated with month-to-month contract and fiber optic service.
7384-GHBPI,Yes,0.8012,80,Critical,Month-to-month,DSL,Electronic check,3,35.15,Month-to-month contract,Short tenure,Associated with month-to-month contract and short tenure.
1660-HSOOQ,Yes,0.8007,80,Critical,Month-to-month,DSL,Mailed check,1,49.65,Month-to-month contract,Short tenure,Associated with month-to-month contract and short tenure.
3583-EKAPL,Yes,0.8003,80,Critical,Month-to-month,DSL,Electronic check,1,55.0,Month-to-month contract,Short tenure,Associated with month-to-month contract and short tenure.
0004-TLHLJ,Yes,0.8003,80,Critical,Month-to-month,Fiber optic,Electronic check,4,73.9,Month-to-month contract,Short tenure,Associated with month-to-month contract and short tenure.
0315-LVCRK,No,0.8002,80,Critical,Month-to-month,Fiber optic,Electronic check,11,84.8,Month-to-month contract,Short tenure,Associated with month-to-month contract and short tenure.
7537-RBWEA,No,0.7999,80,Critical,Month-to-month,DSL,Mailed check,1,25.15,Month-to-month contract,Short tenure,Associated with month-to-month contract and short tenure.
6032-IGALN,Yes,0.7999,80,Critical,Month-to-month,DSL,Mailed check,1,25.1,Month-to-month contract,Short tenure,Associated with month-to-month contract and short tenure.
6215-NQCPY,No,0.7998,80,Critical,Month-to-month,Fiber optic,Electronic check,15,99.7,Month-to-month contract,Fiber optic service,Associated with month-to-month contract and fiber optic service.
6347-DCUIK,Yes,0.7997,80,Critical,Month-to-month,Fiber optic,Mailed check,10,74.15,Month-to-month contract,Short tenure,Associated with month-to-month contract and short tenure.
0685-MLYYM,Yes,0.7996,80,Critical,Month-to-month,Fiber optic,Electronic check,2,70.75,Month-to-month contract,Short tenure,Associated with month-to-month contract and short tenure.
5480-HPRRX,Yes,0.7996,80,Critical,Month-to-month,DSL,Electronic check,3,25.3,Month-to-month contract,Short tenure,Associated with month-to-month contract and short tenure.
5271-DBYSJ,No,0.799,80,Critical,Month-to-month,Fiber optic,Credit card (automatic),11,79.15,Month-to-month contract,Short tenure,Associated with month-to-month contract and short tenure.
9514-JDSKI,Yes,0.7987,80,Critical,Month-to-month,DSL,Electronic check,1,40.2,Month-to-month contract,Short tenure,Associated with month-to-month contract and short tenure.
2187-PKZAY,No,0.7987,80,Critical,Month-to-month,Fiber optic,Bank transfer (automatic),12,79.95,Month-to-month contract,Short tenure,Associated with month-to-month contract and short tenure.
8519-IMDHU,Yes,0.7986,80,Critical,Month-to-month,Fiber optic,Bank transfer (automatic),15,85.6,Month-to-month contract,Fiber optic service,Associated with month-to-month contract and fiber optic service.
9889-TMAHG,Yes,0.7985,80,Critical,Month-to-month,Fiber optic,Credit card (automatic),8,100.3,Month-to-month contract,Short tenure,Associated with month-to-month contract and short tenure.
0928-JMXNP,No,0.7985,80,Critical,Month-to-month,DSL,Electronic check,4,29.9,Month-to-month contract,Short tenure,Associated with month-to-month contract and short tenure.
4585-HETAI,Yes,0.7984,80,Critical,Month-to-month,Fiber optic,Electronic check,4,73.75,Month-to-month contract,Short tenure,Associated with month-to-month contract and short tenure.
7890-VYYWG,Yes,0.7981,80,Critical,Month-to-month,DSL,Mailed check,3,36.45,Month-to-month contract,Short tenure,Associated with month-to-month contract and short tenure.
3914-FDRHP,No,0.7981,80,Critical,Month-to-month,Fiber optic,Electronic check,9,86.25,Month-to-month contract,Short tenure,Associated with month-to-month contract and short tenure.
2740-TVLFN,No,0.798,80,Critical,Month-to-month,DSL,Electronic check,1,50.15,Month-to-month contract,Short tenure,Associated with month-to-month contract and short tenure.
7321-VGNKU,No,0.7978,80,Critical,Month-to-month,Fiber optic,Electronic check,2,70.35,Month-to-month contract,Short tenure,Associated with month-to-month contract and short tenure.
5028-GZLDO,Yes,0.7978,80,Critical,Month-to-month,Fiber optic,Credit card (automatic),2,70.7,Month-to-month contract,Short tenure,Associated with month-to-month contract and short tenure.
1262-OPMFY,Yes,0.7977,80,Critical,Month-to-month,Fiber optic,Bank transfer (automatic),9,75.75,Month-to-month contract,Short tenure,Associated with month-to-month contract and short tenure.
6959-UWKHF,Yes,0.7976,80,Critical,Month-to-month,DSL,Electronic check,1,42.9,Month-to-month contract,Short tenure,Associated with month-to-month contract and short tenure.
8356-WUAOJ,No,0.7975,80,Critical,Month-to-month,DSL,Electronic check,1,45.0,Month-to-month contract,Short tenure,Associated with month-to-month contract and short tenure.
2905-KFQUV,No,0.7975,80,Critical,Month-to-month,Fiber optic,Credit card (automatic),2,70.4,Month-to-month contract,Short tenure,Associated with month-to-month contract and short tenure.
3376-BMGFE,Yes,0.7974,80,Critical,Month-to-month,Fiber optic,Bank transfer (automatic),4,70.9,Month-to-month contract,Short tenure,Associated with month-to-month contract and short tenure.
0508-OOLTO,No,0.7974,80,Critical,Month-to-month,Fiber optic,Electronic check,2,71.65,Month-to-month contract,Short tenure,Associated with month-to-month contract and short tenure.
0248-IPDFW,No,0.7971,80,Critical,Month-to-month,DSL,Electronic check,1,50.1,Month-to-month contract,Short tenure,Associated with month-to-month contract and short tenure.
1976-CFOCS,Yes,0.7971,80,Critical,Month-to-month,DSL,Electronic check,1,46.0,Month-to-month contract,Short tenure,Associated with month-to-month contract and short tenure.
9398-MMQTO,No,0.7971,80,Critical,Month-to-month,Fiber optic,Credit card (automatic),3,74.45,Month-to-month contract,Short tenure,Associated with month-to-month contract and short tenure.
1475-VWVDO,No,0.7964,80,Critical,Month-to-month,Fiber optic,Electronic check,7,74.9,Month-to-month contract,Short tenure,Associated with month-to-month contract and short tenure.
8705-WZCYL,No,0.7962,80,Critical,Month-to-month,DSL,Electronic check,1,44.8,Month-to-month contract,Short tenure,Associated with month-to-month contract and short tenure.
4373-VVHQL,No,0.7962,80,Critical,Month-to-month,DSL,Electronic check,1,44.75,Month-to-month contract,Short tenure,Associated with month-to-month contract and short tenure.
3186-BAXNB,Yes,0.7961,80,Critical,Month-to-month,Fiber optic,Electronic check,1,91.7,Month-to-month contract,Short tenure,Associated with month-to-month contract and short tenure.
1583-IHQZE,Yes,0.796,80,Critical,Month-to-month,Fiber optic,Mailed check,12,112.95,Month-to-month contract,Short tenure,Associated with month-to-month contract and short tenure.
0674-EYYZV,No,0.7959,80,Critical,Month-to-month,DSL,Electronic check,1,54.65,Month-to-month contract,Short tenure,Associated with month-to-month contract and short tenure.
9874-QLCLH,Yes,0.7958,80,Critical,Month-to-month,Fiber optic,Electronic check,17,104.2,Month-to-month contract,Fiber optic service,Associated with month-to-month contract and fiber optic service.
3317-VLGQT,No,0.7958,80,Critical,Month-to-month,Fiber optic,Electronic check,14,78.1,Month-to-month contract,Fiber optic service,Associated with month-to-month contract and fiber optic service.
9191-MYQKX,Yes,0.7955,80,Critical,Month-to-month,Fiber optic,Bank transfer (automatic),7,75.15,Month-to-month contract,Short tenure,Associated with month-to-month contract and short tenure.
3488-PGMQJ,Yes,0.7953,80,Critical,Month-to-month,Fiber optic,Electronic check,8,74.5,Month-to-month contract,Short tenure,Associated with month-to-month contract and short tenure.
9420-LOJKX,Yes,0.7952,80,Critical,Month-to-month,Fiber optic,Credit card (automatic),15,99.1,Month-to-month contract,Fiber optic service,Associated with month-to-month contract and fiber optic service.
8617-ENBDS,No,0.7951,80,Critical,Month-to-month,Fiber optic,Credit card (automatic),3,73.6,Month-to-month contract,Short tenure,Associated with month-to-month contract and short tenure.
6519-CFDBX,No,0.7948,79,High,Month-to-month,DSL,Electronic check,2,45.4,Month-to-month contract,Short tenure,Associated with month-to-month contract and short tenure.
0224-RLWWD,No,0.7945,79,High,Month-to-month,DSL,Electronic check,2,44.3,Month-to-month contract,Short tenure,Associated with month-to-month contract and short tenure.
1112-CUNAO,Yes,0.7945,79,High,Month-to-month,Fiber optic,Electronic check,15,89.85,Month-to-month contract,Fiber optic service,Associated with month-to-month contract and fiber optic service.
8445-DNBAE,No,0.7944,79,High,Month-to-month,DSL,Electronic check,1,50.05,Month-to-month contract,Short tenure,Associated with month-to-month contract and short tenure.
7072-MBHEV,No,0.7944,79,High,Month-to-month,Fiber optic,Credit card (automatic),11,78.1,Month-to-month contract,Short tenure,Associated with month-to-month contract and short tenure.
3143-JQEGI,Yes,0.7943,79,High,Month-to-month,Fiber optic,Electronic check,13,88.35,Month-to-month contract,Fiber optic service,Associated with month-to-month contract and fiber optic service.
8325-QRPZR,No,0.7942,79,High,Month-to-month,Fiber optic,Electronic check,7,75.15,Month-to-month contract,Short tenure,Associated with month-to-month contract and short tenure.
1393-IMKZG,No,0.7941,79,High,Month-to-month,Fiber optic,Electronic check,1,95.85,Month-to-month contract,Short tenure,Associated with month-to-month contract and short tenure.
2506-CLAKW,Yes,0.7941,79,High,Month-to-month,Fiber optic,Bank transfer (automatic),6,98.15,Month-to-month contract,Short tenure,Associated with month-to-month contract and short tenure.
5804-LEPIM,Yes,0.794,79,High,Month-to-month,Fiber optic,Electronic check,2,70.35,Month-to-month contract,Short tenure,Associated with month-to-month contract and short tenure.
0620-DLSLK,No,0.794,79,High,Month-to-month,Fiber optic,Mailed check,13,81.9,Month-to-month contract,Fiber optic service,Associated with month-to-month contract and fiber optic service.
4361-JEIVL,Yes,0.7939,79,High,Month-to-month,DSL,Electronic check,1,44.4,Month-to-month contract,Short tenure,Associated with month-to-month contract and short tenure.
4367-NHWMM,No,0.7937,79,High,Month-to-month,DSL,Mailed check,1,24.9,Month-to-month contract,Short tenure,Associated with month-to-month contract and short tenure.
8080-DDEMJ,Yes,0.7934,79,High,Month-to-month,DSL,Electronic check,1,45.1,Month-to-month contract,Short tenure,Associated with month-to-month contract and short tenure.
0570-BFQHT,No,0.7932,79,High,Month-to-month,Fiber optic,Electronic check,9,80.55,Month-to-month contract,Short tenure,Associated with month-to-month contract and short tenure.
6185-TASNN,No,0.7931,79,High,Month-to-month,DSL,Electronic check,1,46.3,Month-to-month contract,Short tenure,Associated with month-to-month contract and short tenure.
4749-VFKVB,Yes,0.793,79,High,Month-to-month,DSL,Mailed check,1,50.1,Month-to-month contract,Short tenure,Associated with month-to-month contract and short tenure.
3754-DXMRT,Yes,0.7928,79,High,Month-to-month,DSL,Electronic check,2,44.15,Month-to-month contract,Short tenure,Associated with month-to-month contract and short tenure.
4816-JBHOV,Yes,0.7928,79,High,Month-to-month,DSL,Electronic check,2,44.7,Month-to-month contract,Short tenure,Associated with month-to-month contract and short tenure.
9717-QEBGU,No,0.7927,79,High,Month-to-month,Fiber optic,Electronic check,2,70.3,Month-to-month contract,Short tenure,Associated with month-to-month contract and short tenure.
3334-CTHOL,Yes,0.7925,79,High,Month-to-month,DSL,Bank transfer (automatic),1,49.95,Month-to-month contract,Short tenure,Associated with month-to-month contract and short tenure.
7442-YGZFK,No,0.7924,79,High,Month-to-month,DSL,Credit card (automatic),1,49.8,Month-to-month contract,Short tenure,Associated with month-to-month contract and short tenure.
4706-DGAHW,No,0.7923,79,High,Month-to-month,DSL,Electronic check,1,45.2,Month-to-month contract,Short tenure,Associated with month-to-month contract and short tenure.
5599-HVLTW,No,0.7922,79,High,Month-to-month,Fiber optic,Bank transfer (automatic),14,80.35,Month-to-month contract,Fiber optic service,Associated with month-to-month contract and fiber optic service.
7861-UVUFT,Yes,0.7921,79,High,Month-to-month,Fiber optic,Electronic check,15,84.3,Month-to-month contract,Fiber optic service,Associated with month-to-month contract and fiber optic service.
9638-JIQYA,No,0.7921,79,High,Month-to-month,DSL,Credit card (automatic),2,24.9,Month-to-month contract,Short tenure,Associated with month-to-month contract and short tenure.
0887-HJGAR,Yes,0.7918,79,High,Month-to-month,DSL,Mailed check,1,45.7,Month-to-month contract,Short tenure,Associated with month-to-month contract and short tenure.
9117-SHLZX,Yes,0.7918,79,High,Month-to-month,DSL,Mailed check,1,45.7,Month-to-month contract,Short tenure,Associated with month-to-month contract and short tenure.
4237-RLAQD,Yes,0.7918,79,High,Month-to-month,DSL,Mailed check,1,45.85,Month-to-month contract,Short tenure,Associated with month-to-month contract and short tenure.
5133-POWUA,No,0.7918,79,High,Month-to-month,DSL,Mailed check,1,45.8,Month-to-month contract,Short tenure,Associated with month-to-month contract and short tenure.
2386-LAHRK,Yes,0.7918,79,High,Month-to-month,DSL,Mailed check,1,53.5,Month-to-month contract,Short tenure,Associated with month-to-month contract and short tenure.
7780-OTDSO,Yes,0.7911,79,High,Month-to-month,Fiber optic,Electronic check,18,99.4,Month-to-month contract,Fiber optic service,Associated with month-to-month contract and fiber optic service.
3566-HJGPK,No,0.791,79,High,Month-to-month,DSL,Mailed check,1,45.55,Month-to-month contract,Short tenure,Associated with month-to-month contract and short tenure.
3926-CUQZX,Yes,0.791,79,High,Month-to-month,DSL,Bank transfer (automatic),1,45.1,Month-to-month contract,Short tenure,Associated with month-to-month contract and short tenure.
2933-FILNV,Yes,0.7908,79,High,Month-to-month,DSL,Mailed check,2,24.4,Month-to-month contract,Short tenure,Associated with month-to-month contract and short tenure.
3165-HDOEW,Yes,0.7905,79,High,Month-to-month,DSL,Mailed check,1,45.85,Month-to-month contract,Short tenure,Associated with month-to-month contract and short tenure.
3644-QXEHN,No,0.7905,79,High,Month-to-month,Fiber optic,Electronic check,13,97.0,Month-to-month contract,Fiber optic service,Associated with month-to-month contract and fiber optic service.
5696-QURRL,Yes,0.7903,79,High,Month-to-month,DSL,Mailed check,1,45.05,Month-to-month contract,Short tenure,Associated with month-to-month contract and short tenure.
7065-YUNRY,Yes,0.7902,79,High,Month-to-month,DSL,Mailed check,1,45.3,Month-to-month contract,Short tenure,Associated with month-to-month contract and short tenure.
5692-FPTAH,Yes,0.7902,79,High,Month-to-month,DSL,Mailed check,1,45.4,Month-to-month contract,Short tenure,Associated with month-to-month contract and short tenure.
9907-SWKKF,Yes,0.7902,79,High,Month-to-month,DSL,Mailed check,1,25.05,Month-to-month contract,Short tenure,Associated with month-to-month contract and short tenure.
2275-RBYQS,No,0.7902,79,High,Month-to-month,DSL,Mailed check,1,45.4,Month-to-month contract,Short tenure,Associated with month-to-month contract and short tenure.
5868-CZJDR,Yes,0.7901,79,High,Month-to-month,DSL,Mailed check,1,31.35,Month-to-month contract,Short tenure,Associated with month-to-month contract and short tenure.
4074-SJFFA,Yes,0.79,79,High,Month-to-month,DSL,Mailed check,1,54.75,Month-to-month contract,Short tenure,Associated with month-to-month contract and short tenure.
2055-PDADH,Yes,0.7897,79,High,Month-to-month,Fiber optic,Electronic check,3,70.4,Month-to-month contract,Short tenure,Associated with month-to-month contract and short tenure.
4929-BSTRX,Yes,0.7894,79,High,Month-to-month,DSL,Mailed check,1,53.55,Month-to-month contract,Short tenure,Associated with month-to-month contract and short tenure.
2862-PFNIK,No,0.7893,79,High,Month-to-month,DSL,Electronic check,1,24.7,Month-to-month contract,Short tenure,Associated with month-to-month contract and short tenure.
4317-VTEOA,Yes,0.7889,79,High,Month-to-month,DSL,Electronic check,1,50.75,Month-to-month contract,Short tenure,Associated with month-to-month contract and short tenure.
4855-SNKMY,Yes,0.7889,79,High,Month-to-month,DSL,Electronic check,1,44.1,Month-to-month contract,Short tenure,Associated with month-to-month contract and short tenure.
4195-NZGTA,No,0.7886,79,High,Month-to-month,DSL,Electronic check,1,25.25,Month-to-month contract,Short tenure,Associated with month-to-month contract and short tenure.
4629-NRXKX,Yes,0.7885,79,High,Month-to-month,Fiber optic,Electronic check,2,70.4,Month-to-month contract,Short tenure,Associated with month-to-month contract and short tenure.
9763-PDTKK,Yes,0.7884,79,High,Month-to-month,Fiber optic,Bank transfer (automatic),4,94.4,Month-to-month contract,Short tenure,Associated with month-to-month contract and short tenure.
5442-XSDCW,Yes,0.7883,79,High,Month-to-month,Fiber optic,Bank transfer (automatic),11,79.5,Month-to-month contract,Short tenure,Associated with month-to-month contract and short tenure.
9752-ZNQUT,No,0.7883,79,High,Month-to-month,DSL,Electronic check,1,48.6,Month-to-month contract,Short tenure,Associated with month-to-month contract and short tenure.
6551-GNYDG,No,0.788,79,High,Month-to-month,Fiber optic,Bank transfer (automatic),14,80.9,Month-to-month contract,Fiber optic service,Associated with month-to-month contract and fiber optic service.
3278-FSIXX,No,0.788,79,High,Month-to-month,DSL,Mailed check,2,45.25,Month-to-month contract,Short tenure,Associated with month-to-month contract and short tenure.
3966-HRMZA,No,0.7878,79,High,Month-to-month,Fiber optic,Mailed check,3,75.05,Month-to-month contract,Short tenure,Associated with month-to-month contract and short tenure.
8981-FJGLA,No,0.7877,79,High,Month-to-month,Fiber optic,Mailed check,11,78.0,Month-to-month contract,Short tenure,Associated with month-to-month contract and short tenure.
4351-QLCSU,Yes,0.7877,79,High,Month-to-month,DSL,Credit card (automatic),1,55.0,Month-to-month contract,Short tenure,Associated with month-to-month contract and short tenure.
1428-GTBJJ,Yes,0.7876,79,High,Month-to-month,Fiber optic,Electronic check,11,74.55,Month-to-month contract,Short tenure,Associated with month-to-month contract and short tenure.
0125-LZQXK,Yes,0.7875,79,High,Month-to-month,Fiber optic,Electronic check,15,101.35,Month-to-month contract,Fiber optic service,Associated with month-to-month contract and fiber optic service.
8802-UNOJF,Yes,0.7874,79,High,Month-to-month,Fiber optic,Mailed check,12,83.8,Month-to-month contract,Short tenure,Associated with month-to-month contract and short tenure.
4854-CIDCF,No,0.7869,79,High,Month-to-month,Fiber optic,Electronic check,3,73.85,Month-to-month contract,Short tenure,Associated with month-to-month contract and short tenure.
6683-VLCTZ,Yes,0.7866,79,High,Month-to-month,Fiber optic,Electronic check,20,98.55,Month-to-month contract,Fiber optic service,Associated with month-to-month contract and fiber optic service.
6100-QQHEB,Yes,0.7865,79,High,Month-to-month,Fiber optic,Electronic check,17,92.55,Month-to-month contract,Fiber optic service,Associated with month-to-month contract and fiber optic service.
8541-QVFKM,No,0.7864,79,High,Month-to-month,Fiber optic,Electronic check,8,73.5,Month-to-month contract,Short tenure,Associated with month-to-month contract and short tenure.
9283-LZQOH,Yes,0.7863,79,High,Month-to-month,Fiber optic,Credit card (automatic),13,74.4,Month-to-month contract,Fiber optic service,Associated with month-to-month contract and fiber optic service.
4441-NIHPT,Yes,0.7862,79,High,Month-to-month,Fiber optic,Electronic check,13,74.3,Month-to-month contract,Fiber optic service,Associated with month-to-month contract and fiber optic service.
9058-CBREO,Yes,0.7862,79,High,Month-to-month,DSL,Mailed check,1,50.55,Month-to-month contract,Short tenure,Associated with month-to-month contract and short tenure.
0644-OQMDK,No,0.7858,79,High,Month-to-month,Fiber optic,Electronic check,4,70.65,Month-to-month contract,Short tenure,Associated with month-to-month contract and short tenure.
9494-MRNYX,No,0.7858,79,High,Month-to-month,Fiber optic,Electronic check,10,75.05,Month-to-month contract,Short tenure,Associated with month-to-month contract and short tenure.
2460-NGXBJ,No,0.7857,79,High,Month-to-month,Fiber optic,Credit card (automatic),11,75.2,Month-to-month contract,Short tenure,Associated with month-to-month contract and short tenure.
8950-MTZNV,No,0.7856,79,High,Month-to-month,DSL,Mailed check,1,44.95,Month-to-month contract,Short tenure,Associated with month-to-month contract and short tenure.
3070-DVEYC,Yes,0.785,78,High,Month-to-month,Fiber optic,Mailed check,7,73.75,Month-to-month contract,Short tenure,Associated with month-to-month contract and short tenure.
9658-WYUFB,Yes,0.7845,78,High,Month-to-month,Fiber optic,Electronic check,17,94.4,Month-to-month contract,Fiber optic service,Associated with month-to-month contract and fiber optic service.
4505-EXZHB,Yes,0.7842,78,High,Month-to-month,Fiber optic,Electronic check,6,74.4,Month-to-month contract,Short tenure,Associated with month-to-month contract and short tenure.
8650-RHRKE,Yes,0.7842,78,High,Month-to-month,DSL,Electronic check,4,29.65,Month-to-month contract,Short tenure,Associated with month-to-month contract and short tenure.
8710-YGLWG,No,0.7841,78,High,Month-to-month,DSL,Mailed check,1,44.9,Month-to-month contract,Short tenure,Associated with month-to-month contract and short tenure.
4847-QNOKA,Yes,0.784,78,High,Month-to-month,DSL,Bank transfer (automatic),1,44.9,Month-to-month contract,Short tenure,Associated with month-to-month contract and short tenure.
9947-OTFQU,Yes,0.7838,78,High,Month-to-month,Fiber optic,Electronic check,15,74.4,Month-to-month contract,Fiber optic service,Associated with month-to-month contract and fiber optic service.
1845-ZLLIG,No,0.7836,78,High,Month-to-month,DSL,Mailed check,1,50.15,Month-to-month contract,Short tenure,Associated with month-to-month contract and short tenure.
7663-RGWBC,Yes,0.7835,78,High,Month-to-month,DSL,Mailed check,1,44.15,Month-to-month contract,Short tenure,Associated with month-to-month contract and short tenure.
0082-LDZUE,No,0.7835,78,High,Month-to-month,DSL,Mailed check,1,44.3,Month-to-month contract,Short tenure,Associated with month-to-month contract and short tenure.
6338-AVWCY,Yes,0.7834,78,High,Month-to-month,DSL,Mailed check,3,40.15,Month-to-month contract,Short tenure,Associated with month-to-month contract and short tenure.
5879-SESNB,No,0.7833,78,High,Month-to-month,Fiber optic,Electronic check,11,75.25,Month-to-month contract,Short tenure,Associated with month-to-month contract and short tenure.
5519-YLDGW,Yes,0.7833,78,High,Month-to-month,Fiber optic,Electronic check,21,103.9,Month-to-month contract,Fiber optic service,Associated with month-to-month contract and fiber optic service.
5899-MQZZL,Yes,0.7832,78,High,Month-to-month,Fiber optic,Mailed check,13,75.0,Month-to-month contract,Fiber optic service,Associated with month-to-month contract and fiber optic service.
1196-AMORA,Yes,0.7831,78,High,Month-to-month,Fiber optic,Electronic check,7,73.6,Month-to-month contract,Short tenure,Associated with month-to-month contract and short tenure.
9809-IMGCQ,Yes,0.7829,78,High,Month-to-month,Fiber optic,Electronic check,22,96.7,Month-to-month contract,Fiber optic service,Associated with month-to-month contract and fiber optic service.
9102-IAYHT,Yes,0.7829,78,High,Month-to-month,Fiber optic,Electronic check,17,85.45,Month-to-month contract,Fiber optic service,Associated with month-to-month contract and fiber optic service.
6595-COKXZ,Yes,0.7826,78,High,Month-to-month,DSL,Mailed check,1,44.45,Month-to-month contract,Short tenure,Associated with month-to-month contract and short tenure.
6892-XPFPU,Yes,0.7825,78,High,Month-to-month,Fiber optic,Electronic check,24,104.25,Month-to-month contract,Fiber optic service,Associated with month-to-month contract and fiber optic service.
2897-DOVND,No,0.7823,78,High,Month-to-month,Fiber optic,Electronic check,2,69.8,Month-to-month contract,Short tenure,Associated with month-to-month contract and short tenure.
4597-NUCQV,Yes,0.7823,78,High,Month-to-month,Fiber optic,Electronic check,24,101.25,Month-to-month contract,Fiber optic service,Associated with month-to-month contract and fiber optic service.
5956-YHHRX,No,0.7823,78,High,Month-to-month,Fiber optic,Electronic check,21,104.35,Month-to-month contract,Fiber optic service,Associated with month-to-month contract and fiber optic service.
5442-BHQNG,No,0.7822,78,High,Month-to-month,Fiber optic,Electronic check,2,70.35,Month-to-month contract,Short tenure,Associated with month-to-month contract and short tenure.
6142-VSJQO,Yes,0.7821,78,High,Month-to-month,DSL,Bank transfer (automatic),1,44.35,Month-to-month contract,Short tenure,Associated with month-to-month contract and short tenure.
8118-LSUEL,Yes,0.7817,78,High,Month-to-month,Fiber optic,Electronic check,23,106.4,Month-to-month contract,Fiber optic service,Associated with month-to-month contract and fiber optic service.
4193-ORFCL,Yes,0.7816,78,High,Month-to-month,DSL,Mailed check,1,45.1,Month-to-month contract,Short tenure,Associated with month-to-month contract and short tenure.
5995-SNNEW,No,0.7816,78,High,Month-to-month,Fiber optic,Electronic check,23,104.45,Month-to-month contract,Fiber optic service,Associated with month-to-month contract and fiber optic service.
9588-OZDMQ,No,0.7813,78,High,Month-to-month,DSL,Electronic check,2,45.0,Month-to-month contract,Short tenure,Associated with month-to-month contract and short tenure.
2962-XPMCQ,Yes,0.7813,78,High,Month-to-month,DSL,Electronic check,2,45.15,Month-to-month contract,Short tenure,Associated with month-to-month contract and short tenure.
3538-WZPHD,Yes,0.7813,78,High,Month-to-month,DSL,Electronic check,3,29.6,Month-to-month contract,Short tenure,Associated with month-to-month contract and short tenure.
9851-KIELU,Yes,0.7811,78,High,Month-to-month,Fiber optic,Electronic check,10,110.1,Month-to-month contract,Short tenure,Associated with month-to-month contract and short tenure.
5276-KQWHG,Yes,0.7808,78,High,Month-to-month,Fiber optic,Electronic check,2,69.6,Month-to-month contract,Short tenure,Associated with month-to-month contract and short tenure.
1406-PUQVY,No,0.7806,78,High,Month-to-month,DSL,Electronic check,1,49.9,Month-to-month contract,Short tenure,Associated with month-to-month contract and short tenure.
6876-ADESB,Yes,0.7806,78,High,Month-to-month,DSL,Electronic check,1,48.95,Month-to-month contract,Short tenure,Associated with month-to-month contract and short tenure.
3413-BMNZE,No,0.7803,78,High,Month-to-month,DSL,Bank transfer (automatic),1,45.25,Month-to-month contract,Short tenure,Associated with month-to-month contract and short tenure.
8063-RJYNF,Yes,0.7796,78,High,Month-to-month,Fiber optic,Electronic check,16,94.25,Month-to-month contract,Fiber optic service,Associated with month-to-month contract and fiber optic service.
8584-KMVXD,No,0.7793,78,High,Month-to-month,Fiber optic,Electronic check,8,75.6,Month-to-month contract,Short tenure,Associated with month-to-month contract and short tenure.
5883-GTGVD,Yes,0.7792,78,High,Month-to-month,Fiber optic,Electronic check,19,99.95,Month-to-month contract,Fiber optic service,Associated with month-to-month contract and fiber optic service.
0365-BZUWY,No,0.7788,78,High,Month-to-month,Fiber optic,Electronic check,17,102.55,Month-to-month contract,Fiber optic service,Associated with month-to-month contract and fiber optic service.
8180-AKMJV,No,0.7788,78,High,Month-to-month,DSL,Credit card (automatic),1,44.55,Month-to-month contract,Short tenure,Associated with month-to-month contract and short tenure.
5989-PGKJB,No,0.7785,78,High,Month-to-month,Fiber optic,Electronic check,16,86.25,Month-to-month contract,Fiber optic service,Associated with month-to-month contract and fiber optic service.
7729-JTEEC,No,0.7784,78,High,Month-to-month,DSL,Electronic check,2,44.5,Month-to-month contract,Short tenure,Associated with month-to-month contract and short tenure.
9692-TUSXH,Yes,0.778,78,High,Month-to-month,Fiber optic,Electronic check,18,96.05,Month-to-month contract,Fiber optic service,Associated with month-to-month contract and fiber optic service.
4236-UJPWO,No,0.7779,78,High,Month-to-month,DSL,Electronic check,2,24.5,Month-to-month contract,Short tenure,Associated with month-to-month contract and short tenure.
6168-WFVVF,Yes,0.7776,78,High,Month-to-month,Fiber optic,Electronic check,3,70.3,Month-to-month contract,Short tenure,Associated with month-to-month contract and short tenure.
7603-USHJS,Yes,0.7776,78,High,Month-to-month,Fiber optic,Credit card (automatic),12,73.75,Month-to-month contract,Short tenure,Associated with month-to-month contract and short tenure.
0529-ONKER,Yes,0.7775,78,High,Month-to-month,Fiber optic,Electronic check,15,75.65,Month-to-month contract,Fiber optic service,Associated with month-to-month contract and fiber optic service.
1078-TDCRN,No,0.7775,78,High,Month-to-month,DSL,Electronic check,3,30.75,Month-to-month contract,Short tenure,Associated with month-to-month contract and short tenure.
4959-JOSRX,Yes,0.7774,78,High,Month-to-month,DSL,Credit card (automatic),2,44.6,Month-to-month contract,Short tenure,Associated with month-to-month contract and short tenure.
1236-WFCDV,Yes,0.7769,78,High,Month-to-month,Fiber optic,Credit card (automatic),14,90.45,Month-to-month contract,Fiber optic service,Associated with month-to-month contract and fiber optic service.
7225-CBZPL,No,0.7768,78,High,Month-to-month,Fiber optic,Electronic check,17,94.8,Month-to-month contract,Fiber optic service,Associated with month-to-month contract and fiber optic service.
7389-KBFIT,No,0.7766,78,High,Month-to-month,DSL,Mailed check,2,30.25,Month-to-month contract,Short tenure,Associated with month-to-month contract and short tenure.
3751-KTZEL,Yes,0.7766,78,High,Month-to-month,DSL,Mailed check,1,35.05,Month-to-month contract,Short tenure,Associated with month-to-month contract and short tenure.
7615-ESMYF,Yes,0.7764,78,High,Month-to-month,DSL,Electronic check,2,44.6,Month-to-month contract,Short tenure,Associated with month-to-month contract and short tenure.
7359-PTSXY,Yes,0.7763,78,High,Month-to-month,DSL,Electronic check,1,45.75,Month-to-month contract,Short tenure,Associated with month-to-month contract and short tenure.
4482-EWFMI,No,0.7762,78,High,Month-to-month,Fiber optic,Electronic check,2,69.7,Month-to-month contract,Short tenure,Associated with month-to-month contract and short tenure.
7018-WBJNK,No,0.7762,78,High,Month-to-month,Fiber optic,Credit card (automatic),13,78.3,Month-to-month contract,Fiber optic service,Associated with month-to-month contract and fiber optic service.
5935-FCCNB,No,0.776,78,High,Month-to-month,Fiber optic,Electronic check,17,94.2,Month-to-month contract,Fiber optic service,Associated with month-to-month contract and fiber optic service.
8665-UTDHZ,Yes,0.7759,78,High,Month-to-month,DSL,Electronic check,1,30.2,Month-to-month contract,Short tenure,Associated with month-to-month contract and short tenure.
4349-GFQHK,Yes,0.7758,78,High,Month-to-month,DSL,Electronic check,1,54.35,Month-to-month contract,Short tenure,Associated with month-to-month contract and short tenure.
9633-XQABV,No,0.7758,78,High,Month-to-month,Fiber optic,Electronic check,3,70.25,Month-to-month contract,Short tenure,Associated with month-to-month contract and short tenure.
8625-AZYZY,Yes,0.7757,78,High,Month-to-month,Fiber optic,Electronic check,24,104.65,Month-to-month contract,Fiber optic service,Associated with month-to-month contract and fiber optic service.
7392-YYPYJ,No,0.7756,78,High,Month-to-month,Fiber optic,Electronic check,22,100.65,Month-to-month contract,Fiber optic service,Associated with month-to-month contract and fiber optic service.
5552-ZNFSJ,Yes,0.7755,78,High,Month-to-month,DSL,Electronic check,1,45.3,Month-to-month contract,Short tenure,Associated with month-to-month contract and short tenure.
1963-SVUCV,Yes,0.7755,78,High,Month-to-month,DSL,Electronic check,1,45.3,Month-to-month contract,Short tenure,Associated with month-to-month contract and short tenure.
0581-BXBUB,No,0.7754,78,High,Month-to-month,Fiber optic,Electronic check,4,72.75,Month-to-month contract,Short tenure,Associated with month-to-month contract and short tenure.
7825-GKXMW,Yes,0.7754,78,High,Month-to-month,DSL,Electronic check,1,45.8,Month-to-month contract,Short tenure,Associated with month-to-month contract and short tenure.
7969-AULMZ,Yes,0.7754,78,High,Month-to-month,Fiber optic,Electronic check,21,97.35,Month-to-month contract,Fiber optic service,Associated with month-to-month contract and fiber optic service.
2430-USGXP,Yes,0.7753,78,High,Month-to-month,Fiber optic,Electronic check,24,101.05,Month-to-month contract,Fiber optic service,Associated with month-to-month contract and fiber optic service.
7394-LWLYN,No,0.7752,78,High,Month-to-month,Fiber optic,Electronic check,2,70.15,Month-to-month contract,Short tenure,Associated with month-to-month contract and short tenure.
8878-HMWBV,Yes,0.7752,78,High,Month-to-month,DSL,Electronic check,3,49.15,Month-to-month contract,Short tenure,Associated with month-to-month contract and short tenure.
7379-POKDZ,Yes,0.7751,78,High,Month-to-month,Fiber optic,Electronic check,3,70.3,Month-to-month contract,Short tenure,Associated with month-to-month contract and short tenure.
2495-INZWQ,Yes,0.7751,78,High,Month-to-month,DSL,Electronic check,4,44.55,Month-to-month contract,Short tenure,Associated with month-to-month contract and short tenure.
8993-PHFWD,Yes,0.775,78,High,Month-to-month,DSL,Electronic check,3,25.25,Month-to-month contract,Short tenure,Associated with month-to-month contract and short tenure.
1670-SVOWZ,Yes,0.7749,77,High,Month-to-month,Fiber optic,Credit card (automatic),14,89.65,Month-to-month contract,Fiber optic service,Associated with month-to-month contract and fiber optic service.
2507-QZPQS,No,0.7747,77,High,Month-to-month,Fiber optic,Electronic check,15,95.7,Month-to-month contract,Fiber optic service,Associated with month-to-month contract and fiber optic service.
3753-TSEMP,Yes,0.7745,77,High,Month-to-month,Fiber optic,Electronic check,15,88.15,Month-to-month contract,Fiber optic service,Associated with month-to-month contract and fiber optic service.
5261-QSHQM,Yes,0.7745,77,High,Month-to-month,DSL,Electronic check,4,24.45,Month-to-month contract,Short tenure,Associated with month-to-month contract and short tenure.
7079-QRCBC,Yes,0.7742,77,High,Month-to-month,Fiber optic,Electronic check,24,98.75,Month-to-month contract,Fiber optic service,Associated with month-to-month contract and fiber optic service.
1658-BYGOY,Yes,0.7741,77,High,Month-to-month,Fiber optic,Electronic check,18,95.45,Month-to-month contract,Fiber optic service,Associated with month-to-month contract and fiber optic service.
5832-XKAES,Yes,0.7741,77,High,Month-to-month,Fiber optic,Credit card (automatic),2,69.8,Month-to-month contract,Short tenure,Associated with month-to-month contract and short tenure.
1612-EOHDH,Yes,0.774,77,High,Month-to-month,DSL,Electronic check,1,45.15,Month-to-month contract,Short tenure,Associated with month-to-month contract and short tenure.
7250-EQKIY,Yes,0.774,77,High,Month-to-month,DSL,Mailed check,1,50.45,Month-to-month contract,Short tenure,Associated with month-to-month contract and short tenure.
6833-JMZYP,No,0.7739,77,High,Month-to-month,Fiber optic,Credit card (automatic),15,94.0,Month-to-month contract,Fiber optic service,Associated with month-to-month contract and fiber optic service.
8313-NDOIA,No,0.7738,77,High,Month-to-month,Fiber optic,Electronic check,24,104.15,Month-to-month contract,Fiber optic service,Associated with month-to-month contract and fiber optic service.
3393-FMZPV,Yes,0.7738,77,High,Month-to-month,Fiber optic,Electronic check,25,100.25,Month-to-month contract,Fiber optic service,Associated with month-to-month contract and fiber optic service.
7668-XCFYV,No,0.7738,77,High,Month-to-month,Fiber optic,Electronic check,17,92.55,Month-to-month contract,Fiber optic service,Associated with month-to-month contract and fiber optic service.
5501-TVMGM,No,0.7736,77,High,Month-to-month,DSL,Electronic check,1,55.25,Month-to-month contract,Short tenure,Associated with month-to-month contract and short tenure.
8720-RQSBJ,No,0.7736,77,High,Month-to-month,DSL,Electronic check,1,44.0,Month-to-month contract,Short tenure,Associated with month-to-month contract and short tenure.
6077-BDPXA,No,0.7735,77,High,Month-to-month,Fiber optic,Electronic check,3,70.15,Month-to-month contract,Short tenure,Associated with month-to-month contract and short tenure.
9734-UYXQI,Yes,0.7735,77,High,Month-to-month,DSL,Electronic check,2,49.4,Month-to-month contract,Short tenure,Associated with month-to-month contract and short tenure.
4480-QQRHC,No,0.7735,77,High,Month-to-month,Fiber optic,Bank transfer (automatic),8,74.05,Month-to-month contract,Short tenure,Associated with month-to-month contract and short tenure.
6166-ILMNY,Yes,0.7733,77,High,Month-to-month,Fiber optic,Bank transfer (automatic),2,69.75,Month-to-month contract,Short tenure,Associated with month-to-month contract and short tenure.
6719-OXYBR,No,0.7733,77,High,Month-to-month,Fiber optic,Electronic check,15,85.3,Month-to-month contract,Fiber optic service,Associated with month-to-month contract and fiber optic service.
4512-ZUIYL,Yes,0.7733,77,High,Month-to-month,Fiber optic,Bank transfer (automatic),2,70.0,Month-to-month contract,Short tenure,Associated with month-to-month contract and short tenure.
6339-YPSAH,No,0.7731,77,High,Month-to-month,Fiber optic,Electronic check,9,73.8,Month-to-month contract,Short tenure,Associated with month-to-month contract and short tenure.
3420-ZDBMA,No,0.7729,77,High,Month-to-month,Fiber optic,Mailed check,5,71.45,Month-to-month contract,Short tenure,Associated with month-to-month contract and short tenure.
9743-DQKQW,No,0.7729,77,High,Month-to-month,DSL,Electronic check,3,25.1,Month-to-month contract,Short tenure,Associated with month-to-month contract and short tenure.
4735-ASGMA,Yes,0.7728,77,High,Month-to-month,Fiber optic,Electronic check,26,98.35,Month-to-month contract,Fiber optic service,Associated with month-to-month contract and fiber optic service.
9274-UARKJ,No,0.7725,77,High,Month-to-month,Fiber optic,Bank transfer (automatic),15,83.2,Month-to-month contract,Fiber optic service,Associated with month-to-month contract and fiber optic service.
4385-GZQXV,Yes,0.7723,77,High,Month-to-month,Fiber optic,Electronic check,16,94.45,Month-to-month contract,Fiber optic service,Associated with month-to-month contract and fiber optic service.
7538-GWHML,Yes,0.7722,77,High,Month-to-month,Fiber optic,Electronic check,2,69.65,Month-to-month contract,Short tenure,Associated with month-to-month contract and short tenure.
7841-TZDMQ,Yes,0.772,77,High,Month-to-month,DSL,Credit card (automatic),2,46.0,Month-to-month contract,Short tenure,Associated with month-to-month contract and short tenure.
3063-QFSZL,Yes,0.7717,77,High,Month-to-month,DSL,Electronic check,1,55.4,Month-to-month contract,Short tenure,Associated with month-to-month contract and short tenure.
2592-SEIFQ,Yes,0.7715,77,High,Month-to-month,DSL,Electronic check,3,24.75,Month-to-month contract,Short tenure,Associated with month-to-month contract and short tenure.
5968-VXZLG,No,0.7712,77,High,Month-to-month,DSL,Bank transfer (automatic),2,46.6,Month-to-month contract,Short tenure,Associated with month-to-month contract and short tenure.
2694-CIUMO,No,0.7711,77,High,Month-to-month,Fiber optic,Credit card (automatic),12,79.55,Month-to-month contract,Short tenure,Associated with month-to-month contract and short tenure.
2209-XADXF,No,0.7709,77,High,Month-to-month,DSL,Bank transfer (automatic),1,25.25,Month-to-month contract,Short tenure,Associated with month-to-month contract and short tenure.
9940-HPQPG,Yes,0.7707,77,High,Month-to-month,Fiber optic,Bank transfer (automatic),9,91.75,Month-to-month contract,Short tenure,Associated with month-to-month contract and short tenure.
3946-MHCZW,Yes,0.7706,77,High,Month-to-month,DSL,Mailed check,1,50.9,Month-to-month contract,Short tenure,Associated with month-to-month contract and short tenure.
4671-LXRDQ,Yes,0.7705,77,High,Month-to-month,DSL,Mailed check,2,45.0,Month-to-month contract,Short tenure,Associated with month-to-month contract and short tenure.
6650-VJONK,No,0.7704,77,High,Month-to-month,DSL,Bank transfer (automatic),1,43.85,Month-to-month contract,Short tenure,Associated with month-to-month contract and short tenure.
5119-NZPTV,No,0.7704,77,High,Month-to-month,Fiber optic,Electronic check,2,70.1,Month-to-month contract,Short tenure,Associated with month-to-month contract and short tenure.
4021-RQSNY,Yes,0.7703,77,High,Month-to-month,Fiber optic,Electronic check,29,98.5,Month-to-month contract,Fiber optic service,Associated with month-to-month contract and fiber optic service.
5896-NPFWW,Yes,0.7698,77,High,Month-to-month,DSL,Electronic check,3,50.15,Month-to-month contract,Short tenure,Associated with month-to-month contract and short tenure.
1077-HUUJM,No,0.7697,77,High,Month-to-month,Fiber optic,Electronic check,7,71.05,Month-to-month contract,Short tenure,Associated with month-to-month contract and short tenure.
4301-VVZKA,No,0.7696,77,High,Month-to-month,Fiber optic,Electronic check,16,75.4,Month-to-month contract,Fiber optic service,Associated with month-to-month contract and fiber optic service.
3001-UNBTL,No,0.7696,77,High,Month-to-month,Fiber optic,Electronic check,29,103.95,Month-to-month contract,Fiber optic service,Associated with month-to-month contract and fiber optic service.
3961-SXAXY,No,0.7695,77,High,Month-to-month,DSL,Bank transfer (automatic),1,44.05,Month-to-month contract,Short tenure,Associated with month-to-month contract and short tenure.
1226-IENZN,No,0.7695,77,High,Month-to-month,Fiber optic,Electronic check,16,78.75,Month-to-month contract,Fiber optic service,Associated with month-to-month contract and fiber optic service.
4815-GBTCD,No,0.7688,77,High,Month-to-month,DSL,Electronic check,4,25.15,Month-to-month contract,Short tenure,Associated with month-to-month contract and short tenure.
9408-SSNVZ,Yes,0.7687,77,High,Month-to-month,Fiber optic,Electronic check,4,70.15,Month-to-month contract,Short tenure,Associated with month-to-month contract and short tenure.
9560-ARGQJ,Yes,0.7687,77,High,Month-to-month,Fiber optic,Electronic check,16,81.0,Month-to-month contract,Fiber optic service,Associated with month-to-month contract and fiber optic service.
6543-XRMYR,Yes,0.7686,77,High,Month-to-month,Fiber optic,Electronic check,30,99.7,Month-to-month contract,Fiber optic service,Associated with month-to-month contract and fiber optic service.
3717-OEAUQ,No,0.7685,77,High,Month-to-month,Fiber optic,Mailed check,2,70.7,Month-to-month contract,Short tenure,Associated with month-to-month contract and short tenure.
5908-QMGOE,Yes,0.7685,77,High,Month-to-month,Fiber optic,Credit card (automatic),15,74.2,Month-to-month contract,Fiber optic service,Associated with month-to-month contract and fiber optic service.
5035-BVCXS,No,0.7684,77,High,Month-to-month,Fiber optic,Mailed check,11,75.9,Month-to-month contract,Short tenure,Associated with month-to-month contract and short tenure.
6645-MXQJT,No,0.7684,77,High,Month-to-month,Fiber optic,Electronic check,2,97.1,Month-to-month contract,Short tenure,Associated with month-to-month contract and short tenure.
2568-BRGYX,Yes,0.7683,77,High,Month-to-month,Fiber optic,Electronic check,4,70.2,Month-to-month contract,Short tenure,Associated with month-to-month contract and short tenure.
5940-NFXKV,Yes,0.7682,77,High,Month-to-month,Fiber optic,Electronic check,19,83.65,Month-to-month contract,Fiber optic service,Associated with month-to-month contract and fiber optic service.
7245-NIIWQ,No,0.7681,77,High,Month-to-month,Fiber optic,Electronic check,3,69.85,Month-to-month contract,Short tenure,Associated with month-to-month contract and short tenure.
2903-YYTBW,No,0.7681,77,High,Month-to-month,DSL,Electronic check,1,44.55,Month-to-month contract,Short tenure,Associated with month-to-month contract and short tenure.
1792-UXAFY,Yes,0.7681,77,High,Month-to-month,Fiber optic,Electronic check,17,89.15,Month-to-month contract,Fiber optic service,Associated with month-to-month contract and fiber optic service.
9214-EKVXR,No,0.768,77,High,Month-to-month,DSL,Mailed check,1,44.0,Month-to-month contract,Short tenure,Associated with month-to-month contract and short tenure.
1771-OADNZ,Yes,0.7679,77,High,Month-to-month,Fiber optic,Electronic check,29,95.9,Month-to-month contract,Fiber optic service,Associated with month-to-month contract and fiber optic service.
5167-GBFRE,Yes,0.7678,77,High,Month-to-month,DSL,Bank transfer (automatic),4,25.2,Month-to-month contract,Short tenure,Associated with month-to-month contract and short tenure.
5590-BYNII,Yes,0.7677,77,High,Month-to-month,Fiber optic,Electronic check,22,100.75,Month-to-month contract,Fiber optic service,Associated with month-to-month contract and fiber optic service.
2656-FMOKZ,Yes,0.7672,77,High,Month-to-month,Fiber optic,Mailed check,15,74.45,Month-to-month contract,Fiber optic service,Associated with month-to-month contract and fiber optic service.
7044-YAACC,No,0.7671,77,High,Month-to-month,Fiber optic,Electronic check,4,70.2,Month-to-month contract,Short tenure,Associated with month-to-month contract and short tenure.
4283-FUTGF,Yes,0.7669,77,High,Month-to-month,Fiber optic,Electronic check,19,79.85,Month-to-month contract,Fiber optic service,Associated with month-to-month contract and fiber optic service.
2608-BHKFN,Yes,0.7668,77,High,Month-to-month,Fiber optic,Credit card (automatic),4,70.05,Month-to-month contract,Short tenure,Associated with month-to-month contract and short tenure.
8868-WOZGU,Yes,0.7668,77,High,Month-to-month,Fiber optic,Electronic check,28,105.7,Month-to-month contract,Fiber optic service,Associated with month-to-month contract and fiber optic service.
3050-GBUSH,No,0.7667,77,High,Month-to-month,DSL,Credit card (automatic),3,34.8,Month-to-month contract,Short tenure,Associated with month-to-month contract and short tenure.
6158-HDPXZ,No,0.7666,77,High,Month-to-month,DSL,Mailed check,1,25.35,Month-to-month contract,Short tenure,Associated with month-to-month contract and short tenure.
4729-XKASR,Yes,0.7666,77,High,Month-to-month,DSL,Electronic check,1,24.75,Month-to-month contract,Short tenure,Associated with month-to-month contract and short tenure.
7379-FNIUJ,No,0.7665,77,High,Month-to-month,Fiber optic,Electronic check,2,100.2,Month-to-month contract,Short tenure,Associated with month-to-month contract and short tenure.
2189-WWOEW,Yes,0.7664,77,High,Month-to-month,Fiber optic,Bank transfer (automatic),15,85.9,Month-to-month contract,Fiber optic service,Associated with month-to-month contract and fiber optic service.
3096-IZETN,Yes,0.7661,77,High,Month-to-month,Fiber optic,Bank transfer (automatic),12,78.1,Month-to-month contract,Short tenure,Associated with month-to-month contract and short tenure.
9799-CAYJJ,No,0.766,77,High,Month-to-month,Fiber optic,Electronic check,2,69.3,Month-to-month contract,Short tenure,Associated with month-to-month contract and short tenure.
4763-PGDPO,Yes,0.7659,77,High,Month-to-month,Fiber optic,Electronic check,4,70.4,Month-to-month contract,Short tenure,Associated with month-to-month contract and short tenure.
1907-UBQFC,Yes,0.7657,77,High,Month-to-month,Fiber optic,Electronic check,10,72.85,Month-to-month contract,Short tenure,Associated with month-to-month contract and short tenure.
8260-NGFNY,Yes,0.7657,77,High,Month-to-month,DSL,Mailed check,1,25.2,Month-to-month contract,Short tenure,Associated with month-to-month contract and short tenure.
3452-GWUIN,No,0.7657,77,High,Month-to-month,Fiber optic,Electronic check,19,94.95,Month-to-month contract,Fiber optic service,Associated with month-to-month contract and fiber optic service.
6366-ZGQGL,Yes,0.7656,77,High,Month-to-month,DSL,Bank transfer (automatic),1,24.8,Month-to-month contract,Short tenure,Associated with month-to-month contract and short tenure.
1589-AGTLK,Yes,0.7654,77,High,Month-to-month,DSL,Electronic check,3,45.35,Month-to-month contract,Short tenure,Associated with month-to-month contract and short tenure.
2103-ZRXFN,No,0.7653,77,High,Month-to-month,DSL,Mailed check,1,50.75,Month-to-month contract,Short tenure,Associated with month-to-month contract and short tenure.
3669-OYSJI,Yes,0.7651,77,High,Month-to-month,DSL,Credit card (automatic),1,46.2,Month-to-month contract,Short tenure,Associated with month-to-month contract and short tenure.
1268-ASBGA,Yes,0.7651,77,High,Month-to-month,Fiber optic,Credit card (automatic),16,85.35,Month-to-month contract,Fiber optic service,Associated with month-to-month contract and fiber optic service.
3315-TOTBP,Yes,0.7647,76,High,Month-to-month,Fiber optic,Mailed check,15,76.0,Month-to-month contract,Fiber optic service,Associated with month-to-month contract and fiber optic service.
0927-LCSMG,Yes,0.7644,76,High,Month-to-month,Fiber optic,Mailed check,7,74.65,Month-to-month contract,Short tenure,Associated with month-to-month contract and short tenure.
4029-HPFVY,No,0.7644,76,High,Month-to-month,Fiber optic,Mailed check,3,70.3,Month-to-month contract,Short tenure,Associated with month-to-month contract and short tenure.
3798-EPWRR,No,0.7643,76,High,Month-to-month,DSL,Electronic check,2,43.95,Month-to-month contract,Short tenure,Associated with month-to-month contract and short tenure.
0576-WNXXC,Yes,0.7642,76,High,Month-to-month,Fiber optic,Electronic check,27,95.55,Month-to-month contract,Fiber optic service,Associated with month-to-month contract and fiber optic service.
6317-YPKDH,Yes,0.7641,76,High,Month-to-month,DSL,Bank transfer (automatic),1,29.95,Month-to-month contract,Short tenure,Associated with month-to-month contract and short tenure.
7901-HXJVA,No,0.7641,76,High,Month-to-month,Fiber optic,Electronic check,14,76.45,Month-to-month contract,Fiber optic service,Associated with month-to-month contract and fiber optic service.
9822-OAOVB,No,0.764,76,High,Month-to-month,DSL,Electronic check,1,55.45,Month-to-month contract,Short tenure,Associated with month-to-month contract and short tenure.
9227-LUNBG,Yes,0.7639,76,High,Month-to-month,DSL,Electronic check,1,24.6,Month-to-month contract,Short tenure,Associated with month-to-month contract and short tenure.
1626-ERCMM,Yes,0.7637,76,High,Month-to-month,Fiber optic,Electronic check,20,94.55,Month-to-month contract,Fiber optic service,Associated with month-to-month contract and fiber optic service.
7020-OZKXZ,No,0.7633,76,High,Month-to-month,Fiber optic,Credit card (automatic),9,75.5,Month-to-month contract,Short tenure,Associated with month-to-month contract and short tenure.
2372-HWUHI,Yes,0.7632,76,High,Month-to-month,DSL,Electronic check,2,44.35,Month-to-month contract,Short tenure,Associated with month-to-month contract and short tenure.
6906-ANDWJ,Yes,0.7631,76,High,Month-to-month,Fiber optic,Bank transfer (automatic),15,74.9,Month-to-month contract,Fiber optic service,Associated with month-to-month contract and fiber optic service.
9244-ZVAPM,No,0.7628,76,High,Month-to-month,DSL,Mailed check,1,45.6,Month-to-month contract,Short tenure,Associated with month-to-month contract and short tenure.
4817-VYYWS,Yes,0.7625,76,High,Month-to-month,Fiber optic,Electronic check,30,100.2,Month-to-month contract,Fiber optic service,Associated with month-to-month contract and fiber optic service.
4208-UFFGW,Yes,0.7623,76,High,Month-to-month,DSL,Mailed check,2,44.95,Month-to-month contract,Short tenure,Associated with month-to-month contract and short tenure.
7593-XFKDI,Yes,0.7621,76,High,Month-to-month,DSL,Mailed check,1,46.3,Month-to-month contract,Short tenure,Associated with month-to-month contract and short tenure.
7054-LGEQW,Yes,0.762,76,High,Month-to-month,DSL,Mailed check,1,45.95,Month-to-month contract,Short tenure,Associated with month-to-month contract and short tenure.
2833-SLKDQ,Yes,0.7613,76,High,Month-to-month,DSL,Mailed check,1,45.05,Month-to-month contract,Short tenure,Associated with month-to-month contract and short tenure.
6582-OIVSP,No,0.7612,76,High,Month-to-month,DSL,Mailed check,1,45.3,Month-to-month contract,Short tenure,Associated with month-to-month contract and short tenure.
7754-IXRMC,No,0.7612,76,High,Month-to-month,DSL,Mailed check,1,45.35,Month-to-month contract,Short tenure,Associated with month-to-month contract and short tenure.
5365-LLFYV,No,0.7611,76,High,Month-to-month,DSL,Mailed check,2,45.85,Month-to-month contract,Short tenure,Associated with month-to-month contract and short tenure.
7587-RZNME,Yes,0.761,76,High,Month-to-month,DSL,Electronic check,3,43.3,Month-to-month contract,Short tenure,Associated with month-to-month contract and short tenure.
5947-SGKCL,No,0.7608,76,High,Month-to-month,Fiber optic,Bank transfer (automatic),15,105.35,Month-to-month contract,Fiber optic service,Associated with month-to-month contract and fiber optic service.
5103-MHMHY,Yes,0.7607,76,High,Month-to-month,DSL,Mailed check,1,45.95,Month-to-month contract,Short tenure,Associated with month-to-month contract and short tenure.
3518-PZXZQ,No,0.7607,76,High,Month-to-month,DSL,Mailed check,1,55.3,Month-to-month contract,Short tenure,Associated with month-to-month contract and short tenure.
9647-ERGBE,Yes,0.7607,76,High,Month-to-month,Fiber optic,Electronic check,30,100.05,Month-to-month contract,Fiber optic service,Associated with month-to-month contract and fiber optic service.
4503-BDXBD,Yes,0.7605,76,High,Month-to-month,Fiber optic,Electronic check,11,74.95,Month-to-month contract,Short tenure,Associated with month-to-month contract and short tenure.
7252-NTGSS,No,0.7605,76,High,Month-to-month,DSL,Mailed check,1,45.15,Month-to-month contract,Short tenure,Associated with month-to-month contract and short tenure.
4094-NSEDU,Yes,0.7602,76,High,Month-to-month,Fiber optic,Electronic check,21,94.25,Month-to-month contract,Fiber optic service,Associated with month-to-month contract and fiber optic service.
2722-JMONI,Yes,0.7602,76,High,Month-to-month,DSL,Electronic check,1,49.55,Month-to-month contract,Short tenure,Associated with month-to-month contract and short tenure.
6689-KXGBO,Yes,0.7599,76,High,Month-to-month,DSL,Electronic check,1,50.55,Month-to-month contract,Short tenure,Associated with month-to-month contract and short tenure.
4065-JJAVA,No,0.7598,76,High,Month-to-month,DSL,Electronic check,1,49.5,Month-to-month contract,Short tenure,Associated with month-to-month contract and short tenure.
2207-NHRJK,Yes,0.7597,76,High,Month-to-month,DSL,Electronic check,1,50.8,Month-to-month contract,Short tenure,Associated with month-to-month contract and short tenure.
3254-YRILK,Yes,0.7596,76,High,Month-to-month,Fiber optic,Electronic check,19,88.2,Month-to-month contract,Fiber optic service,Associated with month-to-month contract and fiber optic service.
5955-ERIHD,Yes,0.7595,76,High,Month-to-month,Fiber optic,Electronic check,18,94.7,Month-to-month contract,Fiber optic service,Associated with month-to-month contract and fiber optic service.
3096-GKWEB,No,0.7595,76,High,Month-to-month,Fiber optic,Electronic check,18,94.75,Month-to-month contract,Fiber optic service,Associated with month-to-month contract and fiber optic service.
2842-JTCCU,Yes,0.7594,76,High,Month-to-month,DSL,Bank transfer (automatic),2,46.05,Month-to-month contract,Short tenure,Associated with month-to-month contract and short tenure.
5609-CEBID,Yes,0.7592,76,High,Month-to-month,Fiber optic,Electronic check,20,94.1,Month-to-month contract,Fiber optic service,Associated with month-to-month contract and fiber optic service.
7831-QGOXH,Yes,0.7592,76,High,Month-to-month,Fiber optic,Electronic check,18,85.2,Month-to-month contract,Fiber optic service,Associated with month-to-month contract and fiber optic service.
0322-CHQRU,Yes,0.7589,76,High,Month-to-month,DSL,Electronic check,2,45.35,Month-to-month contract,Short tenure,Associated with month-to-month contract and short tenure.
5909-ECHUI,Yes,0.7588,76,High,Month-to-month,DSL,Electronic check,1,56.25,Month-to-month contract,Short tenure,Associated with month-to-month contract and short tenure.
3629-ZNKXA,No,0.7584,76,High,Month-to-month,Fiber optic,Electronic check,17,101.8,Month-to-month contract,Fiber optic service,Associated with month-to-month contract and fiber optic service.
7028-DVOIQ,Yes,0.7581,76,High,Month-to-month,Fiber optic,Electronic check,35,99.05,Month-to-month contract,Fiber optic service,Associated with month-to-month contract and fiber optic service.
2815-CPTUL,Yes,0.7581,76,High,Month-to-month,Fiber optic,Mailed check,5,70.25,Month-to-month contract,Short tenure,Associated with month-to-month contract and short tenure.
4958-XCBDQ,Yes,0.7581,76,High,Month-to-month,Fiber optic,Electronic check,35,101.4,Month-to-month contract,Fiber optic service,Associated with month-to-month contract and fiber optic service.
6047-YHPVI,Yes,0.7579,76,High,Month-to-month,Fiber optic,Electronic check,5,69.7,Month-to-month contract,Short tenure,Associated with month-to-month contract and short tenure.
2058-DCJBE,Yes,0.7579,76,High,Month-to-month,Fiber optic,Electronic check,5,69.75,Month-to-month contract,Short tenure,Associated with month-to-month contract and short tenure.
3329-WDIOK,Yes,0.7579,76,High,Month-to-month,DSL,Electronic check,3,50.6,Month-to-month contract,Short tenure,Associated with month-to-month contract and short tenure.
6029-WTIPC,Yes,0.7578,76,High,Month-to-month,Fiber optic,Electronic check,37,101.1,Month-to-month contract,Fiber optic service,Associated with month-to-month contract and fiber optic service.
8224-DWCKX,No,0.7576,76,High,Month-to-month,Fiber optic,Credit card (automatic),12,73.3,Month-to-month contract,Short tenure,Associated with month-to-month contract and short tenure.
1777-JYQPJ,No,0.7574,76,High,Month-to-month,DSL,Mailed check,2,24.3,Month-to-month contract,Short tenure,Associated with month-to-month contract and short tenure.
8854-CCVSQ,Yes,0.7573,76,High,Month-to-month,Fiber optic,Electronic check,18,80.65,Month-to-month contract,Fiber optic service,Associated with month-to-month contract and fiber optic service.
6851-WEFYX,No,0.7571,76,High,Month-to-month,Fiber optic,Electronic check,35,100.8,Month-to-month contract,Fiber optic service,Associated with month-to-month contract and fiber optic service.
5382-SOYZL,No,0.7568,76,High,Month-to-month,Fiber optic,Electronic check,22,95.1,Month-to-month contract,Fiber optic service,Associated with month-to-month contract and fiber optic service.
9189-JWSHV,Yes,0.7565,76,High,Month-to-month,Fiber optic,Electronic check,24,93.55,Month-to-month contract,Fiber optic service,Associated with month-to-month contract and fiber optic service.
3934-HXCFZ,Yes,0.7565,76,High,Month-to-month,Fiber optic,Electronic check,23,99.25,Month-to-month contract,Fiber optic service,Associated with month-to-month contract and fiber optic service.
6542-LWGXJ,No,0.7565,76,High,Month-to-month,DSL,Mailed check,3,25.0,Month-to-month contract,Short tenure,Associated with month-to-month contract and short tenure.
3496-LFSZU,No,0.7564,76,High,Month-to-month,Fiber optic,Electronic check,4,70.5,Month-to-month contract,Short tenure,Associated with month-to-month contract and short tenure.
6905-NIQIN,Yes,0.7561,76,High,Month-to-month,DSL,Mailed check,1,50.65,Month-to-month contract,Short tenure,Associated with month-to-month contract and short tenure.
6907-FLBER,No,0.7561,76,High,Month-to-month,DSL,Electronic check,1,54.3,Month-to-month contract,Short tenure,Associated with month-to-month contract and short tenure.
2232-DMLXU,Yes,0.756,76,High,Month-to-month,DSL,Mailed check,1,55.2,Month-to-month contract,Short tenure,Associated with month-to-month contract and short tenure.
7675-OZCZG,Yes,0.756,76,High,Month-to-month,DSL,Electronic check,3,45.0,Month-to-month contract,Short tenure,Associated with month-to-month contract and short tenure.
8739-WWKDU,Yes,0.7559,76,High,Month-to-month,Fiber optic,Electronic check,25,89.5,Month-to-month contract,Fiber optic service,Associated with month-to-month contract and fiber optic service.
9136-ALYBR,Yes,0.7558,76,High,Month-to-month,DSL,Mailed check,1,24.45,Month-to-month contract,Short tenure,Associated with month-to-month contract and short tenure.
9448-REEVD,Yes,0.7557,76,High,Month-to-month,DSL,Credit card (automatic),1,44.7,Month-to-month contract,Short tenure,Associated with month-to-month contract and short tenure.
3097-NNSPB,Yes,0.7555,76,High,Month-to-month,DSL,Credit card (automatic),2,49.05,Month-to-month contract,Short tenure,Associated with month-to-month contract and short tenure.
2845-AFFTX,Yes,0.7555,76,High,Month-to-month,Fiber optic,Electronic check,41,99.8,Month-to-month contract,Fiber optic service,Associated with month-to-month contract and fiber optic service.
1866-RZZQS,Yes,0.7555,76,High,Month-to-month,Fiber optic,Electronic check,41,98.4,Month-to-month contract,Fiber optic service,Associated with month-to-month contract and fiber optic service.
1641-RQDAY,No,0.755,76,High,Month-to-month,Fiber optic,Electronic check,32,100.4,Month-to-month contract,Fiber optic service,Associated with month-to-month contract and fiber optic service.
1478-VPOAD,No,0.755,76,High,Month-to-month,DSL,Electronic check,1,43.8,Month-to-month contract,Short tenure,Associated with month-to-month contract and short tenure.
1942-OQFRW,No,0.755,76,High,Month-to-month,DSL,Electronic check,1,44.0,Month-to-month contract,Short tenure,Associated with month-to-month contract and short tenure.
3957-LXOLK,Yes,0.7549,75,High,Month-to-month,Fiber optic,Electronic check,28,106.15,Month-to-month contract,Fiber optic service,Associated with month-to-month contract and fiber optic service.
9992-UJOEL,No,0.7548,75,High,Month-to-month,DSL,Mailed check,2,50.3,Month-to-month contract,Short tenure,Associated with month-to-month contract and short tenure.
6899-PPEEA,Yes,0.7548,75,High,Month-to-month,Fiber optic,Electronic check,37,96.55,Month-to-month contract,Fiber optic service,Associated with month-to-month contract and fiber optic service.
8111-SLLHI,Yes,0.7547,75,High,Month-to-month,Fiber optic,Electronic check,39,105.65,Month-to-month contract,Fiber optic service,Associated with month-to-month contract and fiber optic service.
2637-FKFSY,No,0.7547,75,High,Month-to-month,DSL,Mailed check,3,46.1,Month-to-month contract,Short tenure,Associated with month-to-month contract and short tenure.
6034-YMTOB,No,0.7547,75,High,Month-to-month,Fiber optic,Mailed check,5,75.65,Month-to-month contract,Short tenure,Associated with month-to-month contract and short tenure.
4369-HTUIF,Yes,0.7547,75,High,Month-to-month,Fiber optic,Bank transfer (automatic),6,85.15,Month-to-month contract,Short tenure,Associated with month-to-month contract and short tenure.
1501-SGHBW,Yes,0.7546,75,High,Month-to-month,DSL,Mailed check,2,45.85,Month-to-month contract,Short tenure,Associated with month-to-month contract and short tenure.
6982-SSHFK,Yes,0.7545,75,High,Month-to-month,DSL,Mailed check,1,44.4,Month-to-month contract,Short tenure,Associated with month-to-month contract and short tenure.
5858-EAFCZ,No,0.7545,75,High,Month-to-month,DSL,Mailed check,1,44.45,Month-to-month contract,Short tenure,Associated with month-to-month contract and short tenure.
4146-SVFUD,No,0.7545,75,High,Month-to-month,DSL,Mailed check,1,44.6,Month-to-month contract,Short tenure,Associated with month-to-month contract and short tenure.
8837-VVWLQ,Yes,0.7545,75,High,Month-to-month,Fiber optic,Electronic check,8,84.95,Month-to-month contract,Short tenure,Associated with month-to-month contract and short tenure.
6595-YGXIT,Yes,0.7545,75,High,Month-to-month,Fiber optic,Electronic check,25,88.95,Month-to-month contract,Fiber optic service,Associated with month-to-month contract and fiber optic service.
6145-NNPNO,No,0.7544,75,High,Month-to-month,DSL,Bank transfer (automatic),1,44.15,Month-to-month contract,Short tenure,Associated with month-to-month contract and short tenure.
2439-LYPMQ,No,0.7543,75,High,Month-to-month,Fiber optic,Electronic check,38,102.6,Month-to-month contract,Fiber optic service,Associated with month-to-month contract and fiber optic service.
4039-HEUNW,Yes,0.7543,75,High,Month-to-month,Fiber optic,Electronic check,36,96.5,Month-to-month contract,Fiber optic service,Associated with month-to-month contract and fiber optic service.
4223-WOZCM,No,0.7543,75,High,Month-to-month,DSL,Mailed check,2,49.95,Month-to-month contract,Short tenure,Associated with month-to-month contract and short tenure.
1471-GIQKQ,No,0.7543,75,High,Month-to-month,DSL,Electronic check,1,49.95,Month-to-month contract,Short tenure,Associated with month-to-month contract and short tenure.
0420-HLGXF,No,0.7542,75,High,Month-to-month,Fiber optic,Electronic check,39,99.75,Month-to-month contract,Fiber optic service,Associated with month-to-month contract and fiber optic service.
0207-MDKNV,Yes,0.7541,75,High,Month-to-month,Fiber optic,Electronic check,15,105.1,Month-to-month contract,Fiber optic service,Associated with month-to-month contract and fiber optic service.
7402-EYFXX,No,0.7539,75,High,Month-to-month,Fiber optic,Electronic check,26,93.6,Month-to-month contract,Fiber optic service,Associated with month-to-month contract and fiber optic service.
4432-ADRLB,Yes,0.7539,75,High,Month-to-month,DSL,Mailed check,2,44.65,Month-to-month contract,Short tenure,Associated with month-to-month contract and short tenure.
0415-MOSGF,Yes,0.7537,75,High,Month-to-month,DSL,Mailed check,1,44.4,Month-to-month contract,Short tenure,Associated with month-to-month contract and short tenure.
2672-OJQZP,No,0.7537,75,High,Month-to-month,DSL,Mailed check,1,44.75,Month-to-month contract,Short tenure,Associated with month-to-month contract and short tenure.
3365-SAIGS,No,0.7535,75,High,Month-to-month,Fiber optic,Electronic check,17,83.55,Month-to-month contract,Fiber optic service,Associated with month-to-month contract and fiber optic service.
2528-HFYZX,Yes,0.7535,75,High,Month-to-month,Fiber optic,Electronic check,17,76.45,Month-to-month contract,Fiber optic service,Associated with month-to-month contract and fiber optic service.
1254-IZEYF,Yes,0.7534,75,High,Month-to-month,Fiber optic,Electronic check,31,99.95,Month-to-month contract,Fiber optic service,Associated with month-to-month contract and fiber optic service.
3500-RMZLT,Yes,0.7533,75,High,Month-to-month,Fiber optic,Mailed check,15,96.3,Month-to-month contract,Fiber optic service,Associated with month-to-month contract and fiber optic service.
8922-LIEGH,Yes,0.7532,75,High,Month-to-month,Fiber optic,Electronic check,25,89.7,Month-to-month contract,Fiber optic service,Associated with month-to-month contract and fiber optic service.
6005-OBZPH,Yes,0.753,75,High,Month-to-month,Fiber optic,Electronic check,26,89.15,Month-to-month contract,Fiber optic service,Associated with month-to-month contract and fiber optic service.
9253-QXKBE,Yes,0.7529,75,High,Month-to-month,Fiber optic,Electronic check,29,94.45,Month-to-month contract,Fiber optic service,Associated with month-to-month contract and fiber optic service.
4537-DKTAL,No,0.7528,75,High,Month-to-month,DSL,Electronic check,2,45.55,Month-to-month contract,Short tenure,Associated with month-to-month contract and short tenure.
0886-QGENL,Yes,0.7528,75,High,Month-to-month,Fiber optic,Electronic check,27,101.25,Month-to-month contract,Fiber optic service,Associated with month-to-month contract and fiber optic service.
5522-JBWMO,No,0.7527,75,High,Month-to-month,DSL,Electronic check,1,44.0,Month-to-month contract,Short tenure,Associated with month-to-month contract and short tenure.
5673-FSSMF,Yes,0.7525,75,High,Month-to-month,DSL,Electronic check,1,60.15,Month-to-month contract,Short tenure,Associated with month-to-month contract and short tenure.
8875-AKBYH,No,0.7525,75,High,Month-to-month,Fiber optic,Electronic check,20,84.35,Month-to-month contract,Fiber optic service,Associated with month-to-month contract and fiber optic service.
2080-CAZNM,No,0.7525,75,High,Month-to-month,Fiber optic,Electronic check,41,104.4,Month-to-month contract,Fiber optic service,Associated with month-to-month contract and fiber optic service.
9919-KNPOO,No,0.7524,75,High,Month-to-month,Fiber optic,Electronic check,21,94.3,Month-to-month contract,Fiber optic service,Associated with month-to-month contract and fiber optic service.
5600-KTXFM,No,0.752,75,High,Month-to-month,Fiber optic,Mailed check,2,69.95,Month-to-month contract,Short tenure,Associated with month-to-month contract and short tenure.
0988-JRWWP,No,0.7518,75,High,Month-to-month,DSL,Electronic check,3,54.2,Month-to-month contract,Short tenure,Associated with month-to-month contract and short tenure.
9360-OMDZZ,No,0.7515,75,High,Month-to-month,Fiber optic,Electronic check,24,94.1,Month-to-month contract,Fiber optic service,Associated with month-to-month contract and fiber optic service.
0168-XZKBB,No,0.7515,75,High,Month-to-month,Fiber optic,Electronic check,19,86.85,Month-to-month contract,Fiber optic service,Associated with month-to-month contract and fiber optic service.
8397-MVTAZ,Yes,0.7514,75,High,Month-to-month,Fiber optic,Electronic check,34,100.05,Month-to-month contract,Fiber optic service,Associated with month-to-month contract and fiber optic service.
9208-OLGAQ,No,0.7509,75,High,Month-to-month,Fiber optic,Electronic check,18,84.95,Month-to-month contract,Fiber optic service,Associated with month-to-month contract and fiber optic service.
2985-FMWYF,No,0.7508,75,High,Month-to-month,Fiber optic,Electronic check,23,93.5,Month-to-month contract,Fiber optic service,Associated with month-to-month contract and fiber optic service.
8063-GBATB,Yes,0.7507,75,High,Month-to-month,Fiber optic,Electronic check,27,85.25,Month-to-month contract,Fiber optic service,Associated with month-to-month contract and fiber optic service.
9912-GVSEQ,Yes,0.7507,75,High,Month-to-month,Fiber optic,Electronic check,26,93.85,Month-to-month contract,Fiber optic service,Associated with month-to-month contract and fiber optic service.
2107-FBPTK,No,0.7506,75,High,Month-to-month,Fiber optic,Electronic check,30,104.1,Month-to-month contract,Fiber optic service,Associated with month-to-month contract and fiber optic service.
2979-SXESE,Yes,0.7506,75,High,Month-to-month,Fiber optic,Electronic check,17,94.4,Month-to-month contract,Fiber optic service,Associated with month-to-month contract and fiber optic service.
0939-YAPAF,Yes,0.7504,75,High,Month-to-month,Fiber optic,Electronic check,35,100.25,Month-to-month contract,Fiber optic service,Associated with month-to-month contract and fiber optic service.
2809-ZMYOQ,No,0.7504,75,High,Month-to-month,Fiber optic,Electronic check,32,101.35,Month-to-month contract,Fiber optic service,Associated with month-to-month contract and fiber optic service.
5380-WJKOV,Yes,0.75,75,High,Month-to-month,Fiber optic,Electronic check,34,106.35,Month-to-month contract,Fiber optic service,Associated with month-to-month contract and fiber optic service.
1666-JXLKU,No,0.75,75,High,Month-to-month,Fiber optic,Electronic check,37,100.05,Month-to-month contract,Fiber optic service,Associated with month-to-month contract and fiber optic service.
8020-BWHYL,Yes,0.75,75,High,Month-to-month,Fiber optic,Credit card (automatic),15,75.3,Month-to-month contract,Fiber optic service,Associated with month-to-month contract and fiber optic service.
8270-RKSAP,No,0.7497,75,High,Month-to-month,Fiber optic,Electronic check,9,70.5,Month-to-month contract,Short tenure,Associated with month-to-month contract and short tenure.
3877-JRJIP,Yes,0.7497,75,High,Month-to-month,DSL,Electronic check,1,59.85,Month-to-month contract,Short tenure,Associated with month-to-month contract and short tenure.
9121-PHQSR,No,0.7496,75,High,Month-to-month,Fiber optic,Credit card (automatic),16,85.05,Month-to-month contract,Fiber optic service,Associated with month-to-month contract and fiber optic service.
6331-EWIEB,Yes,0.7496,75,High,Month-to-month,Fiber optic,Electronic check,20,85.25,Month-to-month contract,Fiber optic service,Associated with month-to-month contract and fiber optic service.
5366-IJEQJ,Yes,0.7496,75,High,Month-to-month,Fiber optic,Electronic check,20,88.7,Month-to-month contract,Fiber optic service,Associated with month-to-month contract and fiber optic service.
3427-GGZZI,No,0.7496,75,High,Month-to-month,Fiber optic,Electronic check,19,89.1,Month-to-month contract,Fiber optic service,Associated with month-to-month contract and fiber optic service.
0848-ZGQIJ,No,0.7495,75,High,Month-to-month,Fiber optic,Bank transfer (automatic),16,94.65,Month-to-month contract,Fiber optic service,Associated with month-to-month contract and fiber optic service.
8519-QJGJD,Yes,0.7494,75,High,Month-to-month,Fiber optic,Electronic check,14,75.35,Month-to-month contract,Fiber optic service,Associated with month-to-month contract and fiber optic service.
8374-XGEJJ,Yes,0.7494,75,High,Month-to-month,Fiber optic,Electronic check,43,101.0,Month-to-month contract,Fiber optic service,Associated with month-to-month contract and fiber optic service.
6116-RFVHN,No,0.7494,75,High,Month-to-month,Fiber optic,Electronic check,34,100.45,Month-to-month contract,Fiber optic service,Associated with month-to-month contract and fiber optic service.
7142-HVGBG,Yes,0.7494,75,High,Month-to-month,Fiber optic,Electronic check,43,103.0,Month-to-month contract,Fiber optic service,Associated with month-to-month contract and fiber optic service.
5219-YIPTK,Yes,0.7493,75,High,Month-to-month,Fiber optic,Electronic check,33,104.4,Month-to-month contract,Fiber optic service,Associated with month-to-month contract and fiber optic service.
7508-SMHXL,No,0.7492,75,High,Month-to-month,Fiber optic,Credit card (automatic),15,89.0,Month-to-month contract,Fiber optic service,Associated with month-to-month contract and fiber optic service.
9851-QXEEQ,Yes,0.7492,75,High,Month-to-month,Fiber optic,Electronic check,41,104.7,Month-to-month contract,Fiber optic service,Associated with month-to-month contract and fiber optic service.
2371-JQHZZ,No,0.7492,75,High,Month-to-month,Fiber optic,Electronic check,24,93.0,Month-to-month contract,Fiber optic service,Associated with month-to-month contract and fiber optic service.
6907-NZZIJ,Yes,0.7491,75,High,Month-to-month,Fiber optic,Electronic check,36,99.15,Month-to-month contract,Fiber optic service,Associated with month-to-month contract and fiber optic service.
8709-KRDVL,No,0.7491,75,High,Month-to-month,Fiber optic,Electronic check,33,100.0,Month-to-month contract,Fiber optic service,Associated with month-to-month contract and fiber optic service.
2568-OIADY,Yes,0.749,75,High,Month-to-month,Fiber optic,Electronic check,37,99.5,Month-to-month contract,Fiber optic service,Associated with month-to-month contract and fiber optic service.
1723-HKXJQ,Yes,0.7489,75,High,Month-to-month,Fiber optic,Electronic check,42,101.75,Month-to-month contract,Fiber optic service,Associated with month-to-month contract and fiber optic service.
8393-DLHGA,Yes,0.7488,75,High,Month-to-month,Fiber optic,Electronic check,25,95.9,Month-to-month contract,Fiber optic service,Associated with month-to-month contract and fiber optic service.
4678-DVQEO,Yes,0.7486,75,High,Month-to-month,DSL,Electronic check,1,52.2,Month-to-month contract,Short tenure,Associated with month-to-month contract and short tenure.
9637-EIHEQ,Yes,0.7486,75,High,Month-to-month,DSL,Electronic check,1,50.8,Month-to-month contract,Short tenure,Associated with month-to-month contract and short tenure.
1728-BQDMA,No,0.7484,75,High,Month-to-month,DSL,Electronic check,2,44.45,Month-to-month contract,Short tenure,Associated with month-to-month contract and short tenure.
4433-JCGCG,Yes,0.748,75,High,Month-to-month,Fiber optic,Electronic check,46,101.0,Month-to-month contract,Fiber optic service,Associated with month-to-month contract and fiber optic service.
4289-DTDKW,Yes,0.7479,75,High,Month-to-month,Fiber optic,Electronic check,40,101.3,Month-to-month contract,Fiber optic service,Associated with month-to-month contract and fiber optic service.
7365-BVCJH,No,0.7479,75,High,Month-to-month,DSL,Electronic check,1,24.4,Month-to-month contract,Short tenure,Associated with month-to-month contract and short tenure.
5655-JSMZM,Yes,0.7479,75,High,Month-to-month,Fiber optic,Electronic check,49,96.2,Month-to-month contract,Fiber optic service,Associated with month-to-month contract and fiber optic service.
1334-FJSVR,Yes,0.7479,75,High,Month-to-month,DSL,Electronic check,1,24.25,Month-to-month contract,Short tenure,Associated with month-to-month contract and short tenure.
3797-VTIDR,Yes,0.7479,75,High,Month-to-month,DSL,Electronic check,1,23.45,Month-to-month contract,Short tenure,Associated with month-to-month contract and short tenure.
9054-FOWNV,No,0.7478,75,High,Month-to-month,Fiber optic,Electronic check,22,88.75,Month-to-month contract,Fiber optic service,Associated with month-to-month contract and fiber optic service.
0480-BIXDE,No,0.7476,75,High,Month-to-month,Fiber optic,Electronic check,19,96.8,Month-to-month contract,Fiber optic service,Associated with month-to-month contract and fiber optic service.
6393-WRYZE,Yes,0.7475,75,High,Month-to-month,Fiber optic,Electronic check,34,97.65,Month-to-month contract,Fiber optic service,Associated with month-to-month contract and fiber optic service.
7278-CKDNC,No,0.7473,75,High,Month-to-month,Fiber optic,Electronic check,24,80.5,Month-to-month contract,Fiber optic service,Associated with month-to-month contract and fiber optic service.
3317-HRTNN,Yes,0.7473,75,High,Month-to-month,DSL,Electronic check,5,45.7,Month-to-month contract,Short tenure,Associated with month-to-month contract and short tenure.
8634-MPHTR,Yes,0.7473,75,High,Month-to-month,Fiber optic,Electronic check,47,100.05,Month-to-month contract,Fiber optic service,Associated with month-to-month contract and fiber optic service.
9801-GDWGV,Yes,0.7472,75,High,Month-to-month,Fiber optic,Electronic check,39,103.45,Month-to-month contract,Fiber optic service,Associated with month-to-month contract and fiber optic service.
0378-NHQXU,Yes,0.7471,75,High,Month-to-month,Fiber optic,Electronic check,17,88.25,Month-to-month contract,Fiber optic service,Associated with month-to-month contract and fiber optic service.
4598-XLKNJ,Yes,0.747,75,High,Month-to-month,Fiber optic,Electronic check,25,98.5,Month-to-month contract,Fiber optic service,Associated with month-to-month contract and fiber optic service.
1751-NCDLI,No,0.747,75,High,Month-to-month,Fiber optic,Electronic check,46,98.85,Month-to-month contract,Fiber optic service,Associated with month-to-month contract and fiber optic service.
6629-CZTTH,Yes,0.7469,75,High,Month-to-month,DSL,Mailed check,1,55.7,Month-to-month contract,Short tenure,Associated with month-to-month contract and short tenure.
6242-MBHPK,No,0.7467,75,High,Month-to-month,Fiber optic,Electronic check,23,95.1,Month-to-month contract,Fiber optic service,Associated with month-to-month contract and fiber optic service.
1226-UDFZR,Yes,0.7467,75,High,Month-to-month,DSL,Mailed check,2,49.6,Month-to-month contract,Short tenure,Associated with month-to-month contract and short tenure.
0231-LXVAP,Yes,0.7464,75,High,Month-to-month,Fiber optic,Electronic check,1,75.9,Month-to-month contract,Short tenure,Associated with month-to-month contract and short tenure.
8364-TRMMK,Yes,0.7463,75,High,Month-to-month,DSL,Mailed check,3,50.65,Month-to-month contract,Short tenure,Associated with month-to-month contract and short tenure.
5650-VDUDS,Yes,0.7462,75,High,Month-to-month,DSL,Mailed check,4,24.25,Month-to-month contract,Short tenure,Associated with month-to-month contract and short tenure.
6267-DCFFZ,No,0.7462,75,High,Month-to-month,Fiber optic,Electronic check,30,90.05,Month-to-month contract,Fiber optic service,Associated with month-to-month contract and fiber optic service.
7534-BFESC,Yes,0.7461,75,High,Month-to-month,Fiber optic,Electronic check,24,76.1,Month-to-month contract,Fiber optic service,Associated with month-to-month contract and fiber optic service.
0337-CNPZE,Yes,0.7459,75,High,Month-to-month,Fiber optic,Electronic check,41,106.3,Month-to-month contract,Fiber optic service,Associated with month-to-month contract and fiber optic service.
0637-YLETY,Yes,0.7458,75,High,Month-to-month,Fiber optic,Credit card (automatic),16,95.6,Month-to-month contract,Fiber optic service,Associated with month-to-month contract and fiber optic service.
1251-KRREG,Yes,0.7457,75,High,Month-to-month,DSL,Mailed check,2,54.4,Month-to-month contract,Short tenure,Associated with month-to-month contract and short tenure.
9576-ANLXO,Yes,0.7457,75,High,Month-to-month,Fiber optic,Bank transfer (automatic),3,69.55,Month-to-month contract,Short tenure,Associated with month-to-month contract and short tenure.
4412-YLTKF,Yes,0.7455,75,High,Month-to-month,Fiber optic,Electronic check,27,78.05,Month-to-month contract,Fiber optic service,Associated with month-to-month contract and fiber optic service.
5091-HFAZW,No,0.7455,75,High,Month-to-month,Fiber optic,Electronic check,2,91.15,Month-to-month contract,Short tenure,Associated with month-to-month contract and short tenure.
6088-BXMRG,No,0.7455,75,High,Month-to-month,Fiber optic,Electronic check,32,98.85,Month-to-month contract,Fiber optic service,Associated with month-to-month contract and fiber optic service.
9606-PBKBQ,Yes,0.7452,75,High,Month-to-month,Fiber optic,Electronic check,32,85.0,Month-to-month contract,Fiber optic service,Associated with month-to-month contract and fiber optic service.
7802-EFKNY,Yes,0.7452,75,High,Month-to-month,DSL,Electronic check,5,24.95,Month-to-month contract,Short tenure,Associated with month-to-month contract and short tenure.
4423-YLHDV,Yes,0.7451,75,High,Month-to-month,Fiber optic,Bank transfer (automatic),21,104.4,Month-to-month contract,Fiber optic service,Associated with month-to-month contract and fiber optic service.
4009-ALQFH,Yes,0.7451,75,High,Month-to-month,Fiber optic,Electronic check,25,99.5,Month-to-month contract,Fiber optic service,Associated with month-to-month contract and fiber optic service.
5216-WASFJ,No,0.7449,74,High,Month-to-month,Fiber optic,Electronic check,31,84.85,Month-to-month contract,Fiber optic service,Associated with month-to-month contract and fiber optic service.
4583-PARNH,No,0.7449,74,High,Month-to-month,Fiber optic,Electronic check,16,91.55,Month-to-month contract,Fiber optic service,Associated with month-to-month contract and fiber optic service.
4659-NZRUF,Yes,0.7448,74,High,Month-to-month,Fiber optic,Electronic check,19,95.15,Month-to-month contract,Fiber optic service,Associated with month-to-month contract and fiber optic service.
9992-RRAMN,Yes,0.7446,74,High,Month-to-month,Fiber optic,Electronic check,22,85.1,Month-to-month contract,Fiber optic service,Associated with month-to-month contract and fiber optic service.
0818-OCPZO,Yes,0.7446,74,High,Month-to-month,Fiber optic,Electronic check,27,81.45,Month-to-month contract,Fiber optic service,Associated with month-to-month contract and fiber optic service.
6304-IJFSQ,Yes,0.7446,74,High,Month-to-month,DSL,Mailed check,3,49.9,Month-to-month contract,Short tenure,Associated with month-to-month contract and short tenure.
8818-DOPVL,No,0.7443,74,High,Month-to-month,Fiber optic,Electronic check,46,104.45,Month-to-month contract,Fiber optic service,Associated with month-to-month contract and fiber optic service.
5117-IFGPS,No,0.7443,74,High,Month-to-month,Fiber optic,Electronic check,29,84.3,Month-to-month contract,Fiber optic service,Associated with month-to-month contract and fiber optic service.
9600-NAXZN,Yes,0.7443,74,High,Month-to-month,Fiber optic,Electronic check,43,101.4,Month-to-month contract,Fiber optic service,Associated with month-to-month contract and fiber optic service.
7480-QNVZJ,Yes,0.7439,74,High,Month-to-month,Fiber optic,Electronic check,50,95.7,Month-to-month contract,Fiber optic service,Associated with month-to-month contract and fiber optic service.
5934-RMPOV,No,0.7436,74,High,Month-to-month,Fiber optic,Electronic check,22,84.75,Month-to-month contract,Fiber optic service,Associated with month-to-month contract and fiber optic service.
2057-ZBLPD,Yes,0.7434,74,High,Month-to-month,Fiber optic,Electronic check,21,86.5,Month-to-month contract,Fiber optic service,Associated with month-to-month contract and fiber optic service.
4822-YCXMX,Yes,0.7431,74,High,Month-to-month,Fiber optic,Electronic check,25,84.8,Month-to-month contract,Fiber optic service,Associated with month-to-month contract and fiber optic service.
6402-ZFPPI,Yes,0.7429,74,High,Month-to-month,Fiber optic,Mailed check,25,102.8,Month-to-month contract,Fiber optic service,Associated with month-to-month contract and fiber optic service.
0455-XFASS,No,0.7428,74,High,Month-to-month,Fiber optic,Electronic check,3,69.55,Month-to-month contract,Short tenure,Associated with month-to-month contract and short tenure.
5759-RCVCB,Yes,0.7428,74,High,Month-to-month,DSL,Credit card (automatic),3,35.2,Month-to-month contract,Short tenure,Associated with month-to-month contract and short tenure.
5669-SRAIP,Yes,0.7426,74,High,Month-to-month,DSL,Electronic check,5,39.5,Month-to-month contract,Short tenure,Associated with month-to-month contract and short tenure.
8696-JKZNU,Yes,0.7426,74,High,Month-to-month,Fiber optic,Electronic check,37,76.25,Month-to-month contract,Fiber optic service,Associated with month-to-month contract and fiber optic service.
2685-SREOM,Yes,0.7426,74,High,Month-to-month,Fiber optic,Electronic check,25,89.1,Month-to-month contract,Fiber optic service,Associated with month-to-month contract and fiber optic service.
0027-KWYKW,No,0.7425,74,High,Month-to-month,Fiber optic,Electronic check,23,83.75,Month-to-month contract,Fiber optic service,Associated with month-to-month contract and fiber optic service.
1536-HBSWP,No,0.7424,74,High,Month-to-month,DSL,Electronic check,1,49.9,Month-to-month contract,Short tenure,Associated with month-to-month contract and short tenure.
5692-ICXLW,No,0.7424,74,High,Month-to-month,Fiber optic,Electronic check,31,90.7,Month-to-month contract,Fiber optic service,Associated with month-to-month contract and fiber optic service.
9620-ENEJV,No,0.7424,74,High,Month-to-month,Fiber optic,Credit card (automatic),6,70.55,Month-to-month contract,Short tenure,Associated with month-to-month contract and short tenure.
5628-FCGYG,No,0.7423,74,High,Month-to-month,Fiber optic,Electronic check,21,84.1,Month-to-month contract,Fiber optic service,Associated with month-to-month contract and fiber optic service.
1989-PRJHP,Yes,0.7421,74,High,Month-to-month,Fiber optic,Electronic check,27,75.5,Month-to-month contract,Fiber optic service,Associated with month-to-month contract and fiber optic service.
4846-WHAFZ,Yes,0.742,74,High,Month-to-month,Fiber optic,Electronic check,37,76.5,Month-to-month contract,Fiber optic service,Associated with month-to-month contract and fiber optic service.
8695-ARGXZ,No,0.742,74,High,Month-to-month,Fiber optic,Electronic check,34,75.55,Month-to-month contract,Fiber optic service,Associated with month-to-month contract and fiber optic service.
4853-OITSN,No,0.7418,74,High,Month-to-month,Fiber optic,Electronic check,5,89.15,Month-to-month contract,Short tenure,Associated with month-to-month contract and short tenure.
4919-MOAVT,Yes,0.7417,74,High,Month-to-month,Fiber optic,Electronic check,3,69.65,Month-to-month contract,Short tenure,Associated with month-to-month contract and short tenure.
6705-LXORM,No,0.7411,74,High,Month-to-month,Fiber optic,Electronic check,5,70.05,Month-to-month contract,Short tenure,Associated with month-to-month contract and short tenure.
1624-WOIWJ,Yes,0.7411,74,High,Month-to-month,Fiber optic,Mailed check,10,84.7,Month-to-month contract,Short tenure,Associated with month-to-month contract and short tenure.
8182-BJDSI,Yes,0.7411,74,High,Month-to-month,Fiber optic,Electronic check,28,89.95,Month-to-month contract,Fiber optic service,Associated with month-to-month contract and fiber optic service.
7029-RPUAV,Yes,0.7409,74,High,Month-to-month,Fiber optic,Credit card (automatic),17,100.45,Month-to-month contract,Fiber optic service,Associated with month-to-month contract and fiber optic service.
2636-OHFMN,Yes,0.7408,74,High,Month-to-month,DSL,Electronic check,4,48.55,Month-to-month contract,Short tenure,Associated with month-to-month contract and short tenure.
8290-YWKHZ,Yes,0.7407,74,High,Month-to-month,Fiber optic,Electronic check,32,93.2,Month-to-month contract,Fiber optic service,Associated with month-to-month contract and fiber optic service.
0112-QAWRZ,No,0.7407,74,High,Month-to-month,Fiber optic,Bank transfer (automatic),16,90.8,Month-to-month contract,Fiber optic service,Associated with month-to-month contract and fiber optic service.
5976-JCJRH,Yes,0.7405,74,High,Month-to-month,Fiber optic,Electronic check,10,70.3,Month-to-month contract,Short tenure,Associated with month-to-month contract and short tenure.
3744-ZRRDZ,Yes,0.7405,74,High,Month-to-month,Fiber optic,Electronic check,21,82.35,Month-to-month contract,Fiber optic service,Associated with month-to-month contract and fiber optic service.
4983-CCWMC,No,0.7404,74,High,Month-to-month,Fiber optic,Mailed check,3,69.6,Month-to-month contract,Short tenure,Associated with month-to-month contract and short tenure.
6900-PXRMS,Yes,0.7403,74,High,Month-to-month,Fiber optic,Electronic check,26,105.75,Month-to-month contract,Fiber optic service,Associated with month-to-month contract and fiber optic service.
7852-LECYP,No,0.7402,74,High,Month-to-month,Fiber optic,Credit card (automatic),13,93.8,Month-to-month contract,Fiber optic service,Associated with month-to-month contract and fiber optic service.
2359-KMGLI,Yes,0.7401,74,High,Month-to-month,Fiber optic,Electronic check,24,80.25,Month-to-month contract,Fiber optic service,Associated with month-to-month contract and fiber optic service.
7703-ZEKEF,Yes,0.7401,74,High,Month-to-month,Fiber optic,Electronic check,23,81.0,Month-to-month contract,Fiber optic service,Associated with month-to-month contract and fiber optic service.
3085-QUOZK,Yes,0.7399,74,High,Month-to-month,DSL,Mailed check,1,43.95,Month-to-month contract,Short tenure,Associated with month-to-month contract and short tenure.
0067-DKWBL,Yes,0.7398,74,High,Month-to-month,DSL,Electronic check,2,49.25,Month-to-month contract,Short tenure,Associated with month-to-month contract and short tenure.
6467-CHFZW,Yes,0.7393,74,High,Month-to-month,Fiber optic,Electronic check,47,99.35,Month-to-month contract,Fiber optic service,Associated with month-to-month contract and fiber optic service.
3627-FCRDW,Yes,0.7391,74,High,Month-to-month,Fiber optic,Electronic check,9,71.0,Month-to-month contract,Short tenure,Associated with month-to-month contract and short tenure.
4919-IKATY,Yes,0.739,74,High,Month-to-month,Fiber optic,Electronic check,5,84.5,Month-to-month contract,Short tenure,Associated with month-to-month contract and short tenure.
5022-JNQEQ,No,0.7388,74,High,Month-to-month,Fiber optic,Electronic check,9,75.85,Month-to-month contract,Short tenure,Associated with month-to-month contract and short tenure.
4123-DVHPH,No,0.7387,74,High,Month-to-month,Fiber optic,Electronic check,9,88.05,Month-to-month contract,Short tenure,Associated with month-to-month contract and short tenure.
6298-QDFNH,Yes,0.7386,74,High,Month-to-month,Fiber optic,Electronic check,22,79.35,Month-to-month contract,Fiber optic service,Associated with month-to-month contract and fiber optic service.
3223-WZWJM,Yes,0.7386,74,High,Month-to-month,Fiber optic,Electronic check,26,83.95,Month-to-month contract,Fiber optic service,Associated with month-to-month contract and fiber optic service.
1092-GANHU,Yes,0.7385,74,High,Month-to-month,Fiber optic,Electronic check,17,76.65,Month-to-month contract,Fiber optic service,Associated with month-to-month contract and fiber optic service.
0330-IVZHA,Yes,0.7385,74,High,Month-to-month,Fiber optic,Electronic check,5,69.95,Month-to-month contract,Short tenure,Associated with month-to-month contract and short tenure.
1895-QTKDO,No,0.7385,74,High,Month-to-month,DSL,Credit card (automatic),1,43.95,Month-to-month contract,Short tenure,Associated with month-to-month contract and short tenure.
3891-PUQOD,Yes,0.7385,74,High,Month-to-month,DSL,Electronic check,1,59.2,Month-to-month contract,Short tenure,Associated with month-to-month contract and short tenure.
2969-QWUBZ,No,0.7385,74,High,Month-to-month,DSL,Electronic check,2,51.4,Month-to-month contract,Short tenure,Associated with month-to-month contract and short tenure.
4816-LXZYW,Yes,0.7382,74,High,Month-to-month,Fiber optic,Electronic check,23,79.15,Month-to-month contract,Fiber optic service,Associated with month-to-month contract and fiber optic service.
5980-NOPLP,Yes,0.7381,74,High,Month-to-month,Fiber optic,Electronic check,44,96.1,Month-to-month contract,Fiber optic service,Associated with month-to-month contract and fiber optic service.
0434-CSFON,No,0.738,74,High,Month-to-month,Fiber optic,Electronic check,47,100.5,Month-to-month contract,Fiber optic service,Associated with month-to-month contract and fiber optic service.
9389-ACWBI,No,0.7379,74,High,Month-to-month,Fiber optic,Credit card (automatic),5,69.95,Month-to-month contract,Short tenure,Associated with month-to-month contract and short tenure.
6651-AZVTJ,Yes,0.7378,74,High,Month-to-month,Fiber optic,Electronic check,49,99.8,Month-to-month contract,Fiber optic service,Associated with month-to-month contract and fiber optic service.
8903-WMRNW,No,0.7377,74,High,Month-to-month,Fiber optic,Electronic check,15,101.75,Month-to-month contract,Fiber optic service,Associated with month-to-month contract and fiber optic service.
2538-OIMXF,No,0.7375,74,High,Month-to-month,DSL,Mailed check,1,24.7,Month-to-month contract,Short tenure,Associated with month-to-month contract and short tenure.
0265-PSUAE,No,0.7375,74,High,Month-to-month,Fiber optic,Bank transfer (automatic),16,100.7,Month-to-month contract,Fiber optic service,Associated with month-to-month contract and fiber optic service.
1766-GKNMI,No,0.7374,74,High,Month-to-month,Fiber optic,Electronic check,29,84.9,Month-to-month contract,Fiber optic service,Associated with month-to-month contract and fiber optic service.
9505-SQFSW,No,0.7374,74,High,Month-to-month,DSL,Mailed check,3,40.3,Month-to-month contract,Short tenure,Associated with month-to-month contract and short tenure.
0374-IOEGQ,No,0.7374,74,High,Month-to-month,DSL,Electronic check,3,44.6,Month-to-month contract,Short tenure,Associated with month-to-month contract and short tenure.
6103-BOCOU,No,0.7371,74,High,Month-to-month,Fiber optic,Electronic check,26,80.7,Month-to-month contract,Fiber optic service,Associated with month-to-month contract and fiber optic service.
2082-OJVTK,Yes,0.737,74,High,Month-to-month,Fiber optic,Electronic check,29,89.2,Month-to-month contract,Fiber optic service,Associated with month-to-month contract and fiber optic service.
0654-HMSHN,Yes,0.7369,74,High,Month-to-month,Fiber optic,Electronic check,21,104.4,Month-to-month contract,Fiber optic service,Associated with month-to-month contract and fiber optic service.
0265-EDXBD,Yes,0.7368,74,High,Month-to-month,Fiber optic,Electronic check,32,74.9,Month-to-month contract,Fiber optic service,Associated with month-to-month contract and fiber optic service.
7326-RIGQZ,No,0.7367,74,High,Month-to-month,Fiber optic,Electronic check,6,69.8,Month-to-month contract,Short tenure,Associated with month-to-month contract and short tenure.
9465-RWMXL,Yes,0.7366,74,High,Month-to-month,Fiber optic,Electronic check,32,78.9,Month-to-month contract,Fiber optic service,Associated with month-to-month contract and fiber optic service.
8436-BJUMM,Yes,0.7364,74,High,Month-to-month,Fiber optic,Electronic check,26,83.75,Month-to-month contract,Fiber optic service,Associated with month-to-month contract and fiber optic service.
9885-AIBVB,No,0.7364,74,High,Month-to-month,Fiber optic,Electronic check,29,85.8,Month-to-month contract,Fiber optic service,Associated with month-to-month contract and fiber optic service.
0524-IAVZO,Yes,0.7364,74,High,Month-to-month,Fiber optic,Electronic check,30,85.0,Month-to-month contract,Fiber optic service,Associated with month-to-month contract and fiber optic service.
3550-SAHFP,Yes,0.7363,74,High,Month-to-month,Fiber optic,Electronic check,33,83.35,Month-to-month contract,Fiber optic service,Associated with month-to-month contract and fiber optic service.
2357-COQEK,Yes,0.736,74,High,Month-to-month,Fiber optic,Electronic check,28,103.3,Month-to-month contract,Fiber optic service,Associated with month-to-month contract and fiber optic service.
5022-KVDQT,No,0.736,74,High,Month-to-month,Fiber optic,Electronic check,27,81.3,Month-to-month contract,Fiber optic service,Associated with month-to-month contract and fiber optic service.
3672-YITQD,Yes,0.7357,74,High,Month-to-month,Fiber optic,Electronic check,36,84.1,Month-to-month contract,Fiber optic service,Associated with month-to-month contract and fiber optic service.
5339-PXDVH,No,0.7356,74,High,Month-to-month,Fiber optic,Electronic check,4,90.65,Month-to-month contract,Short tenure,Associated with month-to-month contract and short tenure.
9661-MHUMO,Yes,0.7353,74,High,Month-to-month,DSL,Credit card (automatic),1,49.25,Month-to-month contract,Short tenure,Associated with month-to-month contract and short tenure.
9269-CQOOL,Yes,0.7351,74,High,Month-to-month,DSL,Credit card (automatic),3,54.7,Month-to-month contract,Short tenure,Associated with month-to-month contract and short tenure.
8486-AYEQH,No,0.735,74,High,Month-to-month,Fiber optic,Electronic check,31,76.05,Month-to-month contract,Fiber optic service,Associated with month-to-month contract and fiber optic service.
8017-LXHFA,Yes,0.7346,73,High,Month-to-month,Fiber optic,Electronic check,23,94.75,Month-to-month contract,Fiber optic service,Associated with month-to-month contract and fiber optic service.
6352-TWCAU,Yes,0.7346,73,High,Month-to-month,Fiber optic,Electronic check,35,86.45,Month-to-month contract,Fiber optic service,Associated with month-to-month contract and fiber optic service.
2831-EBWRN,No,0.7344,73,High,Month-to-month,DSL,Electronic check,4,45.9,Month-to-month contract,Short tenure,Associated with month-to-month contract and short tenure.
7579-OOPEC,Yes,0.7344,73,High,Month-to-month,DSL,Credit card (automatic),2,50.15,Month-to-month contract,Short tenure,Associated with month-to-month contract and short tenure.
3858-VOBET,Yes,0.7342,73,High,Month-to-month,Fiber optic,Electronic check,23,74.95,Month-to-month contract,Fiber optic service,Associated with month-to-month contract and fiber optic service.
9821-POOTN,Yes,0.7342,73,High,Month-to-month,Fiber optic,Electronic check,35,75.2,Month-to-month contract,Fiber optic service,Associated with month-to-month contract and fiber optic service.
4013-TLDHQ,Yes,0.7334,73,High,Month-to-month,Fiber optic,Electronic check,19,78.25,Month-to-month contract,Fiber optic service,Associated with month-to-month contract and fiber optic service.
4690-PKDQG,No,0.7334,73,High,Month-to-month,Fiber optic,Electronic check,42,95.55,Month-to-month contract,Fiber optic service,Associated with month-to-month contract and fiber optic service.
3640-PHQXK,Yes,0.7332,73,High,Month-to-month,Fiber optic,Electronic check,31,89.9,Month-to-month contract,Fiber optic service,Associated with month-to-month contract and fiber optic service.
0388-EOPEX,Yes,0.7329,73,High,Month-to-month,Fiber optic,Electronic check,2,74.4,Month-to-month contract,Short tenure,Associated with month-to-month contract and short tenure.
3716-UVSPD,No,0.7329,73,High,Month-to-month,DSL,Electronic check,1,49.3,Month-to-month contract,Short tenure,Associated with month-to-month contract and short tenure.
3318-OSATS,Yes,0.7328,73,High,Month-to-month,Fiber optic,Electronic check,35,95.45,Month-to-month contract,Fiber optic service,Associated with month-to-month contract and fiber optic service.
5650-YLIBA,No,0.7327,73,High,Month-to-month,Fiber optic,Electronic check,31,81.15,Month-to-month contract,Fiber optic service,Associated with month-to-month contract and fiber optic service.
9714-EDSUC,No,0.7326,73,High,Month-to-month,Fiber optic,Mailed check,4,94.9,Month-to-month contract,Short tenure,Associated with month-to-month contract and short tenure.
8819-IMISP,No,0.7324,73,High,Month-to-month,Fiber optic,Electronic check,31,80.45,Month-to-month contract,Fiber optic service,Associated with month-to-month contract and fiber optic service.
5630-IXDXV,No,0.7324,73,High,Month-to-month,Fiber optic,Electronic check,47,106.35,Month-to-month contract,Fiber optic service,Associated with month-to-month contract and fiber optic service.
1965-DDBWU,Yes,0.732,73,High,Month-to-month,Fiber optic,Credit card (automatic),16,89.05,Month-to-month contract,Fiber optic service,Associated with month-to-month contract and fiber optic service.
2799-ARNLO,No,0.7319,73,High,Month-to-month,Fiber optic,Electronic check,5,69.35,Month-to-month contract,Short tenure,Associated with month-to-month contract and short tenure.
1309-BXVOQ,Yes,0.7319,73,High,Month-to-month,Fiber optic,Electronic check,21,106.1,Month-to-month contract,Fiber optic service,Associated with month-to-month contract and fiber optic service.
9058-MJLZC,No,0.7315,73,High,Month-to-month,Fiber optic,Electronic check,24,94.6,Month-to-month contract,Fiber optic service,Associated with month-to-month contract and fiber optic service.
5233-AOZUF,No,0.731,73,High,Month-to-month,Fiber optic,Electronic check,29,74.95,Month-to-month contract,Fiber optic service,Associated with month-to-month contract and fiber optic service.
6507-ZJSUR,No,0.7309,73,High,Month-to-month,Fiber optic,Electronic check,23,90.45,Month-to-month contract,Fiber optic service,Associated with month-to-month contract and fiber optic service.
3082-VQXNH,No,0.7309,73,High,Month-to-month,DSL,Credit card (automatic),3,29.8,Month-to-month contract,Short tenure,Associated with month-to-month contract and short tenure.
6212-ATMLK,No,0.7309,73,High,Month-to-month,Fiber optic,Electronic check,50,95.7,Month-to-month contract,Fiber optic service,Associated with month-to-month contract and fiber optic service.
1597-LHYNC,Yes,0.7309,73,High,Month-to-month,Fiber optic,Electronic check,26,95.0,Month-to-month contract,Fiber optic service,Associated with month-to-month contract and fiber optic service.
6198-RTPMF,No,0.7308,73,High,Month-to-month,Fiber optic,Electronic check,17,92.6,Month-to-month contract,Fiber optic service,Associated with month-to-month contract and fiber optic service.
0674-DGMAQ,No,0.7308,73,High,Month-to-month,Fiber optic,Electronic check,32,93.5,Month-to-month contract,Fiber optic service,Associated with month-to-month contract and fiber optic service.
8903-XEBGX,No,0.7302,73,High,Month-to-month,DSL,Electronic check,2,55.3,Month-to-month contract,Short tenure,Associated with month-to-month contract and short tenure.
3384-CTMSF,No,0.73,73,High,Month-to-month,Fiber optic,Electronic check,47,104.1,Month-to-month contract,Fiber optic service,Associated with month-to-month contract and fiber optic service.
2482-CZGBB,Yes,0.7297,73,High,Month-to-month,Fiber optic,Electronic check,10,70.0,Month-to-month contract,Short tenure,Associated with month-to-month contract and short tenure.
6712-OAWRH,Yes,0.7297,73,High,Month-to-month,Fiber optic,Electronic check,26,91.25,Month-to-month contract,Fiber optic service,Associated with month-to-month contract and fiber optic service.
8276-MQBYC,Yes,0.7294,73,High,Month-to-month,Fiber optic,Electronic check,51,97.8,Month-to-month contract,Fiber optic service,Associated with month-to-month contract and fiber optic service.
7056-IMHCC,Yes,0.7294,73,High,Month-to-month,Fiber optic,Electronic check,53,101.9,Month-to-month contract,Fiber optic service,Associated with month-to-month contract and fiber optic service.
8429-XIBUM,Yes,0.7291,73,High,Month-to-month,Fiber optic,Bank transfer (automatic),22,101.35,Month-to-month contract,Fiber optic service,Associated with month-to-month contract and fiber optic service.
5931-FLJJF,Yes,0.7286,73,High,Month-to-month,Fiber optic,Mailed check,7,70.1,Month-to-month contract,Short tenure,Associated with month-to-month contract and short tenure.
7748-UMTRK,No,0.7286,73,High,Month-to-month,Fiber optic,Electronic check,30,101.3,Month-to-month contract,Fiber optic service,Associated with month-to-month contract and fiber optic service.
4612-SSVHJ,No,0.7285,73,High,Month-to-month,Fiber optic,Electronic check,20,81.45,Month-to-month contract,Fiber optic service,Associated with month-to-month contract and fiber optic service.
2696-NARTR,Yes,0.7285,73,High,Month-to-month,Fiber optic,Electronic check,11,73.85,Month-to-month contract,Short tenure,Associated with month-to-month contract and short tenure.
6379-RXJRQ,Yes,0.7285,73,High,Month-to-month,Fiber optic,Electronic check,10,70.1,Month-to-month contract,Short tenure,Associated with month-to-month contract and short tenure.
2718-GAXQD,Yes,0.7282,73,High,Month-to-month,DSL,Electronic check,4,46.0,Month-to-month contract,Short tenure,Associated with month-to-month contract and short tenure.
3588-WSTTJ,No,0.728,73,High,Month-to-month,Fiber optic,Electronic check,35,99.05,Month-to-month contract,Fiber optic service,Associated with month-to-month contract and fiber optic service.
0947-MUGVO,Yes,0.7277,73,High,Month-to-month,Fiber optic,Electronic check,20,73.65,Month-to-month contract,Fiber optic service,Associated with month-to-month contract and fiber optic service.
0362-ZBZWJ,Yes,0.7276,73,High,Month-to-month,Fiber optic,Electronic check,36,84.9,Month-to-month contract,Fiber optic service,Associated with month-to-month contract and fiber optic service.
2362-IBOOY,Yes,0.7276,73,High,Month-to-month,Fiber optic,Electronic check,36,84.75,Month-to-month contract,Fiber optic service,Associated with month-to-month contract and fiber optic service.
4873-ILOLJ,Yes,0.7273,73,High,Month-to-month,Fiber optic,Electronic check,24,90.35,Month-to-month contract,Fiber optic service,Associated with month-to-month contract and fiber optic service.
2091-RFFBA,Yes,0.7273,73,High,Month-to-month,Fiber optic,Electronic check,31,73.9,Month-to-month contract,Fiber optic service,Associated with month-to-month contract and fiber optic service.
1028-FFNJK,No,0.7269,73,High,Month-to-month,Fiber optic,Electronic check,30,101.5,Month-to-month contract,Fiber optic service,Associated with month-to-month contract and fiber optic service.
6923-JHPMP,No,0.7267,73,High,Month-to-month,Fiber optic,Electronic check,2,80.45,Month-to-month contract,Short tenure,Associated with month-to-month contract and short tenure.
4727-MCYZG,No,0.7266,73,High,Month-to-month,DSL,Mailed check,1,55.55,Month-to-month contract,Short tenure,Associated with month-to-month contract and short tenure.
7967-HYCDE,No,0.7264,73,High,Month-to-month,Fiber optic,Bank transfer (automatic),8,70.7,Month-to-month contract,Short tenure,Associated with month-to-month contract and short tenure.
6319-IEJWJ,Yes,0.7263,73,High,Month-to-month,Fiber optic,Electronic check,20,90.2,Month-to-month contract,Fiber optic service,Associated with month-to-month contract and fiber optic service.
8485-GJCDN,Yes,0.7261,73,High,Month-to-month,Fiber optic,Mailed check,5,69.05,Month-to-month contract,Short tenure,Associated with month-to-month contract and short tenure.
2840-XANRC,Yes,0.7258,73,High,Month-to-month,Fiber optic,Electronic check,24,93.15,Month-to-month contract,Fiber optic service,Associated with month-to-month contract and fiber optic service.
5244-IRFIH,Yes,0.7258,73,High,Month-to-month,Fiber optic,Electronic check,33,94.5,Month-to-month contract,Fiber optic service,Associated with month-to-month contract and fiber optic service.
2398-YPMUR,Yes,0.7255,73,High,Month-to-month,Fiber optic,Electronic check,13,70.15,Month-to-month contract,Fiber optic service,Associated with month-to-month contract and fiber optic service.
3677-TNKIO,Yes,0.7254,73,High,Month-to-month,Fiber optic,Credit card (automatic),14,71.0,Month-to-month contract,Fiber optic service,Associated with month-to-month contract and fiber optic service.
5842-POCOP,Yes,0.7253,73,High,Month-to-month,Fiber optic,Mailed check,5,88.9,Month-to-month contract,Short tenure,Associated with month-to-month contract and short tenure.
7892-POOKP,Yes,0.7251,73,High,Month-to-month,Fiber optic,Electronic check,28,104.8,Month-to-month contract,Fiber optic service,Associated with month-to-month contract and fiber optic service.
7206-PQBBZ,No,0.7251,73,High,Month-to-month,Fiber optic,Electronic check,11,70.2,Month-to-month contract,Short tenure,Associated with month-to-month contract and short tenure.
9355-NPPFS,No,0.7251,73,High,Month-to-month,Fiber optic,Electronic check,26,78.8,Month-to-month contract,Fiber optic service,Associated with month-to-month contract and fiber optic service.
6646-VRFOL,Yes,0.7251,73,High,Month-to-month,Fiber optic,Electronic check,53,103.85,Month-to-month contract,Fiber optic service,Associated with month-to-month contract and fiber optic service.
0975-VOOVL,No,0.725,72,High,Month-to-month,DSL,Mailed check,3,29.2,Month-to-month contract,Short tenure,Associated with month-to-month contract and short tenure.
8120-JDCAM,No,0.7249,72,High,Month-to-month,Fiber optic,Mailed check,4,69.55,Month-to-month contract,Short tenure,Associated with month-to-month contract and short tenure.
4201-JMNGR,Yes,0.7248,72,High,Month-to-month,DSL,Electronic check,1,55.8,Month-to-month contract,Short tenure,Associated with month-to-month contract and short tenure.
5605-IYGFG,No,0.7245,72,High,Month-to-month,Fiber optic,Bank transfer (automatic),7,69.85,Month-to-month contract,Short tenure,Associated with month-to-month contract and short tenure.
5948-UJZLF,No,0.7244,72,High,Month-to-month,DSL,Mailed check,2,49.25,Month-to-month contract,Short tenure,Associated with month-to-month contract and short tenure.
4030-VPZBD,Yes,0.7231,72,High,Month-to-month,DSL,Electronic check,2,30.9,Month-to-month contract,Short tenure,Associated with month-to-month contract and short tenure.
8610-WFCJF,Yes,0.7231,72,High,Month-to-month,Fiber optic,Electronic check,49,95.6,Month-to-month contract,Fiber optic service,Associated with month-to-month contract and fiber optic service.
7623-TRNQN,Yes,0.7231,72,High,Month-to-month,DSL,Mailed check,1,49.9,Month-to-month contract,Short tenure,Associated with month-to-month contract and short tenure.
1902-XBTFB,Yes,0.723,72,High,Month-to-month,Fiber optic,Electronic check,22,89.4,Month-to-month contract,Fiber optic service,Associated with month-to-month contract and fiber optic service.
2311-QYMUQ,Yes,0.7229,72,High,Month-to-month,Fiber optic,Credit card (automatic),16,89.45,Month-to-month contract,Fiber optic service,Associated with month-to-month contract and fiber optic service.
7503-QQRVF,Yes,0.7229,72,High,Month-to-month,Fiber optic,Credit card (automatic),16,74.3,Month-to-month contract,Fiber optic service,Associated with month-to-month contract and fiber optic service.
9506-UXUSK,No,0.7228,72,High,Month-to-month,Fiber optic,Electronic check,13,70.15,Month-to-month contract,Fiber optic service,Associated with month-to-month contract and fiber optic service.
5914-DVBWJ,Yes,0.7227,72,High,Month-to-month,Fiber optic,Electronic check,18,85.45,Month-to-month contract,Fiber optic service,Associated with month-to-month contract and fiber optic service.
3545-CNWRG,No,0.7226,72,High,Month-to-month,Fiber optic,Electronic check,49,98.35,Month-to-month contract,Fiber optic service,Associated with month-to-month contract and fiber optic service.
1391-UBDAR,No,0.7224,72,High,Month-to-month,Fiber optic,Electronic check,11,72.9,Month-to-month contract,Short tenure,Associated with month-to-month contract and short tenure.
8938-UMKPI,Yes,0.7223,72,High,Month-to-month,Fiber optic,Electronic check,47,106.4,Month-to-month contract,Fiber optic service,Associated with month-to-month contract and fiber optic service.
5175-AOBHI,Yes,0.7223,72,High,Month-to-month,DSL,Mailed check,4,46.0,Month-to-month contract,Short tenure,Associated with month-to-month contract and short tenure.
4062-HBMOS,No,0.7223,72,High,Month-to-month,Fiber optic,Electronic check,52,103.05,Month-to-month contract,Fiber optic service,Associated with month-to-month contract and fiber optic service.
8805-JNRAZ,No,0.7222,72,High,Month-to-month,DSL,Mailed check,2,49.2,Month-to-month contract,Short tenure,Associated with month-to-month contract and short tenure.
4061-UKJWL,No,0.7217,72,High,Month-to-month,DSL,Mailed check,3,45.45,Month-to-month contract,Short tenure,Associated with month-to-month contract and short tenure.
3999-QGRJH,Yes,0.7217,72,High,Month-to-month,Fiber optic,Electronic check,8,69.7,Month-to-month contract,Short tenure,Associated with month-to-month contract and short tenure.
4546-FOKWR,No,0.7215,72,High,Month-to-month,Fiber optic,Credit card (automatic),16,74.75,Month-to-month contract,Fiber optic service,Associated with month-to-month contract and fiber optic service.
9172-JITSM,Yes,0.7215,72,High,Month-to-month,Fiber optic,Electronic check,26,90.8,Month-to-month contract,Fiber optic service,Associated with month-to-month contract and fiber optic service.
1730-ZMAME,No,0.7215,72,High,Month-to-month,Fiber optic,Electronic check,32,79.5,Month-to-month contract,Fiber optic service,Associated with month-to-month contract and fiber optic service.
8544-GOQSH,No,0.7213,72,High,Month-to-month,Fiber optic,Credit card (automatic),14,80.05,Month-to-month contract,Fiber optic service,Associated with month-to-month contract and fiber optic service.
5156-UMKOW,No,0.721,72,High,Month-to-month,DSL,Mailed check,3,29.65,Month-to-month contract,Short tenure,Associated with month-to-month contract and short tenure.
7137-RYLPP,Yes,0.721,72,High,Month-to-month,Fiber optic,Electronic check,37,85.7,Month-to-month contract,Fiber optic service,Associated with month-to-month contract and fiber optic service.
3799-ISUZQ,Yes,0.721,72,High,Month-to-month,Fiber optic,Bank transfer (automatic),7,69.95,Month-to-month contract,Short tenure,Associated with month-to-month contract and short tenure.
8714-EUHJO,Yes,0.7207,72,High,Month-to-month,Fiber optic,Electronic check,31,91.15,Month-to-month contract,Fiber optic service,Associated with month-to-month contract and fiber optic service.
1251-STYSZ,No,0.7205,72,High,Month-to-month,Fiber optic,Electronic check,4,80.25,Month-to-month contract,Short tenure,Associated with month-to-month contract and short tenure.
7963-GQRMY,Yes,0.7205,72,High,Month-to-month,DSL,Mailed check,3,44.3,Month-to-month contract,Short tenure,Associated with month-to-month contract and short tenure.
3703-KBKZP,No,0.7205,72,High,Month-to-month,Fiber optic,Bank transfer (automatic),16,74.45,Month-to-month contract,Fiber optic service,Associated with month-to-month contract and fiber optic service.
9432-VOFYX,No,0.7205,72,High,Month-to-month,Fiber optic,Electronic check,17,70.8,Month-to-month contract,Fiber optic service,Associated with month-to-month contract and fiber optic service.
9631-XEYKE,No,0.7204,72,High,Month-to-month,DSL,Bank transfer (automatic),3,50.4,Month-to-month contract,Short tenure,Associated with month-to-month contract and short tenure.
2719-BDAQO,Yes,0.7203,72,High,Month-to-month,Fiber optic,Electronic check,17,93.85,Month-to-month contract,Fiber optic service,Associated with month-to-month contract and fiber optic service.
5226-NOZFC,No,0.7201,72,High,Month-to-month,Fiber optic,Electronic check,26,85.75,Month-to-month contract,Fiber optic service,Associated with month-to-month contract and fiber optic service.
0018-NYROU,No,0.72,72,High,Month-to-month,Fiber optic,Electronic check,5,68.95,Month-to-month contract,Short tenure,Associated with month-to-month contract and short tenure.
4183-MYFRB,No,0.7197,72,High,Month-to-month,Fiber optic,Electronic check,21,90.05,Month-to-month contract,Fiber optic service,Associated with month-to-month contract and fiber optic service.
3951-NJCVI,No,0.7197,72,High,Month-to-month,Fiber optic,Electronic check,42,95.05,Month-to-month contract,Fiber optic service,Associated with month-to-month contract and fiber optic service.
5141-ZUVBH,No,0.7196,72,High,Month-to-month,Fiber optic,Bank transfer (automatic),9,93.0,Month-to-month contract,Short tenure,Associated with month-to-month contract and short tenure.
1016-DJTSV,No,0.7196,72,High,Month-to-month,Fiber optic,Electronic check,8,69.7,Month-to-month contract,Short tenure,Associated with month-to-month contract and short tenure.
6817-WTYHE,No,0.7195,72,High,Month-to-month,DSL,Bank transfer (automatic),2,44.9,Month-to-month contract,Short tenure,Associated with month-to-month contract and short tenure.
4137-BTIKL,No,0.7194,72,High,Month-to-month,Fiber optic,Mailed check,2,90.75,Month-to-month contract,Short tenure,Associated with month-to-month contract and short tenure.
2034-CGRHZ,Yes,0.7193,72,High,Month-to-month,Fiber optic,Credit card (automatic),24,102.95,Month-to-month contract,Fiber optic service,Associated with month-to-month contract and fiber optic service.
4184-TJFAN,Yes,0.7192,72,High,Month-to-month,Fiber optic,Mailed check,3,88.3,Month-to-month contract,Short tenure,Associated with month-to-month contract and short tenure.
4484-GLZOU,Yes,0.7191,72,High,Month-to-month,Fiber optic,Electronic check,52,105.05,Month-to-month contract,Fiber optic service,Associated with month-to-month contract and fiber optic service.
6400-BWQKW,Yes,0.7188,72,High,Month-to-month,Fiber optic,Electronic check,6,79.05,Month-to-month contract,Short tenure,Associated with month-to-month contract and short tenure.
1104-TNLZA,No,0.7186,72,High,Month-to-month,Fiber optic,Electronic check,28,105.8,Month-to-month contract,Fiber optic service,Associated with month-to-month contract and fiber optic service.
3733-LSYCE,No,0.7185,72,High,Month-to-month,Fiber optic,Bank transfer (automatic),15,75.35,Month-to-month contract,Fiber optic service,Associated with month-to-month contract and fiber optic service.
0793-TWELN,No,0.7185,72,High,Month-to-month,Fiber optic,Electronic check,4,80.15,Month-to-month contract,Short tenure,Associated with month-to-month contract and short tenure.
8433-WXGNA,Yes,0.7185,72,High,Month-to-month,Fiber optic,Electronic check,2,75.7,Month-to-month contract,Short tenure,Associated with month-to-month contract and short tenure.
2955-BJZHG,Yes,0.7184,72,High,Month-to-month,Fiber optic,Electronic check,17,80.85,Month-to-month contract,Fiber optic service,Associated with month-to-month contract and fiber optic service.
6235-VDHOM,Yes,0.7183,72,High,Month-to-month,DSL,Electronic check,5,28.45,Month-to-month contract,Short tenure,Associated with month-to-month contract and short tenure.
8654-DHAOW,No,0.7181,72,High,Month-to-month,DSL,Mailed check,2,54.15,Month-to-month contract,Short tenure,Associated with month-to-month contract and short tenure.
9490-DFPMD,Yes,0.7179,72,High,Month-to-month,Fiber optic,Electronic check,42,84.65,Month-to-month contract,Fiber optic service,Associated with month-to-month contract and fiber optic service.
8229-TNIQA,Yes,0.7177,72,High,Month-to-month,DSL,Mailed check,4,45.3,Month-to-month contract,Short tenure,Associated with month-to-month contract and short tenure.
3956-MGXOG,No,0.717,72,High,Month-to-month,Fiber optic,Electronic check,28,80.6,Month-to-month contract,Fiber optic service,Associated with month-to-month contract and fiber optic service.
3223-DWFIO,No,0.7168,72,High,Month-to-month,Fiber optic,Electronic check,4,69.35,Month-to-month contract,Short tenure,Associated with month-to-month contract and short tenure.
6311-UEUME,Yes,0.7168,72,High,Month-to-month,Fiber optic,Electronic check,29,78.9,Month-to-month contract,Fiber optic service,Associated with month-to-month contract and fiber optic service.
7734-DBOAI,Yes,0.7168,72,High,Month-to-month,DSL,Electronic check,1,40.1,Month-to-month contract,Short tenure,Associated with month-to-month contract and short tenure.
1260-TTRXI,Yes,0.7167,72,High,Month-to-month,DSL,Electronic check,4,54.3,Month-to-month contract,Short tenure,Associated with month-to-month contract and short tenure.
8621-MNIHH,Yes,0.7164,72,High,Month-to-month,Fiber optic,Electronic check,34,94.25,Month-to-month contract,Fiber optic service,Associated with month-to-month contract and fiber optic service.
0958-YHXGP,No,0.7162,72,High,Month-to-month,Fiber optic,Mailed check,7,69.9,Month-to-month contract,Short tenure,Associated with month-to-month contract and short tenure.
0396-YCHWO,No,0.7161,72,High,Month-to-month,Fiber optic,Electronic check,36,95.4,Month-to-month contract,Fiber optic service,Associated with month-to-month contract and fiber optic service.
9348-YVOMK,No,0.716,72,High,Month-to-month,DSL,Credit card (automatic),4,44.8,Month-to-month contract,Short tenure,Associated with month-to-month contract and short tenure.
2277-VWCNI,No,0.716,72,High,Month-to-month,DSL,Mailed check,4,48.75,Month-to-month contract,Short tenure,Associated with month-to-month contract and short tenure.
1307-ATKGB,No,0.716,72,High,Month-to-month,Fiber optic,Electronic check,24,89.55,Month-to-month contract,Fiber optic service,Associated with month-to-month contract and fiber optic service.
6032-KRXXO,Yes,0.7158,72,High,Month-to-month,Fiber optic,Electronic check,30,90.25,Month-to-month contract,Fiber optic service,Associated with month-to-month contract and fiber optic service.
4299-SIMNS,No,0.7157,72,High,Month-to-month,Fiber optic,Electronic check,9,81.15,Month-to-month contract,Short tenure,Associated with month-to-month contract and short tenure.
0256-LTHVJ,Yes,0.7156,72,High,Month-to-month,Fiber optic,Electronic check,28,81.05,Month-to-month contract,Fiber optic service,Associated with month-to-month contract and fiber optic service.
3001-CBHLQ,Yes,0.7154,72,High,Month-to-month,Fiber optic,Electronic check,32,104.9,Month-to-month contract,Fiber optic service,Associated with month-to-month contract and fiber optic service.
6022-UGGSO,Yes,0.7153,72,High,Month-to-month,Fiber optic,Electronic check,32,74.4,Month-to-month contract,Fiber optic service,Associated with month-to-month contract and fiber optic service.
9540-JYROE,Yes,0.7153,72,High,Month-to-month,Fiber optic,Mailed check,8,70.1,Month-to-month contract,Short tenure,Associated with month-to-month contract and short tenure.
7825-ECJRF,Yes,0.7152,72,High,Month-to-month,Fiber optic,Electronic check,19,106.6,Month-to-month contract,Fiber optic service,Associated with month-to-month contract and fiber optic service.
5449-FIBXJ,Yes,0.7149,71,High,Month-to-month,Fiber optic,Electronic check,19,103.3,Month-to-month contract,Fiber optic service,Associated with month-to-month contract and fiber optic service.
8660-BUETV,No,0.7145,71,High,Month-to-month,DSL,Mailed check,3,44.75,Month-to-month contract,Short tenure,Associated with month-to-month contract and short tenure.
3167-SNQPL,No,0.7141,71,High,Month-to-month,Fiber optic,Electronic check,38,101.15,Month-to-month contract,Fiber optic service,Associated with month-to-month contract and fiber optic service.
9779-DPNEJ,No,0.7138,71,High,Month-to-month,Fiber optic,Electronic check,22,80.15,Month-to-month contract,Fiber optic service,Associated with month-to-month contract and fiber optic service.
2480-SQIOB,No,0.7138,71,High,Month-to-month,DSL,Electronic check,4,44.8,Month-to-month contract,Short tenure,Associated with month-to-month contract and short tenure.
1636-NTNCO,No,0.7137,71,High,Month-to-month,DSL,Credit card (automatic),4,50.95,Month-to-month contract,Short tenure,Associated with month-to-month contract and short tenure.
1216-JWVUX,No,0.7134,71,High,Month-to-month,Fiber optic,Electronic check,25,75.5,Month-to-month contract,Fiber optic service,Associated with month-to-month contract and fiber optic service.
0139-IVFJG,No,0.7133,71,High,Month-to-month,Fiber optic,Electronic check,2,90.35,Month-to-month contract,Short tenure,Associated with month-to-month contract and short tenure.
4828-FAZPK,No,0.7133,71,High,Month-to-month,Fiber optic,Credit card (automatic),16,79.95,Month-to-month contract,Fiber optic service,Associated with month-to-month contract and fiber optic service.
8212-DJRCH,No,0.7133,71,High,Month-to-month,Fiber optic,Mailed check,5,90.35,Month-to-month contract,Short tenure,Associated with month-to-month contract and short tenure.
5651-YLPRD,No,0.7132,71,High,Month-to-month,Fiber optic,Electronic check,32,86.1,Month-to-month contract,Fiber optic service,Associated with month-to-month contract and fiber optic service.
4325-NFSKC,Yes,0.7132,71,High,Month-to-month,Fiber optic,Electronic check,19,90.6,Month-to-month contract,Fiber optic service,Associated with month-to-month contract and fiber optic service.
3990-QYKBE,Yes,0.7132,71,High,Month-to-month,Fiber optic,Electronic check,37,92.5,Month-to-month contract,Fiber optic service,Associated with month-to-month contract and fiber optic service.
9415-DPEWS,Yes,0.7129,71,High,Month-to-month,Fiber optic,Electronic check,18,88.35,Month-to-month contract,Fiber optic service,Associated with month-to-month contract and fiber optic service.
1384-RCUXW,No,0.7129,71,High,Month-to-month,Fiber optic,Mailed check,16,80.55,Month-to-month contract,Fiber optic service,Associated with month-to-month contract and fiber optic service.
3002-WQZWT,No,0.7127,71,High,Month-to-month,Fiber optic,Electronic check,29,74.2,Month-to-month contract,Fiber optic service,Associated with month-to-month contract and fiber optic service.
4803-AXVYP,Yes,0.7125,71,High,Month-to-month,Fiber optic,Electronic check,38,99.55,Month-to-month contract,Fiber optic service,Associated with month-to-month contract and fiber optic service.
3904-UKFRE,No,0.7121,71,High,Month-to-month,Fiber optic,Electronic check,4,80.1,Month-to-month contract,Short tenure,Associated with month-to-month contract and short tenure.
2824-MYYBN,No,0.7121,71,High,Month-to-month,Fiber optic,Electronic check,37,95.25,Month-to-month contract,Fiber optic service,Associated with month-to-month contract and fiber optic service.
1891-UAWWU,Yes,0.7121,71,High,Month-to-month,Fiber optic,Electronic check,20,90.8,Month-to-month contract,Fiber optic service,Associated with month-to-month contract and fiber optic service.
3658-KIBGF,Yes,0.7119,71,High,Month-to-month,DSL,Electronic check,1,54.9,Month-to-month contract,Short tenure,Associated with month-to-month contract and short tenure.
5899-OUVKV,No,0.7117,71,High,Month-to-month,Fiber optic,Electronic check,31,94.5,Month-to-month contract,Fiber optic service,Associated with month-to-month contract and fiber optic service.
4077-CROMM,Yes,0.7116,71,High,Month-to-month,Fiber optic,Electronic check,31,104.2,Month-to-month contract,Fiber optic service,Associated with month-to-month contract and fiber optic service.
0491-KAPQG,No,0.7115,71,High,Month-to-month,Fiber optic,Electronic check,21,73.7,Month-to-month contract,Fiber optic service,Associated with month-to-month contract and fiber optic service.
3453-RTHJQ,No,0.7114,71,High,Month-to-month,Fiber optic,Electronic check,6,69.1,Month-to-month contract,Short tenure,Associated with month-to-month contract and short tenure.
4484-CGXFK,Yes,0.711,71,High,Month-to-month,DSL,Electronic check,3,55.3,Month-to-month contract,Short tenure,Associated with month-to-month contract and short tenure.
4547-LYTDD,Yes,0.7109,71,High,Month-to-month,Fiber optic,Electronic check,16,72.65,Month-to-month contract,Fiber optic service,Associated with month-to-month contract and fiber optic service.
5019-GQVCR,No,0.7107,71,High,Month-to-month,Fiber optic,Electronic check,43,84.85,Month-to-month contract,Fiber optic service,Associated with month-to-month contract and fiber optic service.
8637-XJIVR,Yes,0.7103,71,High,Month-to-month,Fiber optic,Electronic check,12,78.95,Month-to-month contract,Short tenure,Associated with month-to-month contract and short tenure.
4918-QLLIW,Yes,0.7103,71,High,Month-to-month,DSL,Credit card (automatic),3,53.4,Month-to-month contract,Short tenure,Associated with month-to-month contract and short tenure.
4652-NNHNY,Yes,0.7103,71,High,Month-to-month,Fiber optic,Bank transfer (automatic),16,73.85,Month-to-month contract,Fiber optic service,Associated with month-to-month contract and fiber optic service.
4587-NUKOX,Yes,0.7102,71,High,Month-to-month,Fiber optic,Electronic check,3,79.1,Month-to-month contract,Short tenure,Associated with month-to-month contract and short tenure.
6583-QGCSI,Yes,0.7102,71,High,Month-to-month,Fiber optic,Electronic check,50,88.05,Month-to-month contract,Fiber optic service,Associated with month-to-month contract and fiber optic service.
1212-GLHMD,No,0.7099,71,High,Month-to-month,Fiber optic,Mailed check,3,86.05,Month-to-month contract,Short tenure,Associated with month-to-month contract and short tenure.
2249-YPRNG,Yes,0.7098,71,High,Month-to-month,Fiber optic,Bank transfer (automatic),20,105.85,Month-to-month contract,Fiber optic service,Associated with month-to-month contract and fiber optic service.
7586-ZATGZ,No,0.7095,71,High,Month-to-month,Fiber optic,Electronic check,40,84.9,Month-to-month contract,Fiber optic service,Associated with month-to-month contract and fiber optic service.
2665-NPTGL,No,0.7095,71,High,Month-to-month,Fiber optic,Bank transfer (automatic),26,98.1,Month-to-month contract,Fiber optic service,Associated with month-to-month contract and fiber optic service.
9796-BPKIW,No,0.7094,71,High,Month-to-month,Fiber optic,Credit card (automatic),8,69.95,Month-to-month contract,Short tenure,Associated with month-to-month contract and short tenure.
2523-EWWZL,No,0.7093,71,High,Month-to-month,Fiber optic,Electronic check,27,76.1,Month-to-month contract,Fiber optic service,Associated with month-to-month contract and fiber optic service.
8806-EAGWC,Yes,0.7092,71,High,Month-to-month,DSL,Mailed check,3,55.15,Month-to-month contract,Short tenure,Associated with month-to-month contract and short tenure.
2603-HVKCG,No,0.7091,71,High,Month-to-month,Fiber optic,Electronic check,31,101.4,Month-to-month contract,Fiber optic service,Associated with month-to-month contract and fiber optic service.
2079-FBMZK,Yes,0.7091,71,High,Month-to-month,Fiber optic,Mailed check,6,69.25,Month-to-month contract,Short tenure,Associated with month-to-month contract and short tenure.
3884-HCSWG,Yes,0.7089,71,High,Month-to-month,Fiber optic,Electronic check,17,70.0,Month-to-month contract,Fiber optic service,Associated with month-to-month contract and fiber optic service.
5027-QPKTE,Yes,0.7087,71,High,Month-to-month,Fiber optic,Electronic check,7,69.35,Month-to-month contract,Short tenure,Associated with month-to-month contract and short tenure.
2800-QQUSO,No,0.7086,71,High,Month-to-month,Fiber optic,Electronic check,42,100.3,Month-to-month contract,Fiber optic service,Associated with month-to-month contract and fiber optic service.
0771-WLCLA,No,0.7082,71,High,Month-to-month,Fiber optic,Electronic check,16,112.95,Month-to-month contract,Fiber optic service,Associated with month-to-month contract and fiber optic service.
4521-YEEHE,No,0.7078,71,High,Month-to-month,Fiber optic,Electronic check,18,88.85,Month-to-month contract,Fiber optic service,Associated with month-to-month contract and fiber optic service.
0147-ESWWR,No,0.7078,71,High,Month-to-month,Fiber optic,Electronic check,39,101.25,Month-to-month contract,Fiber optic service,Associated with month-to-month contract and fiber optic service.
9261-WDCAF,No,0.7077,71,High,Month-to-month,DSL,Mailed check,3,54.65,Month-to-month contract,Short tenure,Associated with month-to-month contract and short tenure.
7562-GSUHK,Yes,0.7077,71,High,Month-to-month,Fiber optic,Credit card (automatic),16,93.2,Month-to-month contract,Fiber optic service,Associated with month-to-month contract and fiber optic service.
9524-EGPJC,Yes,0.7073,71,High,Month-to-month,Fiber optic,Electronic check,18,90.1,Month-to-month contract,Fiber optic service,Associated with month-to-month contract and fiber optic service.
8012-SOUDQ,No,0.707,71,High,Month-to-month,Fiber optic,Electronic check,43,90.25,Month-to-month contract,Fiber optic service,Associated with month-to-month contract and fiber optic service.
0899-LIIBW,No,0.707,71,High,Month-to-month,Fiber optic,Electronic check,34,100.85,Month-to-month contract,Fiber optic service,Associated with month-to-month contract and fiber optic service.
7501-VTYLJ,No,0.7068,71,High,Month-to-month,DSL,Mailed check,2,51.55,Month-to-month contract,Short tenure,Associated with month-to-month contract and short tenure.
8708-XPXHZ,Yes,0.7068,71,High,Month-to-month,Fiber optic,Electronic check,42,94.2,Month-to-month contract,Fiber optic service,Associated with month-to-month contract and fiber optic service.
2832-KJCRD,No,0.7068,71,High,Month-to-month,Fiber optic,Electronic check,38,103.65,Month-to-month contract,Fiber optic service,Associated with month-to-month contract and fiber optic service.
2504-DSHIH,No,0.7065,71,High,Month-to-month,Fiber optic,Electronic check,23,86.8,Month-to-month contract,Fiber optic service,Associated with month-to-month contract and fiber optic service.
0133-BMFZO,Yes,0.7064,71,High,Month-to-month,Fiber optic,Electronic check,2,86.25,Month-to-month contract,Short tenure,Associated with month-to-month contract and short tenure.
6178-KFNHS,Yes,0.7063,71,High,Month-to-month,Fiber optic,Electronic check,12,78.3,Month-to-month contract,Short tenure,Associated with month-to-month contract and short tenure.
6017-PPLPX,Yes,0.7063,71,High,Month-to-month,Fiber optic,Electronic check,20,70.45,Month-to-month contract,Fiber optic service,Associated with month-to-month contract and fiber optic service.
2672-TGEFF,No,0.706,71,High,Month-to-month,Fiber optic,Electronic check,37,88.8,Month-to-month contract,Fiber optic service,Associated with month-to-month contract and fiber optic service.
0439-IFYUN,No,0.7059,71,High,Month-to-month,Fiber optic,Electronic check,18,74.7,Month-to-month contract,Fiber optic service,Associated with month-to-month contract and fiber optic service.
2325-NBPZG,No,0.7057,71,High,Month-to-month,Fiber optic,Electronic check,3,74.55,Month-to-month contract,Short tenure,Associated with month-to-month contract and short tenure.
2037-SGXHH,Yes,0.7054,71,High,Month-to-month,Fiber optic,Electronic check,38,94.65,Month-to-month contract,Fiber optic service,Associated with month-to-month contract and fiber optic service.
7851-FLGGQ,Yes,0.7053,71,High,Month-to-month,DSL,Mailed check,1,44.65,Month-to-month contract,Short tenure,Associated with month-to-month contract and short tenure.
3130-ICDUP,No,0.7049,70,High,Month-to-month,Fiber optic,Credit card (automatic),2,80.55,Month-to-month contract,Short tenure,Associated with month-to-month contract and short tenure.
7801-KICAO,No,0.7049,70,High,Month-to-month,Fiber optic,Electronic check,18,74.15,Month-to-month contract,Fiber optic service,Associated with month-to-month contract and fiber optic service.
3565-UNOCC,Yes,0.7049,70,High,Month-to-month,Fiber optic,Bank transfer (automatic),29,99.05,Month-to-month contract,Fiber optic service,Associated with month-to-month contract and fiber optic service.
6413-XKKPU,Yes,0.7048,70,High,Month-to-month,Fiber optic,Electronic check,17,89.4,Month-to-month contract,Fiber optic service,Associated with month-to-month contract and fiber optic service.
9053-EJUNL,No,0.7048,70,High,Month-to-month,Fiber optic,Electronic check,41,89.2,Month-to-month contract,Fiber optic service,Associated with month-to-month contract and fiber optic service.
9866-QEVEE,Yes,0.7047,70,High,Month-to-month,Fiber optic,Bank transfer (automatic),19,86.0,Month-to-month contract,Fiber optic service,Associated with month-to-month contract and fiber optic service.
8104-OSKWT,No,0.7041,70,High,Month-to-month,Fiber optic,Electronic check,12,79.8,Month-to-month contract,Short tenure,Associated with month-to-month contract and short tenure.
0115-TFERT,Yes,0.7032,70,High,Month-to-month,Fiber optic,Electronic check,21,111.2,Month-to-month contract,Fiber optic service,Associated with month-to-month contract and fiber optic service.
4291-SHSBH,No,0.7032,70,High,Month-to-month,Fiber optic,Electronic check,7,69.55,Month-to-month contract,Short tenure,Associated with month-to-month contract and short tenure.
1319-YLZJG,No,0.7032,70,High,Month-to-month,Fiber optic,Electronic check,12,84.6,Month-to-month contract,Short tenure,Associated with month-to-month contract and short tenure.
6518-LGAOV,Yes,0.7031,70,High,Month-to-month,Fiber optic,Electronic check,38,105.0,Month-to-month contract,Fiber optic service,Associated with month-to-month contract and fiber optic service.
3540-RZJYU,Yes,0.7029,70,High,Month-to-month,Fiber optic,Electronic check,15,86.2,Month-to-month contract,Fiber optic service,Associated with month-to-month contract and fiber optic service.
3536-IQCTX,Yes,0.7027,70,High,Month-to-month,Fiber optic,Electronic check,32,85.3,Month-to-month contract,Fiber optic service,Associated with month-to-month contract and fiber optic service.
7892-QVYKW,No,0.7027,70,High,Month-to-month,Fiber optic,Electronic check,23,85.6,Month-to-month contract,Fiber optic service,Associated with month-to-month contract and fiber optic service.
7396-VJUZB,No,0.7025,70,High,Month-to-month,DSL,Mailed check,4,45.25,Month-to-month contract,Short tenure,Associated with month-to-month contract and short tenure.
4128-ETESU,No,0.7024,70,High,Month-to-month,Fiber optic,Electronic check,47,99.7,Month-to-month contract,Fiber optic service,Associated with month-to-month contract and fiber optic service.
2575-GFSOE,Yes,0.7022,70,High,Month-to-month,Fiber optic,Electronic check,7,69.0,Month-to-month contract,Short tenure,Associated with month-to-month contract and short tenure.
5606-AMZBO,No,0.7021,70,High,Month-to-month,Fiber optic,Credit card (automatic),10,78.15,Month-to-month contract,Short tenure,Associated with month-to-month contract and short tenure.
3755-JBMNH,Yes,0.7019,70,High,Month-to-month,Fiber optic,Bank transfer (automatic),16,71.8,Month-to-month contract,Fiber optic service,Associated with month-to-month contract and fiber optic service.
4998-IKFSE,No,0.7018,70,High,Month-to-month,Fiber optic,Electronic check,30,100.45,Month-to-month contract,Fiber optic service,Associated with month-to-month contract and fiber optic service.
8128-YVJRG,Yes,0.7014,70,High,Month-to-month,Fiber optic,Mailed check,7,79.65,Month-to-month contract,Short tenure,Associated with month-to-month contract and short tenure.
6637-KYRCV,No,0.7012,70,High,Month-to-month,DSL,Electronic check,5,30.5,Month-to-month contract,Short tenure,Associated with month-to-month contract and short tenure.
5857-TYBCJ,No,0.7012,70,High,Month-to-month,Fiber optic,Electronic check,44,89.2,Month-to-month contract,Fiber optic service,Associated with month-to-month contract and fiber optic service.
5364-XYIRR,Yes,0.7011,70,High,Month-to-month,Fiber optic,Electronic check,51,94.65,Month-to-month contract,Fiber optic service,Associated with month-to-month contract and fiber optic service.
0895-DQHEW,Yes,0.7008,70,High,Month-to-month,Fiber optic,Electronic check,54,104.3,Month-to-month contract,Fiber optic service,Associated with month-to-month contract and fiber optic service.
7483-IQWIB,No,0.7005,70,High,Month-to-month,Fiber optic,Electronic check,37,92.95,Month-to-month contract,Fiber optic service,Associated with month-to-month contract and fiber optic service.
7377-DMMRI,Yes,0.7003,70,High,Month-to-month,DSL,Electronic check,2,47.8,Month-to-month contract,Short tenure,Associated with month-to-month contract and short tenure.
5044-LRQAQ,No,0.7003,70,High,Month-to-month,Fiber optic,Bank transfer (automatic),7,69.2,Month-to-month contract,Short tenure,Associated with month-to-month contract and short tenure.
7978-DKUQH,No,0.7002,70,High,Month-to-month,Fiber optic,Electronic check,25,74.6,Month-to-month contract,Fiber optic service,Associated with month-to-month contract and fiber optic service.
7422-WNBTY,No,0.7001,70,High,Month-to-month,Fiber optic,Electronic check,33,93.35,Month-to-month contract,Fiber optic service,Associated with month-to-month contract and fiber optic service.
9239-ZBZZV,Yes,0.6999,70,High,Month-to-month,DSL,Electronic check,6,47.95,Month-to-month contract,Short tenure,Associated with month-to-month contract and short tenure.
9279-CJEOJ,No,0.6999,70,High,Month-to-month,Fiber optic,Bank transfer (automatic),21,95.4,Month-to-month contract,Fiber optic service,Associated with month-to-month contract and fiber optic service.
2697-NQBPF,No,0.6998,70,High,Month-to-month,Fiber optic,Electronic check,34,105.35,Month-to-month contract,Fiber optic service,Associated with month-to-month contract and fiber optic service.
4686-UXDML,No,0.6997,70,High,Month-to-month,Fiber optic,Credit card (automatic),21,99.85,Month-to-month contract,Fiber optic service,Associated with month-to-month contract and fiber optic service.
5959-BELXA,Yes,0.6996,70,High,Month-to-month,Fiber optic,Credit card (automatic),32,96.15,Month-to-month contract,Fiber optic service,Associated with month-to-month contract and fiber optic service.
8059-UDZFY,No,0.6995,70,High,Month-to-month,Fiber optic,Bank transfer (automatic),33,105.35,Month-to-month contract,Fiber optic service,Associated with month-to-month contract and fiber optic service.
9661-ACXBS,Yes,0.6995,70,High,Month-to-month,Fiber optic,Electronic check,42,105.2,Month-to-month contract,Fiber optic service,Associated with month-to-month contract and fiber optic service.
2235-DWLJU,No,0.6995,70,High,Month-to-month,DSL,Electronic check,6,44.4,Month-to-month contract,Short tenure,Associated with month-to-month contract and short tenure.
2739-CACDQ,No,0.6994,70,High,Month-to-month,Fiber optic,Credit card (automatic),17,82.65,Month-to-month contract,Fiber optic service,Associated with month-to-month contract and fiber optic service.
6260-ONULR,No,0.6994,70,High,Month-to-month,DSL,Mailed check,1,62.8,Month-to-month contract,Short tenure,Associated with month-to-month contract and short tenure.
0447-RXSGD,No,0.6994,70,High,Month-to-month,Fiber optic,Bank transfer (automatic),24,99.65,Month-to-month contract,Fiber optic service,Associated with month-to-month contract and fiber optic service.
7270-BDIOA,Yes,0.6993,70,High,Month-to-month,Fiber optic,Electronic check,22,90.0,Month-to-month contract,Fiber optic service,Associated with month-to-month contract and fiber optic service.
7339-POGZN,No,0.6987,70,High,Month-to-month,DSL,Electronic check,4,50.7,Month-to-month contract,Short tenure,Associated with month-to-month contract and short tenure.
9564-KCLHR,Yes,0.6984,70,High,Month-to-month,DSL,Mailed check,1,51.25,Month-to-month contract,Short tenure,Associated with month-to-month contract and short tenure.
0650-BWOZN,No,0.698,70,High,Month-to-month,Fiber optic,Electronic check,18,73.55,Month-to-month contract,Fiber optic service,Associated with month-to-month contract and fiber optic service.
7181-OQCUT,No,0.698,70,High,Month-to-month,Fiber optic,Mailed check,21,103.85,Month-to-month contract,Fiber optic service,Associated with month-to-month contract and fiber optic service.
5889-JTMUL,Yes,0.6976,70,High,Month-to-month,Fiber optic,Electronic check,50,95.05,Month-to-month contract,Fiber optic service,Associated with month-to-month contract and fiber optic service.
7714-YXSMB,No,0.6976,70,High,Month-to-month,Fiber optic,Bank transfer (automatic),26,100.5,Month-to-month contract,Fiber optic service,Associated with month-to-month contract and fiber optic service.
3859-CVCET,Yes,0.6975,70,High,Month-to-month,DSL,Mailed check,4,45.65,Month-to-month contract,Short tenure,Associated with month-to-month contract and short tenure.
2474-BRUCM,Yes,0.6975,70,High,Month-to-month,Fiber optic,Electronic check,40,101.85,Month-to-month contract,Fiber optic service,Associated with month-to-month contract and fiber optic service.
6661-HBGWL,Yes,0.6973,70,High,Month-to-month,Fiber optic,Bank transfer (automatic),42,104.75,Month-to-month contract,Fiber optic service,Associated with month-to-month contract and fiber optic service.
1932-UEDCX,No,0.6972,70,High,Month-to-month,Fiber optic,Bank transfer (automatic),33,100.6,Month-to-month contract,Fiber optic service,Associated with month-to-month contract and fiber optic service.
1658-TJVOA,No,0.697,70,High,Month-to-month,Fiber optic,Electronic check,6,74.1,Month-to-month contract,Short tenure,Associated with month-to-month contract and short tenure.
3370-GQEAL,No,0.6967,70,High,Month-to-month,Fiber optic,Electronic check,30,85.45,Month-to-month contract,Fiber optic service,Associated with month-to-month contract and fiber optic service.
9529-OFXHY,No,0.6967,70,High,Month-to-month,Fiber optic,Bank transfer (automatic),15,87.75,Month-to-month contract,Fiber optic service,Associated with month-to-month contract and fiber optic service.
9133-AYJZG,No,0.6966,70,High,Month-to-month,Fiber optic,Credit card (automatic),23,98.7,Month-to-month contract,Fiber optic service,Associated with month-to-month contract and fiber optic service.
0376-YMCJC,Yes,0.6965,70,High,Month-to-month,Fiber optic,Electronic check,23,90.6,Month-to-month contract,Fiber optic service,Associated with month-to-month contract and fiber optic service.
3481-JHUZH,No,0.6965,70,High,Month-to-month,Fiber optic,Electronic check,41,80.25,Month-to-month contract,Fiber optic service,Associated with month-to-month contract and fiber optic service.
6877-LGWXO,Yes,0.6965,70,High,Month-to-month,Fiber optic,Electronic check,18,78.55,Month-to-month contract,Fiber optic service,Associated with month-to-month contract and fiber optic service.
6080-TCMYC,No,0.6964,70,High,Month-to-month,Fiber optic,Electronic check,40,81.2,Month-to-month contract,Fiber optic service,Associated with month-to-month contract and fiber optic service.
2501-XWWTZ,No,0.696,70,High,Month-to-month,Fiber optic,Electronic check,11,70.2,Month-to-month contract,Short tenure,Associated with month-to-month contract and short tenure.
5498-TXHLF,Yes,0.6953,70,High,Month-to-month,Fiber optic,Electronic check,34,87.45,Month-to-month contract,Fiber optic service,Associated with month-to-month contract and fiber optic service.
0921-OHLVP,No,0.6951,70,High,Month-to-month,Fiber optic,Electronic check,22,83.05,Month-to-month contract,Fiber optic service,Associated with month-to-month contract and fiber optic service.
2860-RANUS,Yes,0.6949,69,High,Month-to-month,Fiber optic,Credit card (automatic),20,85.8,Month-to-month contract,Fiber optic service,Associated with month-to-month contract and fiber optic service.
5982-FPVQN,No,0.6947,69,High,Month-to-month,Fiber optic,Electronic check,37,95.15,Month-to-month contract,Fiber optic service,Associated with month-to-month contract and fiber optic service.
1769-GRUIK,No,0.6946,69,High,Month-to-month,Fiber optic,Electronic check,18,71.1,Month-to-month contract,Fiber optic service,Associated with month-to-month contract and fiber optic service.
9190-MFJLN,Yes,0.6942,69,High,Month-to-month,Fiber optic,Credit card (automatic),19,95.9,Month-to-month contract,Fiber optic service,Associated with month-to-month contract and fiber optic service.
9961-JBNMK,Yes,0.6941,69,High,Month-to-month,Fiber optic,Bank transfer (automatic),21,96.8,Month-to-month contract,Fiber optic service,Associated with month-to-month contract and fiber optic service.
5016-IBERQ,No,0.6938,69,High,Month-to-month,Fiber optic,Electronic check,23,84.25,Month-to-month contract,Fiber optic service,Associated with month-to-month contract and fiber optic service.
3071-VBYPO,No,0.6933,69,High,Month-to-month,Fiber optic,Electronic check,3,89.85,Month-to-month contract,Short tenure,Associated with month-to-month contract and short tenure.
0224-HJAPT,Yes,0.6932,69,High,Month-to-month,DSL,Electronic check,5,47.15,Month-to-month contract,Short tenure,Associated with month-to-month contract and short tenure.
5760-FXFVO,No,0.6926,69,High,Month-to-month,Fiber optic,Electronic check,6,78.95,Month-to-month contract,Short tenure,Associated with month-to-month contract and short tenure.
3088-LHEFH,No,0.6925,69,High,Month-to-month,Fiber optic,Bank transfer (automatic),11,79.0,Month-to-month contract,Short tenure,Associated with month-to-month contract and short tenure.
2626-URJFX,Yes,0.6925,69,High,Month-to-month,DSL,Electronic check,4,50.9,Month-to-month contract,Short tenure,Associated with month-to-month contract and short tenure.
3577-AMVUX,No,0.6923,69,High,Month-to-month,DSL,Mailed check,1,55.05,Month-to-month contract,Short tenure,Associated with month-to-month contract and short tenure.
7562-UXTPG,No,0.6923,69,High,Month-to-month,Fiber optic,Mailed check,13,70.15,Month-to-month contract,Fiber optic service,Associated with month-to-month contract and fiber optic service.
3439-GVUSX,No,0.6922,69,High,Month-to-month,DSL,Mailed check,1,24.4,Month-to-month contract,Short tenure,Associated with month-to-month contract and short tenure.
9824-BEMCV,Yes,0.692,69,High,Month-to-month,Fiber optic,Electronic check,17,69.0,Month-to-month contract,Fiber optic service,Associated with month-to-month contract and fiber optic service.
8631-WUXGY,No,0.692,69,High,Month-to-month,Fiber optic,Electronic check,46,99.8,Month-to-month contract,Fiber optic service,Associated with month-to-month contract and fiber optic service.
6923-EFPNL,Yes,0.692,69,High,Month-to-month,DSL,Credit card (automatic),4,51.75,Month-to-month contract,Short tenure,Associated with month-to-month contract and short tenure.
3235-ETOOB,Yes,0.6919,69,High,Month-to-month,Fiber optic,Electronic check,8,74.5,Month-to-month contract,Short tenure,Associated with month-to-month contract and short tenure.
9365-SRSZE,No,0.6918,69,High,Month-to-month,Fiber optic,Electronic check,27,70.55,Month-to-month contract,Fiber optic service,Associated with month-to-month contract and fiber optic service.
8778-LMWTJ,No,0.6916,69,High,Month-to-month,Fiber optic,Electronic check,9,74.85,Month-to-month contract,Short tenure,Associated with month-to-month contract and short tenure.
5153-RTHKF,No,0.6915,69,High,Month-to-month,Fiber optic,Electronic check,34,85.35,Month-to-month contract,Fiber optic service,Associated with month-to-month contract and fiber optic service.
9895-VFOXH,No,0.6914,69,High,Month-to-month,DSL,Mailed check,1,24.4,Month-to-month contract,Short tenure,Associated with month-to-month contract and short tenure.
9903-LYSAB,No,0.6909,69,High,Month-to-month,Fiber optic,Electronic check,18,73.15,Month-to-month contract,Fiber optic service,Associated with month-to-month contract and fiber optic service.
2853-CWQFQ,No,0.6908,69,High,Month-to-month,DSL,Mailed check,1,59.55,Month-to-month contract,Short tenure,Associated with month-to-month contract and short tenure.
9450-TRJUU,No,0.6907,69,High,Month-to-month,Fiber optic,Electronic check,35,83.15,Month-to-month contract,Fiber optic service,Associated with month-to-month contract and fiber optic service.
4902-OHLSK,Yes,0.6907,69,High,Month-to-month,Fiber optic,Electronic check,29,98.65,Month-to-month contract,Fiber optic service,Associated with month-to-month contract and fiber optic service.
4818-QIUFN,Yes,0.6906,69,High,Month-to-month,Fiber optic,Electronic check,20,79.15,Month-to-month contract,Fiber optic service,Associated with month-to-month contract and fiber optic service.
4658-HCOHW,Yes,0.6904,69,High,Month-to-month,Fiber optic,Electronic check,21,102.8,Month-to-month contract,Fiber optic service,Associated with month-to-month contract and fiber optic service.
7296-PIXQY,No,0.6903,69,High,Month-to-month,Fiber optic,Electronic check,14,70.2,Month-to-month contract,Fiber optic service,Associated with month-to-month contract and fiber optic service.
9574-RKJIF,Yes,0.69,69,High,Month-to-month,Fiber optic,Electronic check,30,94.4,Month-to-month contract,Fiber optic service,Associated with month-to-month contract and fiber optic service.
2070-FNEXE,Yes,0.6897,69,High,Month-to-month,Fiber optic,Bank transfer (automatic),7,76.45,Month-to-month contract,Short tenure,Associated with month-to-month contract and short tenure.
7881-EVUAD,Yes,0.6897,69,High,Month-to-month,DSL,Electronic check,2,42.6,Month-to-month contract,Short tenure,Associated with month-to-month contract and short tenure.
8949-JTMAY,Yes,0.6897,69,High,Month-to-month,Fiber optic,Credit card (automatic),29,98.6,Month-to-month contract,Fiber optic service,Associated with month-to-month contract and fiber optic service.
9462-MJUAW,Yes,0.6897,69,High,Month-to-month,DSL,Mailed check,4,50.4,Month-to-month contract,Short tenure,Associated with month-to-month contract and short tenure.
0320-JDNQG,Yes,0.6895,69,High,Month-to-month,Fiber optic,Electronic check,23,99.85,Month-to-month contract,Fiber optic service,Associated with month-to-month contract and fiber optic service.
9492-TOKRI,Yes,0.6893,69,High,Month-to-month,Fiber optic,Credit card (automatic),18,90.0,Month-to-month contract,Fiber optic service,Associated with month-to-month contract and fiber optic service.
6078-VESFR,No,0.6893,69,High,Month-to-month,Fiber optic,Bank transfer (automatic),13,70.45,Month-to-month contract,Fiber optic service,Associated with month-to-month contract and fiber optic service.
9722-UJOJR,Yes,0.6892,69,High,Month-to-month,Fiber optic,Electronic check,29,70.75,Month-to-month contract,Fiber optic service,Associated with month-to-month contract and fiber optic service.
3714-NTNFO,No,0.6891,69,High,Month-to-month,Fiber optic,Electronic check,49,84.5,Month-to-month contract,Fiber optic service,Associated with month-to-month contract and fiber optic service.
0475-RIJEP,Yes,0.6891,69,High,Month-to-month,Fiber optic,Electronic check,43,77.85,Month-to-month contract,Fiber optic service,Associated with month-to-month contract and fiber optic service.
5233-GEEAX,Yes,0.689,69,High,Month-to-month,DSL,Electronic check,8,29.4,Month-to-month contract,Short tenure,Associated with month-to-month contract and short tenure.
2108-YKQTY,Yes,0.6889,69,High,Month-to-month,DSL,Credit card (automatic),4,50.7,Month-to-month contract,Short tenure,Associated with month-to-month contract and short tenure.
4897-QSUYC,Yes,0.6887,69,High,Month-to-month,No,Mailed check,1,20.15,Month-to-month contract,Short tenure,Associated with month-to-month contract and short tenure.
1302-UHBDD,No,0.6884,69,High,Month-to-month,Fiber optic,Electronic check,20,89.95,Month-to-month contract,Fiber optic service,Associated with month-to-month contract and fiber optic service.
6458-CYIDZ,No,0.6884,69,High,Month-to-month,Fiber optic,Electronic check,5,80.7,Month-to-month contract,Short tenure,Associated with month-to-month contract and short tenure.
1894-IGFSG,Yes,0.6881,69,High,Month-to-month,Fiber optic,Electronic check,22,89.25,Month-to-month contract,Fiber optic service,Associated with month-to-month contract and fiber optic service.
7839-QRKXN,Yes,0.6879,69,High,Month-to-month,No,Mailed check,1,20.2,Month-to-month contract,Short tenure,Associated with month-to-month contract and short tenure.
3237-AJGEH,Yes,0.6878,69,High,Month-to-month,DSL,Mailed check,3,31.0,Month-to-month contract,Short tenure,Associated with month-to-month contract and short tenure.
6365-MTGZX,Yes,0.6875,69,High,Month-to-month,Fiber optic,Electronic check,24,96.0,Month-to-month contract,Fiber optic service,Associated with month-to-month contract and fiber optic service.
8914-RBTSB,Yes,0.6874,69,High,Month-to-month,Fiber optic,Electronic check,31,93.8,Month-to-month contract,Fiber optic service,Associated with month-to-month contract and fiber optic service.
8623-TMRBY,Yes,0.6873,69,High,Month-to-month,Fiber optic,Electronic check,51,84.2,Month-to-month contract,Fiber optic service,Associated with month-to-month contract and fiber optic service.
0637-UBJRP,Yes,0.6873,69,High,Month-to-month,Fiber optic,Electronic check,13,84.05,Month-to-month contract,Fiber optic service,Associated with month-to-month contract and fiber optic service.
4116-TZAQJ,Yes,0.6872,69,High,Month-to-month,Fiber optic,Credit card (automatic),9,74.25,Month-to-month contract,Short tenure,Associated with month-to-month contract and short tenure.
6988-CJEYV,No,0.6869,69,High,Month-to-month,Fiber optic,Electronic check,49,98.7,Month-to-month contract,Fiber optic service,Associated with month-to-month contract and fiber optic service.
3269-ATYWD,Yes,0.6868,69,High,Month-to-month,Fiber optic,Bank transfer (automatic),39,95.65,Month-to-month contract,Fiber optic service,Associated with month-to-month contract and fiber optic service.
5351-QESIO,No,0.6868,69,High,Month-to-month,DSL,Mailed check,1,24.2,Month-to-month contract,Short tenure,Associated with month-to-month contract and short tenure.
2273-QCKXA,No,0.6866,69,High,Month-to-month,DSL,Mailed check,1,49.05,Month-to-month contract,Short tenure,Associated with month-to-month contract and short tenure.
0354-WYROK,Yes,0.6863,69,High,Month-to-month,Fiber optic,Electronic check,31,98.9,Month-to-month contract,Fiber optic service,Associated with month-to-month contract and fiber optic service.
0322-YINQP,Yes,0.6862,69,High,Month-to-month,DSL,Mailed check,1,48.55,Month-to-month contract,Short tenure,Associated with month-to-month contract and short tenure.
1346-UFHAX,No,0.6862,69,High,Month-to-month,Fiber optic,Credit card (automatic),13,80.0,Month-to-month contract,Fiber optic service,Associated with month-to-month contract and fiber optic service.
0114-PEGZZ,No,0.686,69,High,Month-to-month,Fiber optic,Electronic check,33,107.55,Month-to-month contract,Fiber optic service,Associated with month-to-month contract and fiber optic service.
3597-MVHJT,No,0.6856,69,High,Month-to-month,Fiber optic,Bank transfer (automatic),27,95.6,Month-to-month contract,Fiber optic service,Associated with month-to-month contract and fiber optic service.
4741-WWJQZ,No,0.6856,69,High,Month-to-month,Fiber optic,Electronic check,2,80.15,Month-to-month contract,Short tenure,Associated with month-to-month contract and short tenure.
2884-GBPFB,Yes,0.6856,69,High,Month-to-month,Fiber optic,Electronic check,35,70.3,Month-to-month contract,Fiber optic service,Associated with month-to-month contract and fiber optic service.
5453-AXEPF,No,0.6851,69,High,Month-to-month,Fiber optic,Bank transfer (automatic),17,80.5,Month-to-month contract,Fiber optic service,Associated with month-to-month contract and fiber optic service.
4124-MMETB,Yes,0.6848,68,High,Month-to-month,Fiber optic,Credit card (automatic),22,94.65,Month-to-month contract,Fiber optic service,Associated with month-to-month contract and fiber optic service.
6048-QBXKL,No,0.6848,68,High,Month-to-month,DSL,Credit card (automatic),2,56.55,Month-to-month contract,Short tenure,Associated with month-to-month contract and short tenure.
6559-PDZLR,No,0.6847,68,High,Month-to-month,Fiber optic,Electronic check,26,98.65,Month-to-month contract,Fiber optic service,Associated with month-to-month contract and fiber optic service.
2049-BAFNW,No,0.6845,68,High,Month-to-month,DSL,Mailed check,1,35.9,Month-to-month contract,Short tenure,Associated with month-to-month contract and short tenure.
0402-CQAJN,Yes,0.6844,68,High,Month-to-month,Fiber optic,Bank transfer (automatic),37,101.9,Month-to-month contract,Fiber optic service,Associated with month-to-month contract and fiber optic service.
0093-XWZFY,Yes,0.6839,68,High,Month-to-month,Fiber optic,Credit card (automatic),40,104.5,Month-to-month contract,Fiber optic service,Associated with month-to-month contract and fiber optic service.
0623-GDISB,No,0.6834,68,High,Month-to-month,DSL,Bank transfer (automatic),1,48.45,Month-to-month contract,Short tenure,Associated with month-to-month contract and short tenure.
5439-WIKXB,No,0.6833,68,High,Month-to-month,Fiber optic,Electronic check,41,94.55,Month-to-month contract,Fiber optic service,Associated with month-to-month contract and fiber optic service.
9050-QLROH,Yes,0.6832,68,High,Month-to-month,Fiber optic,Credit card (automatic),18,90.7,Month-to-month contract,Fiber optic service,Associated with month-to-month contract and fiber optic service.
1240-KNSEZ,Yes,0.6831,68,High,Month-to-month,No,Mailed check,1,20.1,Month-to-month contract,Short tenure,Associated with month-to-month contract and short tenure.
1000-AJSLD,Yes,0.6831,68,High,Month-to-month,No,Mailed check,1,20.1,Month-to-month contract,Short tenure,Associated with month-to-month contract and short tenure.
8378-LKJAF,No,0.6829,68,High,Month-to-month,Fiber optic,Credit card (automatic),38,101.15,Month-to-month contract,Fiber optic service,Associated with month-to-month contract and fiber optic service.
0093-EXYQL,No,0.6829,68,High,Month-to-month,Fiber optic,Electronic check,40,91.55,Month-to-month contract,Fiber optic service,Associated with month-to-month contract and fiber optic service.
2320-JRSDE,Yes,0.6829,68,High,Month-to-month,No,Electronic check,1,19.9,Month-to-month contract,Short tenure,Associated with month-to-month contract and short tenure.
2657-ALMWY,Yes,0.6827,68,High,Month-to-month,Fiber optic,Electronic check,26,84.95,Month-to-month contract,Fiber optic service,Associated with month-to-month contract and fiber optic service.
6180-YBIQI,No,0.6826,68,High,Month-to-month,DSL,Mailed check,5,24.3,Month-to-month contract,Short tenure,Associated with month-to-month contract and short tenure.
3398-ZOUAA,Yes,0.6826,68,High,Month-to-month,Fiber optic,Electronic check,21,69.1,Month-to-month contract,Fiber optic service,Associated with month-to-month contract and fiber optic service.
9710-ZUSHQ,Yes,0.6823,68,High,Month-to-month,Fiber optic,Bank transfer (automatic),37,106.75,Month-to-month contract,Fiber optic service,Associated with month-to-month contract and fiber optic service.
8305-VHZBZ,Yes,0.6822,68,High,Month-to-month,No,Mailed check,1,20.2,Month-to-month contract,Short tenure,Associated with month-to-month contract and short tenure.
3995-WFCSM,No,0.6822,68,High,Month-to-month,DSL,Electronic check,2,60.85,Month-to-month contract,Short tenure,Associated with month-to-month contract and short tenure.
5356-RHIPP,Yes,0.6822,68,High,Month-to-month,No,Mailed check,1,20.2,Month-to-month contract,Short tenure,Associated with month-to-month contract and short tenure.
5666-CYCYZ,No,0.6822,68,High,Month-to-month,Fiber optic,Electronic check,24,89.55,Month-to-month contract,Fiber optic service,Associated with month-to-month contract and fiber optic service.
0148-DCDOS,Yes,0.6821,68,High,Month-to-month,Fiber optic,Bank transfer (automatic),25,94.7,Month-to-month contract,Fiber optic service,Associated with month-to-month contract and fiber optic service.
1264-BYWMS,Yes,0.6819,68,High,Month-to-month,Fiber optic,Electronic check,55,96.8,Month-to-month contract,Fiber optic service,Associated with month-to-month contract and fiber optic service.
9971-ZWPBF,No,0.6818,68,High,Month-to-month,Fiber optic,Electronic check,34,108.9,Month-to-month contract,Fiber optic service,Associated with month-to-month contract and fiber optic service.
9732-KPKBW,Yes,0.6816,68,High,Month-to-month,DSL,Electronic check,1,53.95,Month-to-month contract,Short tenure,Associated with month-to-month contract and short tenure.
7395-IGJOS,Yes,0.6814,68,High,Month-to-month,Fiber optic,Bank transfer (automatic),17,81.5,Month-to-month contract,Fiber optic service,Associated with month-to-month contract and fiber optic service.
2519-FAKOD,Yes,0.6811,68,High,Month-to-month,Fiber optic,Bank transfer (automatic),38,99.25,Month-to-month contract,Fiber optic service,Associated with month-to-month contract and fiber optic service.
7641-EUYET,Yes,0.6809,68,High,Month-to-month,Fiber optic,Electronic check,46,100.7,Month-to-month contract,Fiber optic service,Associated with month-to-month contract and fiber optic service.
1472-TNCWL,No,0.6809,68,High,Month-to-month,Fiber optic,Electronic check,36,94.7,Month-to-month contract,Fiber optic service,Associated with month-to-month contract and fiber optic service.
6778-YSNIH,No,0.6807,68,High,Month-to-month,DSL,Electronic check,2,59.0,Month-to-month contract,Short tenure,Associated with month-to-month contract and short tenure.
0578-SKVMF,Yes,0.6806,68,High,Month-to-month,Fiber optic,Electronic check,22,83.3,Month-to-month contract,Fiber optic service,Associated with month-to-month contract and fiber optic service.
3096-JRDSO,Yes,0.6803,68,High,Month-to-month,Fiber optic,Bank transfer (automatic),27,104.3,Month-to-month contract,Fiber optic service,Associated with month-to-month contract and fiber optic service.
3348-CFRNX,Yes,0.6799,68,High,Month-to-month,Fiber optic,Mailed check,28,92.35,Month-to-month contract,Fiber optic service,Associated with month-to-month contract and fiber optic service.
4647-MUZON,No,0.6796,68,High,Month-to-month,Fiber optic,Credit card (automatic),18,95.95,Month-to-month contract,Fiber optic service,Associated with month-to-month contract and fiber optic service.
2607-FBDFF,No,0.6796,68,High,Month-to-month,DSL,Credit card (automatic),1,49.0,Month-to-month contract,Short tenure,Associated with month-to-month contract and short tenure.
9026-RNUJS,Yes,0.6795,68,High,Month-to-month,DSL,Electronic check,5,50.35,Month-to-month contract,Short tenure,Associated with month-to-month contract and short tenure.
5673-TIYIB,Yes,0.6792,68,High,Month-to-month,DSL,Credit card (automatic),2,40.4,Month-to-month contract,Short tenure,Associated with month-to-month contract and short tenure.
3336-JORSO,Yes,0.679,68,High,Month-to-month,Fiber optic,Electronic check,33,110.45,Month-to-month contract,Fiber optic service,Associated with month-to-month contract and fiber optic service.
2916-BQZLN,No,0.6788,68,High,Month-to-month,Fiber optic,Electronic check,19,84.75,Month-to-month contract,Fiber optic service,Associated with month-to-month contract and fiber optic service.
7404-JLKQG,No,0.6788,68,High,Month-to-month,DSL,Electronic check,3,57.55,Month-to-month contract,Short tenure,Associated with month-to-month contract and short tenure.
5144-TVGLP,No,0.6786,68,High,Month-to-month,Fiber optic,Electronic check,38,94.75,Month-to-month contract,Fiber optic service,Associated with month-to-month contract and fiber optic service.
3969-GYXEL,No,0.6784,68,High,Month-to-month,Fiber optic,Electronic check,11,76.4,Month-to-month contract,Short tenure,Associated with month-to-month contract and short tenure.
6656-JWRQX,No,0.6783,68,High,Month-to-month,DSL,Mailed check,1,30.55,Month-to-month contract,Short tenure,Associated with month-to-month contract and short tenure.
3748-FVMZZ,No,0.6781,68,High,Month-to-month,DSL,Electronic check,4,40.05,Month-to-month contract,Short tenure,Associated with month-to-month contract and short tenure.
4704-ERYFC,Yes,0.6781,68,High,Month-to-month,Fiber optic,Electronic check,22,69.25,Month-to-month contract,Fiber optic service,Associated with month-to-month contract and fiber optic service.
0641-EVBOJ,No,0.6781,68,High,Month-to-month,Fiber optic,Mailed check,3,82.3,Month-to-month contract,Short tenure,Associated with month-to-month contract and short tenure.
7048-GXDAY,No,0.678,68,High,Month-to-month,Fiber optic,Electronic check,39,106.4,Month-to-month contract,Fiber optic service,Associated with month-to-month contract and fiber optic service.
7993-PYKOF,Yes,0.6777,68,High,Month-to-month,Fiber optic,Electronic check,8,75.0,Month-to-month contract,Short tenure,Associated with month-to-month contract and short tenure.
8784-CGILN,Yes,0.6775,68,High,Month-to-month,Fiber optic,Bank transfer (automatic),18,99.85,Month-to-month contract,Fiber optic service,Associated with month-to-month contract and fiber optic service.
0221-WMXNQ,No,0.6772,68,High,Month-to-month,Fiber optic,Electronic check,4,75.35,Month-to-month contract,Short tenure,Associated with month-to-month contract and short tenure.
6030-REHUX,No,0.6771,68,High,Month-to-month,Fiber optic,Electronic check,28,110.85,Month-to-month contract,Fiber optic service,Associated with month-to-month contract and fiber optic service.
4550-VBOFE,Yes,0.6771,68,High,Month-to-month,Fiber optic,Electronic check,70,102.95,Month-to-month contract,Fiber optic service,Associated with month-to-month contract and fiber optic service.
8800-ZKRFW,No,0.677,68,High,Month-to-month,Fiber optic,Electronic check,30,107.5,Month-to-month contract,Fiber optic service,Associated with month-to-month contract and fiber optic service.
4716-HHKQH,No,0.6768,68,High,Month-to-month,Fiber optic,Electronic check,20,107.05,Month-to-month contract,Fiber optic service,Associated with month-to-month contract and fiber optic service.
5130-IEKQT,Yes,0.6767,68,High,Month-to-month,Fiber optic,Mailed check,25,105.95,Month-to-month contract,Fiber optic service,Associated with month-to-month contract and fiber optic service.
3208-YPIOE,Yes,0.6767,68,High,Month-to-month,Fiber optic,Electronic check,39,75.25,Month-to-month contract,Fiber optic service,Associated with month-to-month contract and fiber optic service.
3018-TFTSU,Yes,0.6767,68,High,Month-to-month,Fiber optic,Bank transfer (automatic),12,81.7,Month-to-month contract,Short tenure,Associated with month-to-month contract and short tenure.
5895-QSXOD,No,0.6766,68,High,Month-to-month,Fiber optic,Mailed check,9,70.05,Month-to-month contract,Short tenure,Associated with month-to-month contract and short tenure.
5981-ITEMU,Yes,0.6765,68,High,Month-to-month,Fiber optic,Bank transfer (automatic),40,97.1,Month-to-month contract,Fiber optic service,Associated with month-to-month contract and fiber optic service.
1754-GKYPY,No,0.6765,68,High,Month-to-month,Fiber optic,Bank transfer (automatic),22,89.75,Month-to-month contract,Fiber optic service,Associated with month-to-month contract and fiber optic service.
4947-DSMXK,No,0.6764,68,High,Month-to-month,Fiber optic,Bank transfer (automatic),34,97.7,Month-to-month contract,Fiber optic service,Associated with month-to-month contract and fiber optic service.
2956-GGUCQ,Yes,0.6764,68,High,Month-to-month,Fiber optic,Electronic check,24,78.85,Month-to-month contract,Fiber optic service,Associated with month-to-month contract and fiber optic service.
5207-PLSTK,No,0.6763,68,High,Month-to-month,DSL,Mailed check,1,48.75,Month-to-month contract,Short tenure,Associated with month-to-month contract and short tenure.
7682-AZNDK,No,0.6763,68,High,Month-to-month,Fiber optic,Electronic check,34,89.85,Month-to-month contract,Fiber optic service,Associated with month-to-month contract and fiber optic service.
9572-WUKSB,No,0.6763,68,High,Month-to-month,DSL,Electronic check,3,29.9,Month-to-month contract,Short tenure,Associated with month-to-month contract and short tenure.
5108-ADXWO,Yes,0.6762,68,High,Month-to-month,Fiber optic,Electronic check,11,73.5,Month-to-month contract,Short tenure,Associated with month-to-month contract and short tenure.
6416-YJTTB,No,0.676,68,High,Month-to-month,Fiber optic,Bank transfer (automatic),11,79.5,Month-to-month contract,Short tenure,Associated with month-to-month contract and short tenure.
8993-IZEUX,No,0.6758,68,High,Month-to-month,Fiber optic,Bank transfer (automatic),7,69.15,Month-to-month contract,Short tenure,Associated with month-to-month contract and short tenure.
6961-VCPMC,Yes,0.6757,68,High,Month-to-month,Fiber optic,Electronic check,46,80.4,Month-to-month contract,Fiber optic service,Associated with month-to-month contract and fiber optic service.
1482-OXZSY,No,0.6755,68,High,Month-to-month,Fiber optic,Bank transfer (automatic),30,100.4,Month-to-month contract,Fiber optic service,Associated with month-to-month contract and fiber optic service.
8019-ENHXU,Yes,0.6755,68,High,Month-to-month,Fiber optic,Electronic check,42,99.45,Month-to-month contract,Fiber optic service,Associated with month-to-month contract and fiber optic service.
9272-LSVYH,No,0.6754,68,High,Month-to-month,Fiber optic,Mailed check,10,70.15,Month-to-month contract,Short tenure,Associated with month-to-month contract and short tenure.
9090-SGQXL,Yes,0.6754,68,High,Month-to-month,Fiber optic,Electronic check,68,105.3,Month-to-month contract,Fiber optic service,Associated with month-to-month contract and fiber optic service.
3312-UUMZW,No,0.6753,68,High,Month-to-month,Fiber optic,Credit card (automatic),32,98.85,Month-to-month contract,Fiber optic service,Associated with month-to-month contract and fiber optic service.
4248-QPAVC,Yes,0.6752,68,High,Month-to-month,Fiber optic,Bank transfer (automatic),17,85.35,Month-to-month contract,Fiber optic service,Associated with month-to-month contract and fiber optic service.
9526-JAWYF,Yes,0.6751,68,High,Month-to-month,Fiber optic,Electronic check,26,89.8,Month-to-month contract,Fiber optic service,Associated with month-to-month contract and fiber optic service.
9508-ILZDG,No,0.6749,67,High,Month-to-month,Fiber optic,Electronic check,34,96.35,Month-to-month contract,Fiber optic service,Associated with month-to-month contract and fiber optic service.
9667-TKTVZ,No,0.6749,67,High,Month-to-month,DSL,Mailed check,2,54.35,Month-to-month contract,Short tenure,Associated with month-to-month contract and short tenure.
4971-PUYQO,Yes,0.6749,67,High,Month-to-month,Fiber optic,Mailed check,27,94.55,Month-to-month contract,Fiber optic service,Associated with month-to-month contract and fiber optic service.
2692-BUCFV,No,0.6746,67,High,Month-to-month,Fiber optic,Bank transfer (automatic),29,101.45,Month-to-month contract,Fiber optic service,Associated with month-to-month contract and fiber optic service.
8189-XRIKE,No,0.6745,67,High,Month-to-month,Fiber optic,Electronic check,32,90.95,Month-to-month contract,Fiber optic service,Associated with month-to-month contract and fiber optic service.
5649-RXQTV,No,0.6741,67,High,Month-to-month,Fiber optic,Electronic check,51,99.0,Month-to-month contract,Fiber optic service,Associated with month-to-month contract and fiber optic service.
9108-EJFJP,No,0.6741,67,High,Month-to-month,DSL,Mailed check,1,53.55,Month-to-month contract,Short tenure,Associated with month-to-month contract and short tenure.
7924-GJZFI,No,0.674,67,High,Month-to-month,Fiber optic,Electronic check,25,69.3,Month-to-month contract,Fiber optic service,Associated with month-to-month contract and fiber optic service.
7794-JASDG,No,0.6739,67,High,Month-to-month,DSL,Mailed check,1,50.75,Month-to-month contract,Short tenure,Associated with month-to-month contract and short tenure.
6888-SBYAI,No,0.6739,67,High,Month-to-month,DSL,Mailed check,1,50.7,Month-to-month contract,Short tenure,Associated with month-to-month contract and short tenure.
8630-FJLIB,No,0.6738,67,High,Month-to-month,Fiber optic,Electronic check,18,69.8,Month-to-month contract,Fiber optic service,Associated with month-to-month contract and fiber optic service.
9129-UXERG,No,0.6736,67,High,Month-to-month,Fiber optic,Credit card (automatic),18,103.6,Month-to-month contract,Fiber optic service,Associated with month-to-month contract and fiber optic service.
4800-VHZKI,Yes,0.6732,67,High,Month-to-month,No,Mailed check,1,19.9,Month-to-month contract,Short tenure,Associated with month-to-month contract and short tenure.
3174-RKMOW,No,0.6728,67,High,Month-to-month,Fiber optic,Electronic check,35,109.95,Month-to-month contract,Fiber optic service,Associated with month-to-month contract and fiber optic service.
0585-EGDDA,No,0.6727,67,High,Month-to-month,Fiber optic,Electronic check,40,80.0,Month-to-month contract,Fiber optic service,Associated with month-to-month contract and fiber optic service.
7279-BUYWN,Yes,0.6721,67,High,Month-to-month,Fiber optic,Electronic check,41,113.2,Month-to-month contract,Fiber optic service,Associated with month-to-month contract and fiber optic service.
1785-BPHTP,No,0.6719,67,High,Month-to-month,Fiber optic,Electronic check,28,85.45,Month-to-month contract,Fiber optic service,Associated with month-to-month contract and fiber optic service.
8824-RWFXJ,Yes,0.6717,67,High,Month-to-month,DSL,Mailed check,3,56.15,Month-to-month contract,Short tenure,Associated with month-to-month contract and short tenure.
8990-ZXLSU,No,0.6715,67,High,Month-to-month,Fiber optic,Electronic check,9,69.05,Month-to-month contract,Short tenure,Associated with month-to-month contract and short tenure.
1689-MRZQR,Yes,0.6714,67,High,Month-to-month,Fiber optic,Electronic check,34,78.3,Month-to-month contract,Fiber optic service,Associated with month-to-month contract and fiber optic service.
9600-UDOPK,Yes,0.6712,67,High,Month-to-month,Fiber optic,Credit card (automatic),30,94.05,Month-to-month contract,Fiber optic service,Associated with month-to-month contract and fiber optic service.
3987-KQDDU,No,0.6709,67,High,Month-to-month,Fiber optic,Electronic check,9,75.6,Month-to-month contract,Short tenure,Associated with month-to-month contract and short tenure.
5502-RLUYV,Yes,0.6709,67,High,Month-to-month,Fiber optic,Electronic check,69,103.95,Month-to-month contract,Fiber optic service,Associated with month-to-month contract and fiber optic service.
3352-ALMCK,No,0.6708,67,High,Month-to-month,Fiber optic,Mailed check,40,102.65,Month-to-month contract,Fiber optic service,Associated with month-to-month contract and fiber optic service.
0537-QYZZN,No,0.6708,67,High,Month-to-month,Fiber optic,Electronic check,24,79.85,Month-to-month contract,Fiber optic service,Associated with month-to-month contract and fiber optic service.
4661-NJEUX,No,0.6706,67,High,Month-to-month,No,Mailed check,1,20.05,Month-to-month contract,Short tenure,Associated with month-to-month contract and short tenure.
1794-HBQTJ,Yes,0.6706,67,High,Month-to-month,DSL,Credit card (automatic),1,48.6,Month-to-month contract,Short tenure,Associated with month-to-month contract and short tenure.
9552-TGUZV,No,0.6702,67,High,Month-to-month,Fiber optic,Mailed check,8,75.0,Month-to-month contract,Short tenure,Associated with month-to-month contract and short tenure.
5480-TBGPH,Yes,0.6702,67,High,Month-to-month,Fiber optic,Credit card (automatic),24,99.3,Month-to-month contract,Fiber optic service,Associated with month-to-month contract and fiber optic service.
7878-JGDKK,No,0.67,67,High,Month-to-month,DSL,Mailed check,4,44.55,Month-to-month contract,Short tenure,Associated with month-to-month contract and short tenure.
5222-IMUKT,No,0.67,67,High,Month-to-month,Fiber optic,Electronic check,32,91.05,Month-to-month contract,Fiber optic service,Associated with month-to-month contract and fiber optic service.
7410-OIEDU,No,0.6697,67,High,Month-to-month,Fiber optic,Mailed check,10,79.85,Month-to-month contract,Short tenure,Associated with month-to-month contract and short tenure.
9518-XXBXE,No,0.6696,67,High,Month-to-month,Fiber optic,Electronic check,10,75.3,Month-to-month contract,Short tenure,Associated with month-to-month contract and short tenure.
4465-VDKIQ,No,0.6694,67,High,Month-to-month,Fiber optic,Electronic check,18,77.8,Month-to-month contract,Fiber optic service,Associated with month-to-month contract and fiber optic service.
1635-FJFCC,No,0.6693,67,High,Month-to-month,DSL,Credit card (automatic),5,44.05,Month-to-month contract,Short tenure,Associated with month-to-month contract and short tenure.
3524-WQDSG,No,0.6692,67,High,Month-to-month,Fiber optic,Bank transfer (automatic),43,99.3,Month-to-month contract,Fiber optic service,Associated with month-to-month contract and fiber optic service.
9699-UBQFS,No,0.6692,67,High,Month-to-month,Fiber optic,Electronic check,43,94.5,Month-to-month contract,Fiber optic service,Associated with month-to-month contract and fiber optic service.
0411-EZJZE,No,0.669,67,High,Month-to-month,DSL,Electronic check,3,60.25,Month-to-month contract,Short tenure,Associated with month-to-month contract and short tenure.
9174-FKWZE,Yes,0.669,67,High,Month-to-month,No,Electronic check,1,19.45,Month-to-month contract,Short tenure,Associated with month-to-month contract and short tenure.
6022-KOUQO,No,0.6689,67,High,Month-to-month,DSL,Bank transfer (automatic),2,29.05,Month-to-month contract,Short tenure,Associated with month-to-month contract and short tenure.
2369-FEVNO,No,0.6689,67,High,Month-to-month,No,Mailed check,1,19.9,Month-to-month contract,Short tenure,Associated with month-to-month contract and short tenure.
7855-DIWPO,No,0.6685,67,High,Month-to-month,Fiber optic,Electronic check,21,68.65,Month-to-month contract,Fiber optic service,Associated with month-to-month contract and fiber optic service.
5998-VVEJY,Yes,0.6684,67,High,Month-to-month,Fiber optic,Electronic check,26,80.5,Month-to-month contract,Fiber optic service,Associated with month-to-month contract and fiber optic service.
2108-XWMPY,Yes,0.6682,67,High,Month-to-month,DSL,Mailed check,3,35.45,Month-to-month contract,Short tenure,Associated with month-to-month contract and short tenure.
4662-EKDPQ,Yes,0.6681,67,High,Month-to-month,DSL,Bank transfer (automatic),2,62.05,Month-to-month contract,Short tenure,Associated with month-to-month contract and short tenure.
5960-MVTUK,No,0.6678,67,High,Month-to-month,DSL,Electronic check,3,29.75,Month-to-month contract,Short tenure,Associated with month-to-month contract and short tenure.
3955-JBZZM,No,0.6678,67,High,Month-to-month,Fiber optic,Electronic check,20,78.8,Month-to-month contract,Fiber optic service,Associated with month-to-month contract and fiber optic service.
1456-TWCGB,No,0.6677,67,High,Month-to-month,DSL,Mailed check,4,49.25,Month-to-month contract,Short tenure,Associated with month-to-month contract and short tenure.
0324-BRPCJ,Yes,0.6676,67,High,Month-to-month,Fiber optic,Electronic check,68,100.2,Month-to-month contract,Fiber optic service,Associated with month-to-month contract and fiber optic service.
7901-TBKJX,No,0.6675,67,High,Month-to-month,Fiber optic,Electronic check,56,101.05,Month-to-month contract,Fiber optic service,Associated with month-to-month contract and fiber optic service.
1550-EENBN,No,0.6675,67,High,Month-to-month,Fiber optic,Electronic check,31,104.35,Month-to-month contract,Fiber optic service,Associated with month-to-month contract and fiber optic service.
6172-FECYY,Yes,0.6675,67,High,Month-to-month,Fiber optic,Electronic check,49,84.5,Month-to-month contract,Fiber optic service,Associated with month-to-month contract and fiber optic service.
0107-WESLM,Yes,0.6674,67,High,Month-to-month,No,Electronic check,1,19.85,Month-to-month contract,Short tenure,Associated with month-to-month contract and short tenure.
8563-OYMQY,No,0.6674,67,High,Month-to-month,Fiber optic,Credit card (automatic),17,90.95,Month-to-month contract,Fiber optic service,Associated with month-to-month contract and fiber optic service.
0577-WHMEV,No,0.6672,67,High,Month-to-month,Fiber optic,Electronic check,16,90.7,Month-to-month contract,Fiber optic service,Associated with month-to-month contract and fiber optic service.
5146-CBVOE,No,0.6669,67,High,Month-to-month,Fiber optic,Bank transfer (automatic),16,75.1,Month-to-month contract,Fiber optic service,Associated with month-to-month contract and fiber optic service.
5349-AZPEW,No,0.6667,67,High,Month-to-month,DSL,Mailed check,5,25.05,Month-to-month contract,Short tenure,Associated with month-to-month contract and short tenure.
5569-OUICF,Yes,0.6664,67,High,Month-to-month,Fiber optic,Credit card (automatic),28,101.3,Month-to-month contract,Fiber optic service,Associated with month-to-month contract and fiber optic service.
1580-BMCMR,No,0.6663,67,High,Month-to-month,Fiber optic,Electronic check,19,87.3,Month-to-month contract,Fiber optic service,Associated with month-to-month contract and fiber optic service.
1481-ZUWZA,Yes,0.6658,67,High,Month-to-month,Fiber optic,Credit card (automatic),28,94.5,Month-to-month contract,Fiber optic service,Associated with month-to-month contract and fiber optic service.
1582-RAFML,Yes,0.6656,67,High,Month-to-month,DSL,Mailed check,1,60.1,Month-to-month contract,Short tenure,Associated with month-to-month contract and short tenure.
2640-PMGFL,Yes,0.6655,67,High,Month-to-month,Fiber optic,Electronic check,27,79.5,Month-to-month contract,Fiber optic service,Associated with month-to-month contract and fiber optic service.
2955-PSXOE,Yes,0.6653,67,High,Month-to-month,No,Bank transfer (automatic),1,20.2,Month-to-month contract,Short tenure,Associated with month-to-month contract and short tenure.
4558-FANTW,Yes,0.6653,67,High,Month-to-month,Fiber optic,Electronic check,17,91.85,Month-to-month contract,Fiber optic service,Associated with month-to-month contract and fiber optic service.
8490-BXHEO,No,0.6651,67,High,Month-to-month,Fiber optic,Credit card (automatic),18,80.55,Month-to-month contract,Fiber optic service,Associated with month-to-month contract and fiber optic service.
0178-SZBHO,No,0.6648,66,High,Month-to-month,Fiber optic,Electronic check,47,87.2,Month-to-month contract,Fiber optic service,Associated with month-to-month contract and fiber optic service.
0032-PGELS,Yes,0.6647,66,High,Month-to-month,DSL,Bank transfer (automatic),1,30.5,Month-to-month contract,Short tenure,Associated with month-to-month contract and short tenure.
9168-INPSZ,No,0.6646,66,High,Month-to-month,Fiber optic,Electronic check,44,104.15,Month-to-month contract,Fiber optic service,Associated with month-to-month contract and fiber optic service.
7881-INRLC,Yes,0.6642,66,High,Month-to-month,Fiber optic,Credit card (automatic),45,100.85,Month-to-month contract,Fiber optic service,Associated with month-to-month contract and fiber optic service.
5609-IMCGG,No,0.6641,66,High,Month-to-month,Fiber optic,Credit card (automatic),15,84.35,Month-to-month contract,Fiber optic service,Associated with month-to-month contract and fiber optic service.
0963-ZBDRN,Yes,0.664,66,High,Month-to-month,Fiber optic,Electronic check,32,96.2,Month-to-month contract,Fiber optic service,Associated with month-to-month contract and fiber optic service.
8818-XYFCQ,Yes,0.6639,66,High,Month-to-month,Fiber optic,Credit card (automatic),32,99.55,Month-to-month contract,Fiber optic service,Associated with month-to-month contract and fiber optic service.
3757-NJYBX,Yes,0.6639,66,High,Month-to-month,Fiber optic,Bank transfer (automatic),32,106.35,Month-to-month contract,Fiber optic service,Associated with month-to-month contract and fiber optic service.
8849-AYPTR,No,0.6637,66,High,Month-to-month,Fiber optic,Electronic check,33,91.25,Month-to-month contract,Fiber optic service,Associated with month-to-month contract and fiber optic service.
7240-FQLHE,Yes,0.6637,66,High,Month-to-month,Fiber optic,Bank transfer (automatic),18,99.75,Month-to-month contract,Fiber optic service,Associated with month-to-month contract and fiber optic service.
4238-JSSWH,No,0.6636,66,High,Month-to-month,Fiber optic,Bank transfer (automatic),35,102.05,Month-to-month contract,Fiber optic service,Associated with month-to-month contract and fiber optic service.
7284-BUYEC,No,0.6632,66,High,Month-to-month,DSL,Credit card (automatic),5,50.95,Month-to-month contract,Short tenure,Associated with month-to-month contract and short tenure.
4781-ZXYGU,No,0.663,66,High,Month-to-month,No,Bank transfer (automatic),1,20.15,Month-to-month contract,Short tenure,Associated with month-to-month contract and short tenure.
1910-FMXJM,No,0.6628,66,High,Month-to-month,Fiber optic,Electronic check,36,80.4,Month-to-month contract,Fiber optic service,Associated with month-to-month contract and fiber optic service.
3647-GMGDH,Yes,0.6628,66,High,Month-to-month,Fiber optic,Credit card (automatic),22,94.7,Month-to-month contract,Fiber optic service,Associated with month-to-month contract and fiber optic service.
0670-KDOMA,No,0.6627,66,High,Month-to-month,No,Mailed check,1,20.25,Month-to-month contract,Short tenure,Associated with month-to-month contract and short tenure.
2876-VBBBL,Yes,0.6627,66,High,Month-to-month,No,Mailed check,1,20.25,Month-to-month contract,Short tenure,Associated with month-to-month contract and short tenure.
0082-OQIQY,No,0.6627,66,High,Month-to-month,Fiber optic,Electronic check,29,94.2,Month-to-month contract,Fiber optic service,Associated with month-to-month contract and fiber optic service.
2811-POVEX,No,0.6625,66,High,Month-to-month,Fiber optic,Bank transfer (automatic),23,88.45,Month-to-month contract,Fiber optic service,Associated with month-to-month contract and fiber optic service.
1816-FLZDK,No,0.6621,66,High,Month-to-month,DSL,Mailed check,1,29.15,Month-to-month contract,Short tenure,Associated with month-to-month contract and short tenure.
6845-RGTYS,Yes,0.662,66,High,Month-to-month,Fiber optic,Electronic check,47,98.75,Month-to-month contract,Fiber optic service,Associated with month-to-month contract and fiber optic service.
5281-BUZGT,Yes,0.6618,66,High,Month-to-month,Fiber optic,Electronic check,36,90.85,Month-to-month contract,Fiber optic service,Associated with month-to-month contract and fiber optic service.
3003-CMDUU,No,0.6616,66,High,Month-to-month,Fiber optic,Electronic check,25,95.15,Month-to-month contract,Fiber optic service,Associated with month-to-month contract and fiber optic service.
3669-LVWZB,Yes,0.6616,66,High,Month-to-month,DSL,Mailed check,5,51.0,Month-to-month contract,Short tenure,Associated with month-to-month contract and short tenure.
5389-FFVKB,Yes,0.6614,66,High,Month-to-month,Fiber optic,Credit card (automatic),32,80.3,Month-to-month contract,Fiber optic service,Associated with month-to-month contract and fiber optic service.
6982-UQZLY,Yes,0.6613,66,High,Month-to-month,No,Mailed check,1,20.85,Month-to-month contract,Short tenure,Associated with month-to-month contract and short tenure.
4588-YBNIB,Yes,0.6612,66,High,Month-to-month,No,Mailed check,1,19.6,Month-to-month contract,Short tenure,Associated with month-to-month contract and short tenure.
2874-YXVVA,No,0.661,66,High,Month-to-month,Fiber optic,Electronic check,34,105.1,Month-to-month contract,Fiber optic service,Associated with month-to-month contract and fiber optic service.
0682-USIXD,No,0.661,66,High,Month-to-month,Fiber optic,Electronic check,21,86.05,Month-to-month contract,Fiber optic service,Associated with month-to-month contract and fiber optic service.
9601-BRXPO,Yes,0.6609,66,High,Month-to-month,Fiber optic,Bank transfer (automatic),25,104.95,Month-to-month contract,Fiber optic service,Associated with month-to-month contract and fiber optic service.
4879-GZLFH,No,0.6609,66,High,Month-to-month,Fiber optic,Electronic check,42,92.15,Month-to-month contract,Fiber optic service,Associated with month-to-month contract and fiber optic service.
7460-ITWWP,No,0.6607,66,High,Month-to-month,Fiber optic,Electronic check,45,86.1,Month-to-month contract,Fiber optic service,Associated with month-to-month contract and fiber optic service.
9281-OFDMF,No,0.6604,66,High,Month-to-month,Fiber optic,Electronic check,39,90.7,Month-to-month contract,Fiber optic service,Associated with month-to-month contract and fiber optic service.
0280-XJGEX,Yes,0.6601,66,High,Month-to-month,Fiber optic,Bank transfer (automatic),49,103.7,Month-to-month contract,Fiber optic service,Associated with month-to-month contract and fiber optic service.
0867-MKZVY,Yes,0.6599,66,High,Month-to-month,Fiber optic,Electronic check,20,82.4,Month-to-month contract,Fiber optic service,Associated with month-to-month contract and fiber optic service.
9944-AEXBM,No,0.6599,66,High,Month-to-month,Fiber optic,Bank transfer (automatic),32,85.65,Month-to-month contract,Fiber optic service,Associated with month-to-month contract and fiber optic service.
5536-RTPWK,Yes,0.6599,66,High,Month-to-month,Fiber optic,Bank transfer (automatic),49,99.05,Month-to-month contract,Fiber optic service,Associated with month-to-month contract and fiber optic service.
1469-LBJQJ,No,0.6599,66,High,Month-to-month,Fiber optic,Electronic check,66,105.2,Month-to-month contract,Fiber optic service,Associated with month-to-month contract and fiber optic service.
8123-QBNAZ,No,0.6597,66,High,Month-to-month,Fiber optic,Credit card (automatic),36,104.5,Month-to-month contract,Fiber optic service,Associated with month-to-month contract and fiber optic service.
6557-BZXLQ,No,0.6596,66,High,Month-to-month,Fiber optic,Electronic check,16,69.65,Month-to-month contract,Fiber optic service,Associated with month-to-month contract and fiber optic service.
5999-LCXAO,No,0.6595,66,High,Month-to-month,DSL,Mailed check,1,29.9,Month-to-month contract,Short tenure,Associated with month-to-month contract and short tenure.
8757-TFHHJ,No,0.6593,66,High,Month-to-month,DSL,Credit card (automatic),1,49.8,Month-to-month contract,Short tenure,Associated with month-to-month contract and short tenure.
0611-DFXKO,Yes,0.6592,66,High,Month-to-month,Fiber optic,Mailed check,20,89.0,Month-to-month contract,Fiber optic service,Associated with month-to-month contract and fiber optic service.
1142-WACZW,Yes,0.6589,66,High,Month-to-month,DSL,Bank transfer (automatic),2,29.85,Month-to-month contract,Short tenure,Associated with month-to-month contract and short tenure.
7580-UGXNC,Yes,0.6589,66,High,Month-to-month,DSL,Mailed check,2,54.85,Month-to-month contract,Short tenure,Associated with month-to-month contract and short tenure.
2606-RMDHZ,Yes,0.6587,66,High,Month-to-month,DSL,Credit card (automatic),6,30.5,Month-to-month contract,Short tenure,Associated with month-to-month contract and short tenure.
3668-QPYBK,Yes,0.6585,66,High,Month-to-month,DSL,Mailed check,2,53.85,Month-to-month contract,Short tenure,Associated with month-to-month contract and short tenure.
5307-DZCVC,Yes,0.6581,66,High,Month-to-month,Fiber optic,Credit card (automatic),32,85.95,Month-to-month contract,Fiber optic service,Associated with month-to-month contract and fiber optic service.
3923-CSIHK,Yes,0.6579,66,High,Month-to-month,Fiber optic,Electronic check,50,71.05,Month-to-month contract,Fiber optic service,Associated with month-to-month contract and fiber optic service.
5868-YTYKS,No,0.6579,66,High,Month-to-month,No,Mailed check,1,20.25,Month-to-month contract,Short tenure,Associated with month-to-month contract and short tenure.
2027-CWDNU,No,0.6579,66,High,Month-to-month,Fiber optic,Electronic check,18,85.6,Month-to-month contract,Fiber optic service,Associated with month-to-month contract and fiber optic service.
3804-RVTGV,Yes,0.6578,66,High,Month-to-month,Fiber optic,Bank transfer (automatic),50,103.85,Month-to-month contract,Fiber optic service,Associated with month-to-month contract and fiber optic service.
2408-WITXK,Yes,0.6578,66,High,Month-to-month,DSL,Electronic check,10,34.7,Month-to-month contract,Short tenure,Associated with month-to-month contract and short tenure.
4860-IJUDE,No,0.6578,66,High,Month-to-month,Fiber optic,Credit card (automatic),13,73.75,Month-to-month contract,Fiber optic service,Associated with month-to-month contract and fiber optic service.
5373-SFODM,Yes,0.6577,66,High,Month-to-month,Fiber optic,Credit card (automatic),36,85.25,Month-to-month contract,Fiber optic service,Associated with month-to-month contract and fiber optic service.
6917-IAYHD,No,0.6577,66,High,Month-to-month,DSL,Mailed check,1,33.6,Month-to-month contract,Short tenure,Associated with month-to-month contract and short tenure.
7207-RMRDB,Yes,0.6575,66,High,Month-to-month,Fiber optic,Electronic check,65,105.5,Month-to-month contract,Fiber optic service,Associated with month-to-month contract and fiber optic service.
9898-KZQDZ,Yes,0.6574,66,High,Month-to-month,Fiber optic,Credit card (automatic),40,94.55,Month-to-month contract,Fiber optic service,Associated with month-to-month contract and fiber optic service.
7517-SAWMO,Yes,0.6573,66,High,Month-to-month,Fiber optic,Electronic check,19,73.2,Month-to-month contract,Fiber optic service,Associated with month-to-month contract and fiber optic service.
6844-DZKRF,No,0.6573,66,High,Month-to-month,DSL,Credit card (automatic),2,50.2,Month-to-month contract,Short tenure,Associated with month-to-month contract and short tenure.
7989-CHGTL,Yes,0.6572,66,High,Month-to-month,No,Mailed check,1,19.6,Month-to-month contract,Short tenure,Associated with month-to-month contract and short tenure.
5129-JLPIS,No,0.6571,66,High,Month-to-month,Fiber optic,Electronic check,25,105.5,Month-to-month contract,Fiber optic service,Associated with month-to-month contract and fiber optic service.
0111-KLBQG,No,0.6569,66,High,Month-to-month,Fiber optic,Mailed check,32,93.95,Month-to-month contract,Fiber optic service,Associated with month-to-month contract and fiber optic service.
0311-UNPFF,Yes,0.6567,66,High,Month-to-month,Fiber optic,Bank transfer (automatic),26,88.8,Month-to-month contract,Fiber optic service,Associated with month-to-month contract and fiber optic service.
1493-AMTIE,Yes,0.6567,66,High,Month-to-month,No,Bank transfer (automatic),1,20.2,Month-to-month contract,Short tenure,Associated with month-to-month contract and short tenure.
8384-FZBJK,No,0.6566,66,High,Month-to-month,Fiber optic,Electronic check,57,100.6,Month-to-month contract,Fiber optic service,Associated with month-to-month contract and fiber optic service.
9526-BIHHD,Yes,0.6563,66,High,Month-to-month,DSL,Mailed check,1,29.7,Month-to-month contract,Short tenure,Associated with month-to-month contract and short tenure.
5712-AHQNN,No,0.656,66,High,Month-to-month,Fiber optic,Electronic check,43,91.65,Month-to-month contract,Fiber optic service,Associated with month-to-month contract and fiber optic service.
1013-QCWAM,No,0.6556,66,High,Month-to-month,Fiber optic,Electronic check,66,100.8,Month-to-month contract,Fiber optic service,Associated with month-to-month contract and fiber optic service.
3771-PZOBW,No,0.6556,66,High,Month-to-month,Fiber optic,Credit card (automatic),20,90.7,Month-to-month contract,Fiber optic service,Associated with month-to-month contract and fiber optic service.
5482-VXSXJ,No,0.6556,66,High,Month-to-month,Fiber optic,Mailed check,22,93.2,Month-to-month contract,Fiber optic service,Associated with month-to-month contract and fiber optic service.
6522-YRBXD,No,0.6555,66,High,Month-to-month,Fiber optic,Electronic check,35,94.55,Month-to-month contract,Fiber optic service,Associated with month-to-month contract and fiber optic service.
7916-VCCPB,No,0.6554,66,High,Month-to-month,Fiber optic,Bank transfer (automatic),16,73.25,Month-to-month contract,Fiber optic service,Associated with month-to-month contract and fiber optic service.
6692-YQHXC,No,0.6554,66,High,Month-to-month,Fiber optic,Credit card (automatic),16,69.95,Month-to-month contract,Fiber optic service,Associated with month-to-month contract and fiber optic service.
2081-KJSQF,No,0.6554,66,High,Month-to-month,No,Mailed check,1,20.25,Month-to-month contract,Short tenure,Associated with month-to-month contract and short tenure.
1541-ETJZO,Yes,0.6553,66,High,Month-to-month,DSL,Mailed check,1,62.05,Month-to-month contract,Short tenure,Associated with month-to-month contract and short tenure.
9003-CPATH,No,0.6552,66,High,Month-to-month,Fiber optic,Electronic check,42,79.9,Month-to-month contract,Fiber optic service,Associated with month-to-month contract and fiber optic service.
3197-ARFOY,No,0.6551,66,High,Month-to-month,Fiber optic,Mailed check,19,105.0,Month-to-month contract,Fiber optic service,Associated with month-to-month contract and fiber optic service.
0141-YEAYS,No,0.6551,66,High,Month-to-month,Fiber optic,Bank transfer (automatic),27,86.45,Month-to-month contract,Fiber optic service,Associated with month-to-month contract and fiber optic service.
5916-QEWPT,No,0.6551,66,High,Month-to-month,DSL,Credit card (automatic),2,69.0,Month-to-month contract,Short tenure,Associated with month-to-month contract and short tenure.
5208-HFSBT,Yes,0.6548,65,High,Month-to-month,DSL,Credit card (automatic),2,55.05,Month-to-month contract,Short tenure,Associated with month-to-month contract and short tenure.
3312-ZWLGF,No,0.6548,65,High,Month-to-month,Fiber optic,Electronic check,29,79.3,Month-to-month contract,Fiber optic service,Associated with month-to-month contract and fiber optic service.
2322-VCZHZ,No,0.6547,65,High,Month-to-month,Fiber optic,Electronic check,23,90.0,Month-to-month contract,Fiber optic service,Associated with month-to-month contract and fiber optic service.
8286-AFUYI,No,0.6546,65,High,Month-to-month,DSL,Electronic check,1,47.95,Month-to-month contract,Short tenure,Associated with month-to-month contract and short tenure.
1871-MOWRM,Yes,0.6543,65,High,Month-to-month,Fiber optic,Bank transfer (automatic),12,80.85,Month-to-month contract,Short tenure,Associated with month-to-month contract and short tenure.
8456-QDAVC,No,0.6541,65,High,Month-to-month,Fiber optic,Bank transfer (automatic),19,78.7,Month-to-month contract,Fiber optic service,Associated with month-to-month contract and fiber optic service.
2195-ZRVAX,Yes,0.6539,65,High,Month-to-month,Fiber optic,Electronic check,47,85.3,Month-to-month contract,Fiber optic service,Associated with month-to-month contract and fiber optic service.
5294-DMSFH,No,0.6533,65,High,Month-to-month,Fiber optic,Credit card (automatic),29,87.8,Month-to-month contract,Fiber optic service,Associated with month-to-month contract and fiber optic service.
2465-BLLEU,No,0.653,65,High,Month-to-month,No,Mailed check,1,19.75,Month-to-month contract,Short tenure,Associated with month-to-month contract and short tenure.
3211-ILJTT,Yes,0.6529,65,High,Month-to-month,Fiber optic,Bank transfer (automatic),17,70.4,Month-to-month contract,Fiber optic service,Associated with month-to-month contract and fiber optic service.
4343-EJVQB,No,0.6529,65,High,Month-to-month,Fiber optic,Mailed check,7,74.35,Month-to-month contract,Short tenure,Associated with month-to-month contract and short tenure.
6394-MFYNG,Yes,0.6529,65,High,Month-to-month,Fiber optic,Bank transfer (automatic),48,107.4,Month-to-month contract,Fiber optic service,Associated with month-to-month contract and fiber optic service.
3415-TAILE,Yes,0.6525,65,High,Month-to-month,DSL,Mailed check,2,65.7,Month-to-month contract,Short tenure,Associated with month-to-month contract and short tenure.
5143-EGQFK,Yes,0.6523,65,High,Month-to-month,DSL,Electronic check,10,29.65,Month-to-month contract,Short tenure,Associated with month-to-month contract and short tenure.
9369-XFEHK,Yes,0.6522,65,High,Month-to-month,Fiber optic,Bank transfer (automatic),33,80.6,Month-to-month contract,Fiber optic service,Associated with month-to-month contract and fiber optic service.
7979-CORPM,Yes,0.6516,65,High,Month-to-month,Fiber optic,Credit card (automatic),24,90.55,Month-to-month contract,Fiber optic service,Associated with month-to-month contract and fiber optic service.
4026-SKKHW,No,0.6515,65,High,Month-to-month,DSL,Mailed check,3,50.25,Month-to-month contract,Short tenure,Associated with month-to-month contract and short tenure.
1763-WQFUK,No,0.6515,65,High,Month-to-month,DSL,Mailed check,3,50.5,Month-to-month contract,Short tenure,Associated with month-to-month contract and short tenure.
6481-ESCNL,No,0.6512,65,High,Month-to-month,Fiber optic,Bank transfer (automatic),29,100.55,Month-to-month contract,Fiber optic service,Associated with month-to-month contract and fiber optic service.
1452-KIOVK,No,0.6507,65,High,Month-to-month,Fiber optic,Credit card (automatic),22,89.1,Month-to-month contract,Fiber optic service,Associated with month-to-month contract and fiber optic service.
2683-BPJSO,Yes,0.6507,65,High,Month-to-month,Fiber optic,Electronic check,29,84.45,Month-to-month contract,Fiber optic service,Associated with month-to-month contract and fiber optic service.
2675-DHUTR,No,0.6505,65,High,Month-to-month,Fiber optic,Electronic check,58,98.9,Month-to-month contract,Fiber optic service,Associated with month-to-month contract and fiber optic service.
0946-CLJTI,Yes,0.6505,65,High,Month-to-month,Fiber optic,Electronic check,58,98.7,Month-to-month contract,Fiber optic service,Associated with month-to-month contract and fiber optic service.
1833-TCXKK,No,0.6505,65,High,Month-to-month,Fiber optic,Bank transfer (automatic),45,107.75,Month-to-month contract,Fiber optic service,Associated with month-to-month contract and fiber optic service.
5433-KYGHE,No,0.6502,65,High,Month-to-month,Fiber optic,Mailed check,14,86.0,Month-to-month contract,Fiber optic service,Associated with month-to-month contract and fiber optic service.
2378-VTKDH,No,0.65,65,High,Month-to-month,Fiber optic,Electronic check,65,104.35,Month-to-month contract,Fiber optic service,Associated with month-to-month contract and fiber optic service.
4553-DVPZG,No,0.6498,65,High,Month-to-month,Fiber optic,Electronic check,62,101.35,Month-to-month contract,Fiber optic service,Associated with month-to-month contract and fiber optic service.
5493-SDRDQ,Yes,0.6497,65,High,Month-to-month,DSL,Mailed check,2,55.1,Month-to-month contract,Short tenure,Associated with month-to-month contract and short tenure.
4255-DDUOU,Yes,0.6496,65,High,Month-to-month,No,Mailed check,1,20.5,Month-to-month contract,Short tenure,Associated with month-to-month contract and short tenure.
4360-PNRQB,No,0.6494,65,High,Month-to-month,Fiber optic,Bank transfer (automatic),18,75.6,Month-to-month contract,Fiber optic service,Associated with month-to-month contract and fiber optic service.
6646-JPPHA,No,0.6494,65,High,Month-to-month,Fiber optic,Electronic check,14,78.85,Month-to-month contract,Fiber optic service,Associated with month-to-month contract and fiber optic service.
1343-EHPYB,Yes,0.6493,65,High,Month-to-month,Fiber optic,Electronic check,63,103.4,Month-to-month contract,Fiber optic service,Associated with month-to-month contract and fiber optic service.
6599-RCLCJ,Yes,0.6493,65,High,Month-to-month,Fiber optic,Electronic check,47,109.55,Month-to-month contract,Fiber optic service,Associated with month-to-month contract and fiber optic service.
2911-WDXMV,No,0.6492,65,High,Month-to-month,Fiber optic,Credit card (automatic),18,80.55,Month-to-month contract,Fiber optic service,Associated with month-to-month contract and fiber optic service.
4430-UZIPO,Yes,0.6492,65,High,Month-to-month,DSL,Mailed check,3,36.85,Month-to-month contract,Short tenure,Associated with month-to-month contract and short tenure.
1818-ESQMW,No,0.6492,65,High,Month-to-month,Fiber optic,Electronic check,27,89.2,Month-to-month contract,Fiber optic service,Associated with month-to-month contract and fiber optic service.
5813-UECBU,Yes,0.6492,65,High,Month-to-month,Fiber optic,Credit card (automatic),33,83.85,Month-to-month contract,Fiber optic service,Associated with month-to-month contract and fiber optic service.
2070-XYMFH,No,0.6488,65,High,Month-to-month,Fiber optic,Mailed check,23,79.35,Month-to-month contract,Fiber optic service,Associated with month-to-month contract and fiber optic service.
6693-FRIRW,No,0.6487,65,High,Month-to-month,Fiber optic,Credit card (automatic),18,101.3,Month-to-month contract,Fiber optic service,Associated with month-to-month contract and fiber optic service.
5572-ZDXHY,Yes,0.6486,65,High,Month-to-month,Fiber optic,Mailed check,22,84.3,Month-to-month contract,Fiber optic service,Associated with month-to-month contract and fiber optic service.
7126-RBHSD,No,0.6484,65,High,Month-to-month,Fiber optic,Electronic check,17,78.9,Month-to-month contract,Fiber optic service,Associated with month-to-month contract and fiber optic service.
4391-RESHN,Yes,0.6484,65,High,Month-to-month,Fiber optic,Mailed check,23,104.05,Month-to-month contract,Fiber optic service,Associated with month-to-month contract and fiber optic service.
9445-SZLCH,Yes,0.6483,65,High,Month-to-month,Fiber optic,Bank transfer (automatic),36,97.35,Month-to-month contract,Fiber optic service,Associated with month-to-month contract and fiber optic service.
8073-IJDCM,Yes,0.6482,65,High,Month-to-month,No,Mailed check,1,20.3,Month-to-month contract,Short tenure,Associated with month-to-month contract and short tenure.
0581-MDMPW,No,0.648,65,High,Month-to-month,Fiber optic,Credit card (automatic),24,88.95,Month-to-month contract,Fiber optic service,Associated with month-to-month contract and fiber optic service.
6259-WJQLC,No,0.6479,65,High,Month-to-month,Fiber optic,Credit card (automatic),32,81.1,Month-to-month contract,Fiber optic service,Associated with month-to-month contract and fiber optic service.
1809-DMJHQ,Yes,0.6479,65,High,Month-to-month,DSL,Mailed check,5,46.0,Month-to-month contract,Short tenure,Associated with month-to-month contract and short tenure.
0310-MVLET,Yes,0.6478,65,High,Month-to-month,Fiber optic,Electronic check,61,99.15,Month-to-month contract,Fiber optic service,Associated with month-to-month contract and fiber optic service.
9927-DSWDF,No,0.6476,65,High,Month-to-month,Fiber optic,Electronic check,22,104.6,Month-to-month contract,Fiber optic service,Associated with month-to-month contract and fiber optic service.
5119-KEPFY,No,0.6476,65,High,Month-to-month,Fiber optic,Bank transfer (automatic),36,95.0,Month-to-month contract,Fiber optic service,Associated with month-to-month contract and fiber optic service.
8785-CJSHH,No,0.6475,65,High,Month-to-month,Fiber optic,Electronic check,60,99.8,Month-to-month contract,Fiber optic service,Associated with month-to-month contract and fiber optic service.
7739-LAXOG,Yes,0.6475,65,High,Month-to-month,Fiber optic,Bank transfer (automatic),32,91.05,Month-to-month contract,Fiber optic service,Associated with month-to-month contract and fiber optic service.
5461-QKNTN,No,0.6474,65,High,Month-to-month,Fiber optic,Electronic check,43,94.3,Month-to-month contract,Fiber optic service,Associated with month-to-month contract and fiber optic service.
4831-EOBFE,Yes,0.6473,65,High,Month-to-month,Fiber optic,Credit card (automatic),29,94.65,Month-to-month contract,Fiber optic service,Associated with month-to-month contract and fiber optic service.
1608-GMEWB,No,0.6469,65,High,Month-to-month,Fiber optic,Bank transfer (automatic),45,93.9,Month-to-month contract,Fiber optic service,Associated with month-to-month contract and fiber optic service.
2604-IJPDU,No,0.6468,65,High,Month-to-month,Fiber optic,Electronic check,20,96.55,Month-to-month contract,Fiber optic service,Associated with month-to-month contract and fiber optic service.
2235-ZGKPT,Yes,0.6467,65,High,Month-to-month,DSL,Mailed check,4,50.85,Month-to-month contract,Short tenure,Associated with month-to-month contract and short tenure.
3331-HQDTW,Yes,0.6465,65,High,Month-to-month,Fiber optic,Mailed check,34,109.8,Month-to-month contract,Fiber optic service,Associated with month-to-month contract and fiber optic service.
8988-ECPJR,Yes,0.6465,65,High,Month-to-month,Fiber optic,Mailed check,34,79.6,Month-to-month contract,Fiber optic service,Associated with month-to-month contract and fiber optic service.
9286-DOJGF,Yes,0.6465,65,High,Month-to-month,Fiber optic,Bank transfer (automatic),38,74.95,Month-to-month contract,Fiber optic service,Associated with month-to-month contract and fiber optic service.
8167-GJLRN,No,0.6463,65,High,Month-to-month,DSL,Electronic check,3,30.4,Month-to-month contract,Short tenure,Associated with month-to-month contract and short tenure.
4446-BZKHU,Yes,0.6462,65,High,Month-to-month,Fiber optic,Electronic check,61,105.55,Month-to-month contract,Fiber optic service,Associated with month-to-month contract and fiber optic service.
2786-GCDPI,No,0.6462,65,High,Month-to-month,Fiber optic,Electronic check,50,104.95,Month-to-month contract,Fiber optic service,Associated with month-to-month contract and fiber optic service.
6862-CQUMB,No,0.6461,65,High,Month-to-month,Fiber optic,Credit card (automatic),37,96.1,Month-to-month contract,Fiber optic service,Associated with month-to-month contract and fiber optic service.
7718-RXDGG,No,0.6457,65,High,Month-to-month,Fiber optic,Bank transfer (automatic),15,68.6,Month-to-month contract,Fiber optic service,Associated with month-to-month contract and fiber optic service.
4948-WBBKL,No,0.6455,65,High,Month-to-month,Fiber optic,Bank transfer (automatic),36,74.9,Month-to-month contract,Fiber optic service,Associated with month-to-month contract and fiber optic service.
7567-ECMCM,No,0.6453,65,High,Month-to-month,Fiber optic,Credit card (automatic),24,79.85,Month-to-month contract,Fiber optic service,Associated with month-to-month contract and fiber optic service.
2038-LLMLM,No,0.6453,65,High,Month-to-month,Fiber optic,Electronic check,48,103.85,Month-to-month contract,Fiber optic service,Associated with month-to-month contract and fiber optic service.
9112-WSNPU,No,0.645,64,High,Month-to-month,Fiber optic,Electronic check,35,70.55,Month-to-month contract,Fiber optic service,Associated with month-to-month contract and fiber optic service.
0778-NELLA,Yes,0.6449,64,High,Month-to-month,DSL,Credit card (automatic),9,34.7,Month-to-month contract,Short tenure,Associated with month-to-month contract and short tenure.
8685-WHQPW,Yes,0.6449,64,High,Month-to-month,Fiber optic,Bank transfer (automatic),22,74.4,Month-to-month contract,Fiber optic service,Associated with month-to-month contract and fiber optic service.
7233-DRTRF,No,0.6447,64,High,Month-to-month,Fiber optic,Electronic check,63,102.4,Month-to-month contract,Fiber optic service,Associated with month-to-month contract and fiber optic service.
2424-WVHPL,No,0.6446,64,High,Month-to-month,Fiber optic,Electronic check,1,74.7,Month-to-month contract,Short tenure,Associated with month-to-month contract and short tenure.
8676-OOQEJ,No,0.6443,64,High,Month-to-month,DSL,Electronic check,4,30.5,Month-to-month contract,Short tenure,Associated with month-to-month contract and short tenure.
9904-EHEVJ,No,0.6441,64,High,Month-to-month,Fiber optic,Mailed check,32,91.35,Month-to-month contract,Fiber optic service,Associated with month-to-month contract and fiber optic service.
3503-TYDAY,No,0.6441,64,High,Month-to-month,Fiber optic,Electronic check,43,80.45,Month-to-month contract,Fiber optic service,Associated with month-to-month contract and fiber optic service.
5839-SUYVZ,No,0.6437,64,High,Month-to-month,Fiber optic,Credit card (automatic),16,74.55,Month-to-month contract,Fiber optic service,Associated with month-to-month contract and fiber optic service.
1035-IPQPU,No,0.6437,64,High,Month-to-month,Fiber optic,Electronic check,63,103.5,Month-to-month contract,Fiber optic service,Associated with month-to-month contract and fiber optic service.
1095-JUDTC,Yes,0.6436,64,High,Month-to-month,Fiber optic,Electronic check,47,95.05,Month-to-month contract,Fiber optic service,Associated with month-to-month contract and fiber optic service.
4797-AXPXK,Yes,0.6434,64,High,Month-to-month,DSL,Electronic check,1,60.0,Month-to-month contract,Short tenure,Associated with month-to-month contract and short tenure.
1194-HVAIF,No,0.6431,64,High,Month-to-month,Fiber optic,Credit card (automatic),27,95.0,Month-to-month contract,Fiber optic service,Associated with month-to-month contract and fiber optic service.
8601-QACRS,Yes,0.6429,64,High,Month-to-month,DSL,Mailed check,5,50.6,Month-to-month contract,Short tenure,Associated with month-to-month contract and short tenure.
7129-CAKJW,No,0.6426,64,High,Month-to-month,Fiber optic,Bank transfer (automatic),17,80.05,Month-to-month contract,Fiber optic service,Associated with month-to-month contract and fiber optic service.
7521-AFHAB,No,0.6423,64,High,Month-to-month,DSL,Mailed check,5,44.8,Month-to-month contract,Short tenure,Associated with month-to-month contract and short tenure.
0376-OIWME,No,0.6423,64,High,Month-to-month,Fiber optic,Electronic check,36,93.6,Month-to-month contract,Fiber optic service,Associated with month-to-month contract and fiber optic service.
0817-HSUSE,No,0.6422,64,High,Month-to-month,DSL,Electronic check,1,75.5,Month-to-month contract,Short tenure,Associated with month-to-month contract and short tenure.
4911-BANWH,Yes,0.6422,64,High,Month-to-month,Fiber optic,Credit card (automatic),31,86.55,Month-to-month contract,Fiber optic service,Associated with month-to-month contract and fiber optic service.
8496-EJAUI,Yes,0.6422,64,High,Month-to-month,Fiber optic,Credit card (automatic),19,73.85,Month-to-month contract,Fiber optic service,Associated with month-to-month contract and fiber optic service.
7599-FKVXZ,Yes,0.6422,64,High,Month-to-month,Fiber optic,Bank transfer (automatic),42,106.15,Month-to-month contract,Fiber optic service,Associated with month-to-month contract and fiber optic service.
9708-HPXWZ,No,0.642,64,High,Month-to-month,DSL,Credit card (automatic),5,45.4,Month-to-month contract,Short tenure,Associated with month-to-month contract and short tenure.
2122-YWVYA,No,0.642,64,High,Month-to-month,Fiber optic,Electronic check,18,75.4,Month-to-month contract,Fiber optic service,Associated with month-to-month contract and fiber optic service.
5028-HTLJB,Yes,0.6419,64,High,Month-to-month,No,Mailed check,1,20.05,Month-to-month contract,Short tenure,Associated with month-to-month contract and short tenure.
0504-HHAPI,Yes,0.6418,64,High,Month-to-month,Fiber optic,Credit card (automatic),27,88.3,Month-to-month contract,Fiber optic service,Associated with month-to-month contract and fiber optic service.
8565-CLBZW,Yes,0.6415,64,High,Month-to-month,Fiber optic,Mailed check,24,89.85,Month-to-month contract,Fiber optic service,Associated with month-to-month contract and fiber optic service.
0374-AACSZ,No,0.6414,64,High,Month-to-month,DSL,Electronic check,1,50.15,Month-to-month contract,Short tenure,Associated with month-to-month contract and short tenure.
3196-NVXLZ,No,0.6412,64,High,Month-to-month,Fiber optic,Mailed check,25,84.6,Month-to-month contract,Fiber optic service,Associated with month-to-month contract and fiber optic service.
7312-XSBAT,No,0.6411,64,High,Month-to-month,DSL,Electronic check,1,49.75,Month-to-month contract,Short tenure,Associated with month-to-month contract and short tenure.
9167-APMXZ,No,0.641,64,High,Month-to-month,Fiber optic,Bank transfer (automatic),22,84.15,Month-to-month contract,Fiber optic service,Associated with month-to-month contract and fiber optic service.
4634-JLRJT,No,0.6403,64,High,Month-to-month,No,Mailed check,1,20.35,Month-to-month contract,Short tenure,Associated with month-to-month contract and short tenure.
3466-RITXD,No,0.6402,64,High,Month-to-month,Fiber optic,Credit card (automatic),26,92.4,Month-to-month contract,Fiber optic service,Associated with month-to-month contract and fiber optic service.
6770-XUAGN,Yes,0.6397,64,High,Month-to-month,No,Electronic check,1,21.0,Month-to-month contract,Short tenure,Associated with month-to-month contract and short tenure.
0319-QZTCO,No,0.6394,64,High,Month-to-month,DSL,Credit card (automatic),3,58.7,Month-to-month contract,Short tenure,Associated with month-to-month contract and short tenure.
8566-YPRGL,No,0.6391,64,High,Month-to-month,No,Mailed check,1,19.5,Month-to-month contract,Short tenure,Associated with month-to-month contract and short tenure.
1622-HSHSF,No,0.6391,64,High,Month-to-month,No,Mailed check,1,19.55,Month-to-month contract,Short tenure,Associated with month-to-month contract and short tenure.
0410-IPFTY,No,0.6389,64,High,Month-to-month,Fiber optic,Bank transfer (automatic),31,83.85,Month-to-month contract,Fiber optic service,Associated with month-to-month contract and fiber optic service.
5099-BAILX,Yes,0.6379,64,High,Month-to-month,Fiber optic,Bank transfer (automatic),43,110.75,Month-to-month contract,Fiber optic service,Associated with month-to-month contract and fiber optic service.
4660-IRIBM,No,0.6377,64,High,Month-to-month,Fiber optic,Mailed check,18,87.9,Month-to-month contract,Fiber optic service,Associated with month-to-month contract and fiber optic service.
2675-OTVVJ,No,0.6375,64,High,Month-to-month,Fiber optic,Electronic check,31,89.45,Month-to-month contract,Fiber optic service,Associated with month-to-month contract and fiber optic service.
6633-MPWBS,Yes,0.6375,64,High,Month-to-month,DSL,Electronic check,5,49.2,Month-to-month contract,Short tenure,Associated with month-to-month contract and short tenure.
2792-LSHWX,No,0.6374,64,High,Month-to-month,Fiber optic,Mailed check,1,83.4,Month-to-month contract,Short tenure,Associated with month-to-month contract and short tenure.
2873-ZLIWT,Yes,0.6372,64,High,Month-to-month,Fiber optic,Electronic check,40,84.85,Month-to-month contract,Fiber optic service,Associated with month-to-month contract and fiber optic service.
5647-FXOTP,No,0.6372,64,High,Month-to-month,Fiber optic,Electronic check,60,105.9,Month-to-month contract,Fiber optic service,Associated with month-to-month contract and fiber optic service.
2960-NKRSO,No,0.6371,64,High,Month-to-month,Fiber optic,Electronic check,24,85.95,Month-to-month contract,Fiber optic service,Associated with month-to-month contract and fiber optic service.
9732-EQMWY,No,0.6371,64,High,Month-to-month,Fiber optic,Electronic check,49,99.4,Month-to-month contract,Fiber optic service,Associated with month-to-month contract and fiber optic service.
3737-XBQDD,No,0.6368,64,High,Month-to-month,Fiber optic,Bank transfer (automatic),24,84.85,Month-to-month contract,Fiber optic service,Associated with month-to-month contract and fiber optic service.
1725-MIMXW,Yes,0.6367,64,High,Month-to-month,No,Mailed check,1,19.45,Month-to-month contract,Short tenure,Associated with month-to-month contract and short tenure.
5906-BFOZT,No,0.6364,64,High,Month-to-month,No,Mailed check,1,19.5,Month-to-month contract,Short tenure,Associated with month-to-month contract and short tenure.
0869-PAPRP,No,0.6361,64,High,Month-to-month,Fiber optic,Credit card (automatic),26,85.7,Month-to-month contract,Fiber optic service,Associated with month-to-month contract and fiber optic service.
9512-UIBFX,Yes,0.636,64,High,Month-to-month,Fiber optic,Mailed check,18,95.15,Month-to-month contract,Fiber optic service,Associated with month-to-month contract and fiber optic service.
5922-ABDVO,Yes,0.636,64,High,Month-to-month,Fiber optic,Mailed check,19,89.65,Month-to-month contract,Fiber optic service,Associated with month-to-month contract and fiber optic service.
4657-FWVFY,No,0.636,64,High,Month-to-month,Fiber optic,Credit card (automatic),40,96.35,Month-to-month contract,Fiber optic service,Associated with month-to-month contract and fiber optic service.
9800-ONTFE,No,0.6356,64,High,Month-to-month,Fiber optic,Bank transfer (automatic),22,75.8,Month-to-month contract,Fiber optic service,Associated with month-to-month contract and fiber optic service.
2974-GGUXS,No,0.6348,63,High,Month-to-month,Fiber optic,Credit card (automatic),36,91.95,Month-to-month contract,Fiber optic service,Associated with month-to-month contract and fiber optic service.
8687-BAFGU,No,0.6344,63,High,Month-to-month,Fiber optic,Electronic check,1,74.0,Month-to-month contract,Short tenure,Associated with month-to-month contract and short tenure.
8155-IBNHG,Yes,0.6344,63,High,Month-to-month,Fiber optic,Credit card (automatic),24,75.4,Month-to-month contract,Fiber optic service,Associated with month-to-month contract and fiber optic service.
7752-XUSCI,Yes,0.6342,63,High,Month-to-month,Fiber optic,Electronic check,60,105.9,Month-to-month contract,Fiber optic service,Associated with month-to-month contract and fiber optic service.
3853-LYGAM,No,0.6342,63,High,Month-to-month,Fiber optic,Bank transfer (automatic),17,95.65,Month-to-month contract,Fiber optic service,Associated with month-to-month contract and fiber optic service.
3211-AAPKX,No,0.6337,63,High,Month-to-month,Fiber optic,Mailed check,20,98.55,Month-to-month contract,Fiber optic service,Associated with month-to-month contract and fiber optic service.
6711-VTNRE,Yes,0.6337,63,High,Month-to-month,Fiber optic,Electronic check,36,87.55,Month-to-month contract,Fiber optic service,Associated with month-to-month contract and fiber optic service.
6227-HWPWX,Yes,0.6335,63,High,Month-to-month,Fiber optic,Bank transfer (automatic),15,69.0,Month-to-month contract,Fiber optic service,Associated with month-to-month contract and fiber optic service.
3806-DXQOM,Yes,0.6329,63,High,Month-to-month,DSL,Electronic check,4,33.65,Month-to-month contract,Short tenure,Associated with month-to-month contract and short tenure.
4398-HSCJH,Yes,0.6329,63,High,Month-to-month,DSL,Electronic check,3,63.6,Month-to-month contract,Short tenure,Associated with month-to-month contract and short tenure.
3768-NLUBH,Yes,0.6327,63,High,Month-to-month,Fiber optic,Electronic check,57,100.6,Month-to-month contract,Fiber optic service,Associated with month-to-month contract and fiber optic service.
4143-HHPMK,Yes,0.6325,63,High,Month-to-month,Fiber optic,Electronic check,52,85.35,Month-to-month contract,Fiber optic service,Associated with month-to-month contract and fiber optic service.
6834-NXDCA,Yes,0.6325,63,High,Month-to-month,DSL,Electronic check,13,23.9,Month-to-month contract,Electronic check payment,Associated with month-to-month contract and electronic check payment.
2309-OSFEU,Yes,0.6324,63,High,Month-to-month,DSL,Mailed check,10,33.9,Month-to-month contract,Short tenure,Associated with month-to-month contract and short tenure.
2921-XWDJH,No,0.6323,63,High,Month-to-month,Fiber optic,Electronic check,38,83.45,Month-to-month contract,Fiber optic service,Associated with month-to-month contract and fiber optic service.
0929-HYQEW,No,0.6322,63,High,Month-to-month,DSL,Mailed check,3,50.15,Month-to-month contract,Short tenure,Associated with month-to-month contract and short tenure.
5626-MGTUK,No,0.6319,63,High,Month-to-month,Fiber optic,Bank transfer (automatic),20,89.1,Month-to-month contract,Fiber optic service,Associated with month-to-month contract and fiber optic service.
5312-UXESG,No,0.6317,63,High,Month-to-month,Fiber optic,Bank transfer (automatic),41,98.05,Month-to-month contract,Fiber optic service,Associated with month-to-month contract and fiber optic service.
4471-KXAUH,Yes,0.6317,63,High,Month-to-month,Fiber optic,Electronic check,42,84.3,Month-to-month contract,Fiber optic service,Associated with month-to-month contract and fiber optic service.
4818-DRBQT,Yes,0.6316,63,High,Month-to-month,Fiber optic,Bank transfer (automatic),29,80.15,Month-to-month contract,Fiber optic service,Associated with month-to-month contract and fiber optic service.
2187-LZGPL,Yes,0.6315,63,High,Month-to-month,DSL,Credit card (automatic),7,40.1,Month-to-month contract,Short tenure,Associated with month-to-month contract and short tenure.
2476-YGEFM,No,0.6312,63,High,Month-to-month,Fiber optic,Credit card (automatic),29,76.0,Month-to-month contract,Fiber optic service,Associated with month-to-month contract and fiber optic service.
9576-SYUHJ,No,0.6308,63,High,Month-to-month,Fiber optic,Electronic check,37,91.15,Month-to-month contract,Fiber optic service,Associated with month-to-month contract and fiber optic service.
1597-FZREH,Yes,0.6303,63,High,Month-to-month,DSL,Electronic check,2,76.4,Month-to-month contract,Short tenure,Associated with month-to-month contract and short tenure.
5950-AAAGJ,No,0.6302,63,High,Month-to-month,Fiber optic,Bank transfer (automatic),18,84.3,Month-to-month contract,Fiber optic service,Associated with month-to-month contract and fiber optic service.
0064-YIJGF,No,0.6301,63,High,Month-to-month,Fiber optic,Bank transfer (automatic),27,75.75,Month-to-month contract,Fiber optic service,Associated with month-to-month contract and fiber optic service.
5302-BDJNT,No,0.63,63,High,Month-to-month,Fiber optic,Electronic check,35,95.5,Month-to-month contract,Fiber optic service,Associated with month-to-month contract and fiber optic service.
0428-IKYCP,No,0.6298,63,High,Month-to-month,Fiber optic,Bank transfer (automatic),22,87.0,Month-to-month contract,Fiber optic service,Associated with month-to-month contract and fiber optic service.
0634-SZPQA,Yes,0.6296,63,High,Month-to-month,Fiber optic,Bank transfer (automatic),23,90.05,Month-to-month contract,Fiber optic service,Associated with month-to-month contract and fiber optic service.
0407-BDJKB,Yes,0.6296,63,High,Month-to-month,Fiber optic,Electronic check,60,95.75,Month-to-month contract,Fiber optic service,Associated with month-to-month contract and fiber optic service.
5175-WLYXL,No,0.6295,63,High,Month-to-month,Fiber optic,Mailed check,22,78.85,Month-to-month contract,Fiber optic service,Associated with month-to-month contract and fiber optic service.
9495-SKLKD,No,0.6295,63,High,Month-to-month,Fiber optic,Bank transfer (automatic),45,95.95,Month-to-month contract,Fiber optic service,Associated with month-to-month contract and fiber optic service.
7927-AUXBZ,Yes,0.6295,63,High,Month-to-month,Fiber optic,Electronic check,30,85.15,Month-to-month contract,Fiber optic service,Associated with month-to-month contract and fiber optic service.
0742-MOABM,Yes,0.6294,63,High,Month-to-month,DSL,Mailed check,4,50.05,Month-to-month contract,Short tenure,Associated with month-to-month contract and short tenure.
5301-GAUUY,Yes,0.6294,63,High,Month-to-month,Fiber optic,Bank transfer (automatic),32,80.35,Month-to-month contract,Fiber optic service,Associated with month-to-month contract and fiber optic service.
6987-XQSJT,Yes,0.6294,63,High,Month-to-month,Fiber optic,Electronic check,54,79.5,Month-to-month contract,Fiber optic service,Associated with month-to-month contract and fiber optic service.
3161-GETRM,No,0.6294,63,High,Month-to-month,Fiber optic,Credit card (automatic),34,90.05,Month-to-month contract,Fiber optic service,Associated with month-to-month contract and fiber optic service.
3023-GFLBR,Yes,0.6289,63,High,Month-to-month,Fiber optic,Credit card (automatic),33,86.15,Month-to-month contract,Fiber optic service,Associated with month-to-month contract and fiber optic service.
0701-RFGFI,No,0.6287,63,High,Month-to-month,Fiber optic,Bank transfer (automatic),49,95.4,Month-to-month contract,Fiber optic service,Associated with month-to-month contract and fiber optic service.
2203-GHNWN,No,0.6286,63,High,Month-to-month,Fiber optic,Mailed check,24,79.65,Month-to-month contract,Fiber optic service,Associated with month-to-month contract and fiber optic service.
3943-KDREE,Yes,0.6286,63,High,Month-to-month,Fiber optic,Bank transfer (automatic),26,74.95,Month-to-month contract,Fiber optic service,Associated with month-to-month contract and fiber optic service.
8262-COGGB,No,0.6284,63,High,Month-to-month,No,Mailed check,1,20.45,Month-to-month contract,Short tenure,Associated with month-to-month contract and short tenure.
5996-DAOQL,No,0.6284,63,High,Month-to-month,No,Mailed check,1,20.45,Month-to-month contract,Short tenure,Associated with month-to-month contract and short tenure.
7627-JKIAZ,Yes,0.6283,63,High,Month-to-month,Fiber optic,Credit card (automatic),37,78.95,Month-to-month contract,Fiber optic service,Associated with month-to-month contract and fiber optic service.
8648-PFRMP,No,0.628,63,High,Month-to-month,DSL,Electronic check,14,46.35,Month-to-month contract,Electronic check payment,Associated with month-to-month contract and electronic check payment.
6257-RJOHI,No,0.6279,63,High,Month-to-month,DSL,Mailed check,4,50.8,Month-to-month contract,Short tenure,Associated with month-to-month contract and short tenure.
7964-VEXDG,No,0.6278,63,High,Month-to-month,Fiber optic,Electronic check,21,80.35,Month-to-month contract,Fiber optic service,Associated with month-to-month contract and fiber optic service.
2133-TSRRM,No,0.6278,63,High,Month-to-month,Fiber optic,Bank transfer (automatic),34,105.35,Month-to-month contract,Fiber optic service,Associated with month-to-month contract and fiber optic service.
0666-UXTJO,No,0.6278,63,High,Month-to-month,Fiber optic,Credit card (automatic),34,85.2,Month-to-month contract,Fiber optic service,Associated with month-to-month contract and fiber optic service.
2347-WKKAE,No,0.6277,63,High,Month-to-month,Fiber optic,Electronic check,42,94.4,Month-to-month contract,Fiber optic service,Associated with month-to-month contract and fiber optic service.
1173-NOEYG,No,0.6272,63,High,Month-to-month,Fiber optic,Bank transfer (automatic),27,90.15,Month-to-month contract,Fiber optic service,Associated with month-to-month contract and fiber optic service.
6896-SRVYQ,No,0.627,63,High,Month-to-month,Fiber optic,Electronic check,44,73.85,Month-to-month contract,Fiber optic service,Associated with month-to-month contract and fiber optic service.
2495-KZNFB,No,0.627,63,High,Month-to-month,Fiber optic,Electronic check,33,90.65,Month-to-month contract,Fiber optic service,Associated with month-to-month contract and fiber optic service.
0089-IIQKO,No,0.6269,63,High,Month-to-month,Fiber optic,Credit card (automatic),39,99.95,Month-to-month contract,Fiber optic service,Associated with month-to-month contract and fiber optic service.
7814-LEEVE,No,0.6268,63,High,Month-to-month,No,Bank transfer (automatic),1,20.3,Month-to-month contract,Short tenure,Associated with month-to-month contract and short tenure.
4257-GAESD,No,0.6266,63,High,Month-to-month,DSL,Credit card (automatic),6,45.0,Month-to-month contract,Short tenure,Associated with month-to-month contract and short tenure.
1066-JKSGK,Yes,0.6264,63,High,Month-to-month,No,Mailed check,1,20.15,Month-to-month contract,Short tenure,Associated with month-to-month contract and short tenure.
1934-SJVJK,Yes,0.6264,63,High,Month-to-month,No,Mailed check,1,20.15,Month-to-month contract,Short tenure,Associated with month-to-month contract and short tenure.
3148-BLQJT,Yes,0.6264,63,High,Month-to-month,No,Mailed check,1,20.1,Month-to-month contract,Short tenure,Associated with month-to-month contract and short tenure.
5295-PCJOO,Yes,0.6264,63,High,Month-to-month,DSL,Electronic check,4,49.4,Month-to-month contract,Short tenure,Associated with month-to-month contract and short tenure.
2480-JZOSN,No,0.6257,63,High,Month-to-month,No,Mailed check,1,20.65,Month-to-month contract,Short tenure,Associated with month-to-month contract and short tenure.
8885-QSQBX,No,0.6257,63,High,Month-to-month,DSL,Bank transfer (automatic),1,49.55,Month-to-month contract,Short tenure,Associated with month-to-month contract and short tenure.
0365-GXEZS,No,0.6257,63,High,Month-to-month,Fiber optic,Electronic check,18,78.2,Month-to-month contract,Fiber optic service,Associated with month-to-month contract and fiber optic service.
2947-DOMLJ,Yes,0.6256,63,High,Month-to-month,DSL,Mailed check,1,50.6,Month-to-month contract,Short tenure,Associated with month-to-month contract and short tenure.
6380-ARCEH,No,0.6255,63,High,Month-to-month,No,Mailed check,1,20.2,Month-to-month contract,Short tenure,Associated with month-to-month contract and short tenure.
1845-CSBRZ,No,0.6255,63,High,Month-to-month,Fiber optic,Bank transfer (automatic),22,85.35,Month-to-month contract,Fiber optic service,Associated with month-to-month contract and fiber optic service.
3247-MHJKM,No,0.6255,63,High,Month-to-month,No,Mailed check,1,20.2,Month-to-month contract,Short tenure,Associated with month-to-month contract and short tenure.
8048-DSDFQ,No,0.6255,63,High,Month-to-month,No,Mailed check,1,20.2,Month-to-month contract,Short tenure,Associated with month-to-month contract and short tenure.
4786-UKSNZ,Yes,0.6255,63,High,Month-to-month,No,Mailed check,1,20.2,Month-to-month contract,Short tenure,Associated with month-to-month contract and short tenure.
4840-ORQXB,No,0.6254,63,High,Month-to-month,Fiber optic,Electronic check,56,104.75,Month-to-month contract,Fiber optic service,Associated with month-to-month contract and fiber optic service.
1842-EZJMK,Yes,0.6254,63,High,Month-to-month,Fiber optic,Electronic check,50,103.7,Month-to-month contract,Fiber optic service,Associated with month-to-month contract and fiber optic service.
9412-GHEEC,Yes,0.6251,63,High,Month-to-month,Fiber optic,Bank transfer (automatic),40,104.8,Month-to-month contract,Fiber optic service,Associated with month-to-month contract and fiber optic service.
0730-KOAVE,No,0.625,62,High,Month-to-month,Fiber optic,Credit card (automatic),30,94.3,Month-to-month contract,Fiber optic service,Associated with month-to-month contract and fiber optic service.
5419-KLXBN,Yes,0.6249,62,High,Month-to-month,Fiber optic,Bank transfer (automatic),25,89.15,Month-to-month contract,Fiber optic service,Associated with month-to-month contract and fiber optic service.
3452-ABWRL,No,0.6248,62,High,Month-to-month,Fiber optic,Credit card (automatic),47,86.05,Month-to-month contract,Fiber optic service,Associated with month-to-month contract and fiber optic service.
4248-HCETZ,Yes,0.6248,62,High,Month-to-month,Fiber optic,Mailed check,30,79.65,Month-to-month contract,Fiber optic service,Associated with month-to-month contract and fiber optic service.
4829-AUOAX,Yes,0.6245,62,High,Month-to-month,Fiber optic,Bank transfer (automatic),46,96.05,Month-to-month contract,Fiber optic service,Associated with month-to-month contract and fiber optic service.
6741-EGCBI,No,0.6245,62,High,Month-to-month,Fiber optic,Credit card (automatic),30,90.5,Month-to-month contract,Fiber optic service,Associated with month-to-month contract and fiber optic service.
9170-CCKOU,Yes,0.6244,62,High,Month-to-month,Fiber optic,Credit card (automatic),17,90.2,Month-to-month contract,Fiber optic service,Associated with month-to-month contract and fiber optic service.
1453-RZFON,No,0.6242,62,High,Month-to-month,DSL,Mailed check,1,49.9,Month-to-month contract,Short tenure,Associated with month-to-month contract and short tenure.
8761-NSOBC,Yes,0.6238,62,High,Month-to-month,Fiber optic,Electronic check,44,100.55,Month-to-month contract,Fiber optic service,Associated with month-to-month contract and fiber optic service.
7481-ATQQS,Yes,0.6237,62,High,Month-to-month,Fiber optic,Credit card (automatic),49,90.85,Month-to-month contract,Fiber optic service,Associated with month-to-month contract and fiber optic service.
8974-OVACP,No,0.6235,62,High,Month-to-month,No,Mailed check,1,20.15,Month-to-month contract,Short tenure,Associated with month-to-month contract and short tenure.
4526-ZJJTM,No,0.6232,62,High,Month-to-month,Fiber optic,Bank transfer (automatic),25,88.4,Month-to-month contract,Fiber optic service,Associated with month-to-month contract and fiber optic service.
4824-GUCBY,No,0.6229,62,High,Month-to-month,Fiber optic,Electronic check,22,81.7,Month-to-month contract,Fiber optic service,Associated with month-to-month contract and fiber optic service.
6543-CPZMK,Yes,0.6228,62,High,Month-to-month,DSL,Electronic check,9,29.95,Month-to-month contract,Short tenure,Associated with month-to-month contract and short tenure.
1396-QWFBJ,Yes,0.6228,62,High,Month-to-month,Fiber optic,Bank transfer (automatic),21,74.05,Month-to-month contract,Fiber optic service,Associated with month-to-month contract and fiber optic service.
7511-YMXVQ,Yes,0.6227,62,High,Month-to-month,DSL,Electronic check,9,45.4,Month-to-month contract,Short tenure,Associated with month-to-month contract and short tenure.
7298-IZWLY,No,0.6227,62,High,Month-to-month,No,Mailed check,1,19.4,Month-to-month contract,Short tenure,Associated with month-to-month contract and short tenure.
9793-WECQC,No,0.6225,62,High,Month-to-month,Fiber optic,Mailed check,23,95.3,Month-to-month contract,Fiber optic service,Associated with month-to-month contract and fiber optic service.
5522-NYKPB,No,0.6225,62,High,Month-to-month,Fiber optic,Electronic check,25,85.9,Month-to-month contract,Fiber optic service,Associated with month-to-month contract and fiber optic service.
6377-WHAOX,No,0.6223,62,High,Month-to-month,Fiber optic,Electronic check,60,106.15,Month-to-month contract,Fiber optic service,Associated with month-to-month contract and fiber optic service.
4523-WXCEF,Yes,0.6223,62,High,Month-to-month,Fiber optic,Electronic check,59,101.1,Month-to-month contract,Fiber optic service,Associated with month-to-month contract and fiber optic service.
7504-UWHNB,No,0.6219,62,High,Month-to-month,Fiber optic,Electronic check,25,69.75,Month-to-month contract,Fiber optic service,Associated with month-to-month contract and fiber optic service.
3346-BRMIS,Yes,0.6218,62,High,Month-to-month,DSL,Electronic check,18,48.35,Month-to-month contract,Electronic check payment,Associated with month-to-month contract and electronic check payment.
6635-CPNUN,No,0.6216,62,High,Month-to-month,Fiber optic,Credit card (automatic),28,96.6,Month-to-month contract,Fiber optic service,Associated with month-to-month contract and fiber optic service.
2468-SJFLM,No,0.6213,62,High,Month-to-month,Fiber optic,Mailed check,1,74.3,Month-to-month contract,Short tenure,Associated with month-to-month contract and short tenure.
5385-SUIRI,Yes,0.6213,62,High,Month-to-month,Fiber optic,Electronic check,52,104.2,Month-to-month contract,Fiber optic service,Associated with month-to-month contract and fiber optic service.
6591-QGOYB,No,0.6212,62,High,Month-to-month,Fiber optic,Bank transfer (automatic),17,106.65,Month-to-month contract,Fiber optic service,Associated with month-to-month contract and fiber optic service.
7240-ETPTR,Yes,0.6212,62,High,Month-to-month,DSL,Electronic check,9,48.75,Month-to-month contract,Short tenure,Associated with month-to-month contract and short tenure.
9921-QFQUL,No,0.6212,62,High,Month-to-month,Fiber optic,Mailed check,23,90.15,Month-to-month contract,Fiber optic service,Associated with month-to-month contract and fiber optic service.
7401-RUBNK,No,0.6211,62,High,Month-to-month,Fiber optic,Electronic check,18,74.8,Month-to-month contract,Fiber optic service,Associated with month-to-month contract and fiber optic service.
2208-UGTGR,No,0.621,62,High,Month-to-month,Fiber optic,Electronic check,56,98.6,Month-to-month contract,Fiber optic service,Associated with month-to-month contract and fiber optic service.
6075-SLNIL,No,0.621,62,High,Month-to-month,Fiber optic,Credit card (automatic),38,95.1,Month-to-month contract,Fiber optic service,Associated with month-to-month contract and fiber optic service.
7055-HNEOJ,No,0.6209,62,High,Month-to-month,DSL,Mailed check,3,55.8,Month-to-month contract,Short tenure,Associated with month-to-month contract and short tenure.
4329-YPDDQ,No,0.6209,62,High,Month-to-month,Fiber optic,Bank transfer (automatic),20,108.2,Month-to-month contract,Fiber optic service,Associated with month-to-month contract and fiber optic service.
5016-ETTFF,Yes,0.6208,62,High,Month-to-month,DSL,Mailed check,10,29.5,Month-to-month contract,Short tenure,Associated with month-to-month contract and short tenure.
2573-GYRUU,No,0.6201,62,High,Month-to-month,Fiber optic,Credit card (automatic),48,91.05,Month-to-month contract,Fiber optic service,Associated with month-to-month contract and fiber optic service.
2181-UAESM,No,0.62,62,High,Month-to-month,DSL,Electronic check,2,53.45,Month-to-month contract,Short tenure,Associated with month-to-month contract and short tenure.
7853-OETYL,No,0.6199,62,High,Month-to-month,DSL,Electronic check,4,29.05,Month-to-month contract,Short tenure,Associated with month-to-month contract and short tenure.
4183-WCSEP,Yes,0.6198,62,High,Month-to-month,Fiber optic,Electronic check,31,78.45,Month-to-month contract,Fiber optic service,Associated with month-to-month contract and fiber optic service.
0596-BQCEQ,Yes,0.6197,62,High,Month-to-month,Fiber optic,Electronic check,62,100.15,Month-to-month contract,Fiber optic service,Associated with month-to-month contract and fiber optic service.
7982-VCELR,No,0.6196,62,High,Month-to-month,Fiber optic,Credit card (automatic),36,94.8,Month-to-month contract,Fiber optic service,Associated with month-to-month contract and fiber optic service.
1323-OOEPC,Yes,0.6196,62,High,Month-to-month,Fiber optic,Credit card (automatic),53,98.4,Month-to-month contract,Fiber optic service,Associated with month-to-month contract and fiber optic service.
9629-NHXFW,No,0.6196,62,High,Month-to-month,No,Mailed check,1,19.4,Month-to-month contract,Short tenure,Associated with month-to-month contract and short tenure.
1335-NTIUC,No,0.6194,62,High,Month-to-month,DSL,Electronic check,9,24.95,Month-to-month contract,Short tenure,Associated with month-to-month contract and short tenure.
0118-JPNOY,No,0.619,62,High,Month-to-month,Fiber optic,Credit card (automatic),26,85.8,Month-to-month contract,Fiber optic service,Associated with month-to-month contract and fiber optic service.
1307-TVUFB,No,0.6187,62,High,Month-to-month,Fiber optic,Bank transfer (automatic),42,79.35,Month-to-month contract,Fiber optic service,Associated with month-to-month contract and fiber optic service.
9948-YPTDG,Yes,0.6187,62,High,Month-to-month,Fiber optic,Electronic check,38,79.45,Month-to-month contract,Fiber optic service,Associated with month-to-month contract and fiber optic service.
7112-OPOTK,Yes,0.6187,62,High,Month-to-month,Fiber optic,Electronic check,33,68.25,Month-to-month contract,Fiber optic service,Associated with month-to-month contract and fiber optic service.
5515-AKOAJ,Yes,0.6187,62,High,Month-to-month,Fiber optic,Electronic check,54,100.1,Month-to-month contract,Fiber optic service,Associated with month-to-month contract and fiber optic service.
7246-ZGQDF,No,0.6186,62,High,Month-to-month,DSL,Electronic check,1,54.5,Month-to-month contract,Short tenure,Associated with month-to-month contract and short tenure.
7291-CDTMJ,No,0.6181,62,High,Month-to-month,No,Bank transfer (automatic),1,19.65,Month-to-month contract,Short tenure,Associated with month-to-month contract and short tenure.
9584-EXCDZ,No,0.618,62,High,Month-to-month,Fiber optic,Bank transfer (automatic),17,70.5,Month-to-month contract,Fiber optic service,Associated with month-to-month contract and fiber optic service.
6402-EJMWF,No,0.617,62,High,Month-to-month,DSL,Mailed check,4,55.3,Month-to-month contract,Short tenure,Associated with month-to-month contract and short tenure.
2823-LKABH,No,0.6166,62,High,Month-to-month,Fiber optic,Bank transfer (automatic),18,95.05,Month-to-month contract,Fiber optic service,Associated with month-to-month contract and fiber optic service.
9470-XCCEM,No,0.6164,62,High,Month-to-month,Fiber optic,Bank transfer (automatic),35,89.65,Month-to-month contract,Fiber optic service,Associated with month-to-month contract and fiber optic service.
7587-AOVVU,No,0.6164,62,High,Month-to-month,Fiber optic,Electronic check,27,100.75,Month-to-month contract,Fiber optic service,Associated with month-to-month contract and fiber optic service.
6439-GTPCA,Yes,0.6161,62,High,Month-to-month,Fiber optic,Electronic check,45,87.25,Month-to-month contract,Fiber optic service,Associated with month-to-month contract and fiber optic service.
5515-IDEJJ,Yes,0.6161,62,High,Month-to-month,No,Mailed check,1,19.9,Month-to-month contract,Short tenure,Associated with month-to-month contract and short tenure.
2856-NNASM,Yes,0.6161,62,High,Month-to-month,Fiber optic,Mailed check,43,89.55,Month-to-month contract,Fiber optic service,Associated with month-to-month contract and fiber optic service.
8695-WDYEA,No,0.6158,62,High,Month-to-month,DSL,Mailed check,1,51.25,Month-to-month contract,Short tenure,Associated with month-to-month contract and short tenure.
2812-SFXMJ,No,0.6158,62,High,Month-to-month,No,Mailed check,1,20.05,Month-to-month contract,Short tenure,Associated with month-to-month contract and short tenure.
5213-TWWJU,No,0.6158,62,High,Month-to-month,Fiber optic,Electronic check,28,91.0,Month-to-month contract,Fiber optic service,Associated with month-to-month contract and fiber optic service.
4592-IWTJI,Yes,0.6158,62,High,Month-to-month,DSL,Credit card (automatic),3,29.7,Month-to-month contract,Short tenure,Associated with month-to-month contract and short tenure.
0829-XXPLX,No,0.6157,62,High,Month-to-month,Fiber optic,Bank transfer (automatic),20,89.4,Month-to-month contract,Fiber optic service,Associated with month-to-month contract and fiber optic service.
2074-GUHPQ,No,0.6155,62,High,Month-to-month,Fiber optic,Credit card (automatic),17,92.7,Month-to-month contract,Fiber optic service,Associated with month-to-month contract and fiber optic service.
0749-IRGQE,No,0.6152,62,High,Month-to-month,DSL,Electronic check,13,45.3,Month-to-month contract,Electronic check payment,Associated with month-to-month contract and electronic check payment.
2227-JRSJX,No,0.6151,62,High,Month-to-month,Fiber optic,Bank transfer (automatic),21,99.15,Month-to-month contract,Fiber optic service,Associated with month-to-month contract and fiber optic service.
9822-WMWVG,No,0.6151,62,High,Month-to-month,Fiber optic,Electronic check,41,106.5,Month-to-month contract,Fiber optic service,Associated with month-to-month contract and fiber optic service.
7248-VZQLC,Yes,0.615,62,High,Month-to-month,Fiber optic,Bank transfer (automatic),47,85.2,Month-to-month contract,Fiber optic service,Associated with month-to-month contract and fiber optic service.
6286-SUUWT,No,0.615,62,High,Month-to-month,No,Mailed check,1,19.95,Month-to-month contract,Short tenure,Associated with month-to-month contract and short tenure.
9776-CLUJA,Yes,0.615,62,High,Month-to-month,Fiber optic,Electronic check,51,77.5,Month-to-month contract,Fiber optic service,Associated with month-to-month contract and fiber optic service.
4821-SJHJV,No,0.6149,61,High,Month-to-month,Fiber optic,Electronic check,32,89.6,Month-to-month contract,Fiber optic service,Associated with month-to-month contract and fiber optic service.
3030-ZKIWL,No,0.6148,61,High,Month-to-month,No,Mailed check,1,20.05,Month-to-month contract,Short tenure,Associated with month-to-month contract and short tenure.
7096-UCLNH,No,0.6148,61,High,Month-to-month,No,Mailed check,1,20.05,Month-to-month contract,Short tenure,Associated with month-to-month contract and short tenure.
8749-CLJXC,No,0.6148,61,High,Month-to-month,No,Mailed check,1,20.05,Month-to-month contract,Short tenure,Associated with month-to-month contract and short tenure.
1587-FKLZB,Yes,0.6147,61,High,Month-to-month,Fiber optic,Credit card (automatic),66,99.5,Month-to-month contract,Fiber optic service,Associated with month-to-month contract and fiber optic service.
4667-OHGKG,Yes,0.6147,61,High,Month-to-month,No,Mailed check,1,19.3,Month-to-month contract,Short tenure,Associated with month-to-month contract and short tenure.
3838-OZURD,Yes,0.6146,61,High,Month-to-month,Fiber optic,Credit card (automatic),66,105.0,Month-to-month contract,Fiber optic service,Associated with month-to-month contract and fiber optic service.
9537-VHDTA,No,0.6142,61,High,Month-to-month,DSL,Mailed check,1,51.2,Month-to-month contract,Short tenure,Associated with month-to-month contract and short tenure.
8212-CRQXP,No,0.6142,61,High,Month-to-month,Fiber optic,Credit card (automatic),22,80.0,Month-to-month contract,Fiber optic service,Associated with month-to-month contract and fiber optic service.
4361-BKAXE,Yes,0.6138,61,High,Month-to-month,Fiber optic,Bank transfer (automatic),41,114.5,Month-to-month contract,Fiber optic service,Associated with month-to-month contract and fiber optic service.
4760-THGOT,No,0.6138,61,High,Month-to-month,Fiber optic,Electronic check,43,94.1,Month-to-month contract,Fiber optic service,Associated with month-to-month contract and fiber optic service.
9962-BFPDU,No,0.6138,61,High,Month-to-month,No,Mailed check,1,20.05,Month-to-month contract,Short tenure,Associated with month-to-month contract and short tenure.
7547-EKNFS,Yes,0.6137,61,High,Month-to-month,Fiber optic,Bank transfer (automatic),42,95.25,Month-to-month contract,Fiber optic service,Associated with month-to-month contract and fiber optic service.
1724-IQWNM,No,0.6132,61,High,Month-to-month,No,Mailed check,1,19.3,Month-to-month contract,Short tenure,Associated with month-to-month contract and short tenure.
2452-KDRRH,No,0.6127,61,High,Month-to-month,Fiber optic,Credit card (automatic),67,101.4,Month-to-month contract,Fiber optic service,Associated with month-to-month contract and fiber optic service.
7698-YFGEZ,No,0.6124,61,High,Month-to-month,No,Mailed check,1,20.0,Month-to-month contract,Short tenure,Associated with month-to-month contract and short tenure.
4877-EVATK,Yes,0.6124,61,High,Month-to-month,No,Mailed check,1,20.0,Month-to-month contract,Short tenure,Associated with month-to-month contract and short tenure.
5485-WUYWF,Yes,0.6114,61,High,Month-to-month,DSL,Bank transfer (automatic),2,66.4,Month-to-month contract,Short tenure,Associated with month-to-month contract and short tenure.
6994-KERXL,No,0.6112,61,High,Month-to-month,DSL,Electronic check,4,55.9,Month-to-month contract,Short tenure,Associated with month-to-month contract and short tenure.
9158-VCTQB,Yes,0.6106,61,High,Month-to-month,Fiber optic,Bank transfer (automatic),41,113.6,Month-to-month contract,Fiber optic service,Associated with month-to-month contract and fiber optic service.
3014-WJKSM,No,0.6105,61,High,Month-to-month,Fiber optic,Credit card (automatic),29,75.3,Month-to-month contract,Fiber optic service,Associated with month-to-month contract and fiber optic service.
8008-HAWED,Yes,0.6105,61,High,Month-to-month,DSL,Electronic check,14,50.75,Month-to-month contract,Electronic check payment,Associated with month-to-month contract and electronic check payment.
0979-PHULV,Yes,0.6102,61,High,Month-to-month,Fiber optic,Credit card (automatic),69,99.45,Month-to-month contract,Fiber optic service,Associated with month-to-month contract and fiber optic service.
3900-AQPHZ,Yes,0.6101,61,High,Month-to-month,No,Mailed check,1,19.9,Month-to-month contract,Short tenure,Associated with month-to-month contract and short tenure.
6654-QGBZZ,No,0.6101,61,High,Month-to-month,No,Mailed check,1,19.9,Month-to-month contract,Short tenure,Associated with month-to-month contract and short tenure.
7878-RTCZG,No,0.6101,61,High,Month-to-month,No,Mailed check,1,19.9,Month-to-month contract,Short tenure,Associated with month-to-month contract and short tenure.
6599-CEBNN,Yes,0.6099,61,High,Month-to-month,Fiber optic,Credit card (automatic),34,73.95,Month-to-month contract,Fiber optic service,Associated with month-to-month contract and fiber optic service.
0643-OKLRP,Yes,0.6098,61,High,Month-to-month,Fiber optic,Electronic check,47,80.35,Month-to-month contract,Fiber optic service,Associated with month-to-month contract and fiber optic service.
9626-VFRGG,No,0.6096,61,High,Month-to-month,Fiber optic,Bank transfer (automatic),41,88.5,Month-to-month contract,Fiber optic service,Associated with month-to-month contract and fiber optic service.
7421-ZLUPA,No,0.6093,61,High,Month-to-month,DSL,Mailed check,8,29.25,Month-to-month contract,Short tenure,Associated with month-to-month contract and short tenure.
4892-VLANZ,Yes,0.609,61,High,Month-to-month,No,Mailed check,1,19.8,Month-to-month contract,Short tenure,Associated with month-to-month contract and short tenure.
7310-EGVHZ,No,0.6089,61,High,Month-to-month,No,Bank transfer (automatic),1,20.2,Month-to-month contract,Short tenure,Associated with month-to-month contract and short tenure.
5934-TSSAU,No,0.6085,61,High,Month-to-month,Fiber optic,Credit card (automatic),23,75.3,Month-to-month contract,Fiber optic service,Associated with month-to-month contract and fiber optic service.
9819-FBNSV,No,0.6084,61,High,Month-to-month,Fiber optic,Bank transfer (automatic),37,72.25,Month-to-month contract,Fiber optic service,Associated with month-to-month contract and fiber optic service.
1685-BQULA,No,0.6084,61,High,Month-to-month,Fiber optic,Bank transfer (automatic),40,93.4,Month-to-month contract,Fiber optic service,Associated with month-to-month contract and fiber optic service.
0468-YRPXN,No,0.608,61,High,Month-to-month,Fiber optic,Credit card (automatic),29,98.8,Month-to-month contract,Fiber optic service,Associated with month-to-month contract and fiber optic service.
5816-QVHRX,No,0.608,61,High,Month-to-month,Fiber optic,Credit card (automatic),37,100.3,Month-to-month contract,Fiber optic service,Associated with month-to-month contract and fiber optic service.
4291-HPAXL,No,0.6079,61,High,Month-to-month,No,Mailed check,1,19.85,Month-to-month contract,Short tenure,Associated with month-to-month contract and short tenure.
3932-IJWDZ,No,0.6076,61,High,Month-to-month,Fiber optic,Bank transfer (automatic),45,103.65,Month-to-month contract,Fiber optic service,Associated with month-to-month contract and fiber optic service.
3656-TKRVZ,Yes,0.6074,61,High,Month-to-month,DSL,Electronic check,3,55.35,Month-to-month contract,Short tenure,Associated with month-to-month contract and short tenure.
7658-UYUQS,No,0.6073,61,High,Month-to-month,Fiber optic,Bank transfer (automatic),21,86.55,Month-to-month contract,Fiber optic service,Associated with month-to-month contract and fiber optic service.
0257-ZESQC,Yes,0.6068,61,High,Month-to-month,Fiber optic,Bank transfer (automatic),27,75.2,Month-to-month contract,Fiber optic service,Associated with month-to-month contract and fiber optic service.
1550-LOAHA,Yes,0.6067,61,High,Month-to-month,Fiber optic,Bank transfer (automatic),32,84.15,Month-to-month contract,Fiber optic service,Associated with month-to-month contract and fiber optic service.
8203-XJZRC,No,0.6066,61,High,Month-to-month,No,Mailed check,1,20.25,Month-to-month contract,Short tenure,Associated with month-to-month contract and short tenure.
3866-MDTUB,Yes,0.6066,61,High,Month-to-month,DSL,Electronic check,2,70.75,Month-to-month contract,Short tenure,Associated with month-to-month contract and short tenure.
2674-MLXMN,No,0.6066,61,High,Month-to-month,Fiber optic,Credit card (automatic),71,99.65,Month-to-month contract,Fiber optic service,Associated with month-to-month contract and fiber optic service.
4211-MMAZN,Yes,0.6066,61,High,Month-to-month,No,Mailed check,1,20.25,Month-to-month contract,Short tenure,Associated with month-to-month contract and short tenure.
5394-SVGJV,Yes,0.6064,61,High,Month-to-month,Fiber optic,Bank transfer (automatic),37,98.8,Month-to-month contract,Fiber optic service,Associated with month-to-month contract and fiber optic service.
6538-POCHL,No,0.6063,61,High,Month-to-month,Fiber optic,Credit card (automatic),33,79.0,Month-to-month contract,Fiber optic service,Associated with month-to-month contract and fiber optic service.
8751-EDEKA,No,0.6061,61,High,Month-to-month,Fiber optic,Credit card (automatic),28,89.9,Month-to-month contract,Fiber optic service,Associated with month-to-month contract and fiber optic service.
2003-CKLOR,Yes,0.6059,61,High,Month-to-month,Fiber optic,Electronic check,66,99.5,Month-to-month contract,Fiber optic service,Associated with month-to-month contract and fiber optic service.
3956-CJUST,No,0.6056,61,High,Month-to-month,Fiber optic,Bank transfer (automatic),23,75.4,Month-to-month contract,Fiber optic service,Associated with month-to-month contract and fiber optic service.
5143-WMWOG,Yes,0.6051,61,High,Month-to-month,No,Electronic check,1,19.95,Month-to-month contract,Short tenure,Associated with month-to-month contract and short tenure.
0461-CVKMU,Yes,0.605,60,High,Month-to-month,Fiber optic,Electronic check,23,83.8,Month-to-month contract,Fiber optic service,Associated with month-to-month contract and fiber optic service.
3807-XHCJH,No,0.6043,60,High,Month-to-month,No,Electronic check,1,20.0,Month-to-month contract,Short tenure,Associated with month-to-month contract and short tenure.
1135-LMECX,No,0.6038,60,High,Month-to-month,No,Mailed check,1,19.85,Month-to-month contract,Short tenure,Associated with month-to-month contract and short tenure.
9921-EZKBY,No,0.6032,60,High,Month-to-month,Fiber optic,Bank transfer (automatic),33,95.3,Month-to-month contract,Fiber optic service,Associated with month-to-month contract and fiber optic service.
3192-LNKRK,No,0.6031,60,High,Month-to-month,Fiber optic,Mailed check,34,84.05,Month-to-month contract,Fiber optic service,Associated with month-to-month contract and fiber optic service.
2359-KLTEK,No,0.6031,60,High,Month-to-month,Fiber optic,Bank transfer (automatic),41,94.9,Month-to-month contract,Fiber optic service,Associated with month-to-month contract and fiber optic service.
5977-CKHON,No,0.603,60,High,Month-to-month,Fiber optic,Bank transfer (automatic),43,92.55,Month-to-month contract,Fiber optic service,Associated with month-to-month contract and fiber optic service.
2869-ADAWR,Yes,0.603,60,High,Month-to-month,Fiber optic,Credit card (automatic),45,89.3,Month-to-month contract,Fiber optic service,Associated with month-to-month contract and fiber optic service.
3803-KMQFW,Yes,0.6029,60,High,Month-to-month,No,Mailed check,1,20.55,Month-to-month contract,Short tenure,Associated with month-to-month contract and short tenure.
5331-RGMTT,No,0.6028,60,High,Month-to-month,Fiber optic,Credit card (automatic),54,99.05,Month-to-month contract,Fiber optic service,Associated with month-to-month contract and fiber optic service.
5543-QDCRY,No,0.6025,60,High,Month-to-month,DSL,Electronic check,4,56.4,Month-to-month contract,Short tenure,Associated with month-to-month contract and short tenure.
3194-ORPIK,Yes,0.6025,60,High,Month-to-month,Fiber optic,Bank transfer (automatic),50,84.4,Month-to-month contract,Fiber optic service,Associated with month-to-month contract and fiber optic service.
0599-XNYDO,No,0.6025,60,High,Month-to-month,Fiber optic,Bank transfer (automatic),20,69.8,Month-to-month contract,Fiber optic service,Associated with month-to-month contract and fiber optic service.
9777-WJJPR,No,0.6023,60,High,Month-to-month,Fiber optic,Credit card (automatic),31,88.65,Month-to-month contract,Fiber optic service,Associated with month-to-month contract and fiber optic service.
5274-XHAKY,No,0.6023,60,High,Month-to-month,Fiber optic,Bank transfer (automatic),41,94.3,Month-to-month contract,Fiber optic service,Associated with month-to-month contract and fiber optic service.
3144-AUDBS,Yes,0.6022,60,High,Month-to-month,DSL,Electronic check,6,49.15,Month-to-month contract,Short tenure,Associated with month-to-month contract and short tenure.
6629-LADHQ,No,0.602,60,High,Month-to-month,DSL,Mailed check,2,50.95,Month-to-month contract,Short tenure,Associated with month-to-month contract and short tenure.
5356-CSVSQ,No,0.6019,60,High,Month-to-month,DSL,Electronic check,3,64.6,Month-to-month contract,Short tenure,Associated with month-to-month contract and short tenure.
9029-FEGVJ,No,0.6016,60,High,Month-to-month,Fiber optic,Mailed check,32,79.3,Month-to-month contract,Fiber optic service,Associated with month-to-month contract and fiber optic service.
8178-EYZUO,Yes,0.6015,60,High,Month-to-month,Fiber optic,Electronic check,46,93.7,Month-to-month contract,Fiber optic service,Associated with month-to-month contract and fiber optic service.
4636-JGAAI,No,0.6013,60,High,Month-to-month,Fiber optic,Mailed check,34,88.85,Month-to-month contract,Fiber optic service,Associated with month-to-month contract and fiber optic service.
8267-KFGYD,No,0.6011,60,High,Month-to-month,No,Mailed check,1,21.05,Month-to-month contract,Short tenure,Associated with month-to-month contract and short tenure.
7730-IUTDZ,Yes,0.601,60,High,Month-to-month,Fiber optic,Electronic check,43,75.2,Month-to-month contract,Fiber optic service,Associated with month-to-month contract and fiber optic service.
2043-WVTQJ,No,0.6001,60,High,Month-to-month,DSL,Mailed check,1,55.7,Month-to-month contract,Short tenure,Associated with month-to-month contract and short tenure.
2002-MZHWP,Yes,0.5996,60,High,Month-to-month,No,Mailed check,1,20.5,Month-to-month contract,Short tenure,Associated with month-to-month contract and short tenure.
9753-OYLBX,No,0.5996,60,High,Month-to-month,No,Mailed check,1,20.5,Month-to-month contract,Short tenure,Associated with month-to-month contract and short tenure.
7993-NQLJE,No,0.5995,60,High,Month-to-month,Fiber optic,Mailed check,15,75.1,Month-to-month contract,Fiber optic service,Associated with month-to-month contract and fiber optic service.
6141-OOXUQ,Yes,0.5995,60,High,Month-to-month,No,Mailed check,1,19.65,Month-to-month contract,Short tenure,Associated with month-to-month contract and short tenure.
3785-NRHYR,No,0.5995,60,High,Month-to-month,No,Mailed check,1,19.65,Month-to-month contract,Short tenure,Associated with month-to-month contract and short tenure.
8066-POXGX,Yes,0.5993,60,High,Month-to-month,DSL,Electronic check,13,35.1,Month-to-month contract,Electronic check payment,Associated with month-to-month contract and electronic check payment.
6986-IJDHX,Yes,0.5992,60,High,Month-to-month,Fiber optic,Mailed check,39,86.3,Month-to-month contract,Fiber optic service,Associated with month-to-month contract and fiber optic service.
6581-NQCBA,Yes,0.5992,60,High,Month-to-month,DSL,Electronic check,16,49.95,Month-to-month contract,Electronic check payment,Associated with month-to-month contract and electronic check payment.
5419-JKZNQ,No,0.599,60,High,Month-to-month,Fiber optic,Mailed check,30,77.9,Month-to-month contract,Fiber optic service,Associated with month-to-month contract and fiber optic service.
4130-MZLCC,No,0.5988,60,High,Month-to-month,DSL,Bank transfer (automatic),5,50.55,Month-to-month contract,Short tenure,Associated with month-to-month contract and short tenure.
6769-DYBQN,Yes,0.5988,60,High,Month-to-month,Fiber optic,Electronic check,46,85.0,Month-to-month contract,Fiber optic service,Associated with month-to-month contract and fiber optic service.
5404-GGUKR,No,0.5983,60,High,Month-to-month,DSL,Electronic check,5,51.35,Month-to-month contract,Short tenure,Associated with month-to-month contract and short tenure.
0177-PXBAT,No,0.5982,60,High,Month-to-month,Fiber optic,Bank transfer (automatic),33,109.9,Month-to-month contract,Fiber optic service,Associated with month-to-month contract and fiber optic service.
5027-XWQHA,Yes,0.5982,60,High,Month-to-month,DSL,Electronic check,6,44.75,Month-to-month contract,Short tenure,Associated with month-to-month contract and short tenure.
1349-WXNGG,Yes,0.5982,60,High,Month-to-month,No,Bank transfer (automatic),1,20.05,Month-to-month contract,Short tenure,Associated with month-to-month contract and short tenure.
2240-HSJQD,No,0.5981,60,High,Month-to-month,Fiber optic,Mailed check,38,81.85,Month-to-month contract,Fiber optic service,Associated with month-to-month contract and fiber optic service.
9408-HRXRK,No,0.5981,60,High,Month-to-month,Fiber optic,Electronic check,45,105.15,Month-to-month contract,Fiber optic service,Associated with month-to-month contract and fiber optic service.
5371-VYLSX,No,0.5977,60,High,Month-to-month,Fiber optic,Electronic check,50,83.4,Month-to-month contract,Fiber optic service,Associated with month-to-month contract and fiber optic service.
2208-NQBCT,No,0.5974,60,High,Month-to-month,Fiber optic,Electronic check,26,81.95,Month-to-month contract,Fiber optic service,Associated with month-to-month contract and fiber optic service.
6284-AHOOQ,Yes,0.5974,60,High,Month-to-month,Fiber optic,Bank transfer (automatic),22,90.5,Month-to-month contract,Fiber optic service,Associated with month-to-month contract and fiber optic service.
3506-LCJDC,Yes,0.5973,60,High,Month-to-month,No,Bank transfer (automatic),1,19.95,Month-to-month contract,Short tenure,Associated with month-to-month contract and short tenure.
6233-HXJMX,No,0.5972,60,High,Month-to-month,Fiber optic,Credit card (automatic),45,89.3,Month-to-month contract,Fiber optic service,Associated with month-to-month contract and fiber optic service.
3930-ZGWVE,No,0.597,60,High,Month-to-month,No,Mailed check,1,19.75,Month-to-month contract,Short tenure,Associated with month-to-month contract and short tenure.
7239-HZZCX,Yes,0.597,60,High,Month-to-month,No,Mailed check,1,19.75,Month-to-month contract,Short tenure,Associated with month-to-month contract and short tenure.
2479-BRAMR,Yes,0.597,60,High,Month-to-month,Fiber optic,Bank transfer (automatic),41,83.75,Month-to-month contract,Fiber optic service,Associated with month-to-month contract and fiber optic service.
6615-ZGEDR,Yes,0.597,60,High,Month-to-month,No,Mailed check,1,19.7,Month-to-month contract,Short tenure,Associated with month-to-month contract and short tenure.
7243-LCGGZ,No,0.5963,60,High,Month-to-month,No,Mailed check,1,20.9,Month-to-month contract,Short tenure,Associated with month-to-month contract and short tenure.
0426-TIRNE,Yes,0.5963,60,High,Month-to-month,No,Mailed check,1,20.9,Month-to-month contract,Short tenure,Associated with month-to-month contract and short tenure.
7434-SHXLS,Yes,0.5963,60,High,Month-to-month,No,Mailed check,1,20.9,Month-to-month contract,Short tenure,Associated with month-to-month contract and short tenure.
0601-WZHJF,Yes,0.5962,60,High,Month-to-month,DSL,Electronic check,14,46.35,Month-to-month contract,Electronic check payment,Associated with month-to-month contract and electronic check payment.
4745-LSPLO,Yes,0.5962,60,High,Month-to-month,No,Mailed check,1,20.5,Month-to-month contract,Short tenure,Associated with month-to-month contract and short tenure.
6849-WLEYG,Yes,0.5958,60,High,Month-to-month,No,Mailed check,1,19.75,Month-to-month contract,Short tenure,Associated with month-to-month contract and short tenure.
0564-MUUQK,No,0.5955,60,High,Month-to-month,Fiber optic,Bank transfer (automatic),20,95.5,Month-to-month contract,Fiber optic service,Associated with month-to-month contract and fiber optic service.
5215-LNLDJ,No,0.5955,60,High,Month-to-month,DSL,Electronic check,7,24.7,Month-to-month contract,Short tenure,Associated with month-to-month contract and short tenure.
3932-CMDTD,Yes,0.5954,60,High,One year,Fiber optic,Electronic check,4,105.65,Short tenure,Fiber optic service,Associated with short tenure and fiber optic service.
9919-YLNNG,No,0.5953,60,High,Month-to-month,Fiber optic,Bank transfer (automatic),42,103.8,Month-to-month contract,Fiber optic service,Associated with month-to-month contract and fiber optic service.
2684-EIWEO,Yes,0.5953,60,High,Month-to-month,Fiber optic,Credit card (automatic),30,91.7,Month-to-month contract,Fiber optic service,Associated with month-to-month contract and fiber optic service.
8329-IBCTI,Yes,0.595,60,High,Month-to-month,No,Mailed check,1,19.65,Month-to-month contract,Short tenure,Associated with month-to-month contract and short tenure.
7721-DVEKZ,No,0.595,60,High,Month-to-month,No,Mailed check,1,19.65,Month-to-month contract,Short tenure,Associated with month-to-month contract and short tenure.
0970-QXPXW,No,0.595,60,High,Month-to-month,No,Mailed check,1,19.65,Month-to-month contract,Short tenure,Associated with month-to-month contract and short tenure.
